owner,repo,lang,n_runs_90d,n_workflows,n_test_workflows,verdict,failing_call,status,exception_class
davidb,scala-maven-plugin,Java,189,3,1,kept,,,
tcurdt,jdeb,Java,64,3,1,no_ci,,,
mongodb,mongo-java-driver,Java,204,6,0,no_test_workflow,,,
nodebox,nodebox,Java,36,4,1,no_ci,,,
apache,zookeeper,Java,427,5,3,kept,,,
apache,cassandra,Java,329,5,1,kept,,,
apache,camel,Java,39589,28,10,kept,,,
apache,hive,Java,2884,10,1,kept,,,
apache,maven,Java,3938,8,2,kept,,,
apache,nutch,Java,442,6,1,kept,,,
apache,commons-lang,Java,1318,8,2,kept,,,
apache,activemq,Java,1593,8,4,kept,,,
apache,avro,Java,4287,30,18,kept,,,
jdbi,jdbi,Java,444,11,7,kept,,,
apache,tika,Java,3026,24,18,kept,,,
apache,httpcomponents-client,Java,413,4,1,kept,,,
apache,commons-io,Java,346,5,1,kept,,,
apache,wicket,Java,274,3,2,kept,,,
apache,commons-collections,Java,728,6,1,kept,,,
qos-ch,logback,Java,0,2,1,no_ci,,,
apache,shiro,Java,1681,14,3,kept,,,
haraldk,twelvemonkeys,Java,332,4,1,kept,,,
liferay,liferay-portal,Java,274,27,18,kept,,,
apache,pdfbox,Java,220,1,0,no_test_workflow,,,
jhy,jsoup,Java,414,5,2,kept,,,
elastic,elasticsearch,Java,71527,14,3,kept,,,
dropwizard,metrics,Java,1319,8,1,kept,,,
hierynomus,sshj,Java,38,4,1,no_ci,,,
flyingsaucerproject,flyingsaucer,Java,295,4,1,kept,,,
jenkinsci,git-plugin,Java,819,8,0,no_test_workflow,,,
bndtools,bnd,Java,1633,14,2,kept,,,
cdk,cdk,Java,57,6,1,no_ci,,,
graylog2,graylog2-server,Java,22491,16,3,kept,,,
apache,jmeter,Java,241,7,4,kept,,,
apache,mina-sshd,Java,25,5,3,no_ci,,,
atmosphere,atmosphere,Java,6218,30,16,kept,,,
wildfly,wildfly,Java,5592,14,11,kept,,,
mixpanel,mixpanel-android,Java,507,15,2,kept,,,
apache,karaf,Java,943,6,3,kept,,,
nysenate,openlegislation,Java,41,1,0,no_ci,,,
robolectric,robolectric,Java,4561,10,4,kept,,,
rabbitmq,rabbitmq-tutorials,Java,391,2,0,no_test_workflow,,,
rabbitmq,rabbitmq-java-client,Java,821,9,4,kept,,,
dcm4che,dcm4che,Java,27,1,1,no_ci,,,
hibernate,hibernate-orm,Java,5278,9,4,kept,,,
enginehub,worldedit,Java,414,2,1,kept,,,
hibernate,hibernate-validator,Java,754,7,3,kept,,,
hibernate,hibernate-search,Java,768,6,3,kept,,,
rest-assured,rest-assured,Java,46,2,1,no_ci,,,
netty,netty,Java,5726,17,5,kept,,,
plantuml,plantuml,Java,1530,16,5,kept,,,
infinispan,infinispan,Java,10546,30,7,kept,,,
jpos,jpos,Java,66,3,2,no_ci,,,
spring-projects,spring-data-jpa,Java,658,10,1,kept,,,
spring-projects,spring-batch,Java,208,13,3,kept,,,
spring-projects,spring-amqp,Java,1019,21,3,kept,,,
spring-projects,spring-data-commons,Java,348,10,1,kept,,,
jenkinsci,jenkins,Java,4651,11,0,no_test_workflow,,,
enginehub,worldguard,Java,16,1,1,no_ci,,,
spring-projects,spring-framework,Java,1836,17,2,kept,,,
rstudio,rstudio,Java,2568,30,17,kept,,,
validator,validator,Java,1562,10,2,kept,,,
spockframework,spock,Java,1368,6,0,no_test_workflow,,,
fasterxml,jackson-dataformat-xml,Java,405,6,2,kept,,,
sonarsource,sonarqube,Java,158,2,1,kept,,,
osmandapp,osmand,Java,2206,6,2,kept,,,
dropwizard,dropwizard,Java,1254,11,1,kept,,,
jnr,jnr-ffi,Java,25,2,1,no_ci,,,
structr,structr,Java,0,3,1,no_ci,,,
git-commit-id,git-commit-id-maven-plugin,Java,100,3,1,kept,,,
movingblocks,terasology,Java,193,7,0,no_test_workflow,,,
asynchttpclient,async-http-client,Java,1070,6,2,kept,,,
xwiki,xwiki-platform,Java,1263,5,0,no_test_workflow,,,
indy256,codelibrary,Java,148,5,3,kept,,,
archimatetool,archi,Java,469,5,4,kept,,,
apache,bookkeeper,Java,1063,14,5,kept,,,
kong,unirest-java,Java,131,6,1,kept,,,
java-native-access,jna,Java,71,4,1,no_ci,,,
jodaorg,joda-time,Java,102,7,2,kept,,,
mvel,mvel,Java,10,4,0,no_ci,,,
cometd,cometd,Java,134,1,0,no_test_workflow,,,
eclipse-vertx,vert.x,Java,779,6,5,kept,,,
wisser,jailer,Java,179,1,0,no_test_workflow,,,
jsqlparser,jsqlparser,Java,20,3,1,no_ci,,,
google,truth,Java,378,3,1,kept,,,
mendhak,gpslogger,Java,110,4,2,kept,,,
cucumber,cucumber-jvm,Java,781,9,2,kept,,,
angryip,ipscan,Java,28,3,1,no_ci,,,
msgpack,msgpack-java,Java,269,9,1,kept,,,
tony19,logback-android,Java,783,9,1,kept,,,
alkacon,opencms-core,Java,0,0,0,no_ci,,,
spring-projects,spring-data-redis,Java,476,10,1,kept,,,
swagger-api,swagger-core,Java,884,13,2,kept,,,
liquibase,liquibase,Java,5187,30,6,kept,,,
cgeo,cgeo,Java,5222,12,5,kept,,,
opentripplanner,opentripplanner,Java,4579,9,3,kept,,,
spring-projects,spring-integration,Java,1994,22,3,kept,,,
jetbrains,grammar-kit,Java,40,3,1,no_ci,,,
stripe,stripe-java,Java,723,5,1,kept,,,
apache,kafka,Java,31667,28,6,kept,,,
jshiell,checkstyle-idea,Java,92,3,1,no_ci,,,
apereo,cas,Java,40,15,6,no_ci,,,
restfb,restfb,Java,195,6,0,no_test_workflow,,,
apache,ambari,Java,33,1,0,no_ci,,,
spring-projects,spring-data-neo4j,Java,268,10,1,kept,,,
apache,tomcat,Java,3729,9,2,kept,,,
apache,accumulo,Java,892,5,1,kept,,,
zxing,zxing,Java,405,7,3,kept,,,
spring-projects,spring-data-mongodb,Java,387,10,1,kept,,,
gephi,gephi,Java,92,6,1,no_ci,,,
internetarchive,heritrix3,Java,194,6,1,kept,,,
javaparser,javaparser,Java,1251,5,1,kept,,,
alibaba,druid,Java,179,4,1,kept,,,
geoserver,geoserver,Java,7292,19,10,kept,,,
apache,opennlp,Java,1821,7,2,kept,,,
geotools,geotools,Java,7106,28,23,kept,,,
iandarwin,android-cookbook-examples,Java,3,2,0,no_ci,,,
azure,azure-sdk-for-java,Java,487766,19,3,kept,,,
resteasy,resteasy,Java,1972,10,6,kept,,,
restlet,restlet-framework-java,Java,128,7,1,kept,,,
fasterxml,jackson-core,Java,416,10,3,kept,,,
fasterxml,jackson-annotations,Java,42,2,0,no_ci,,,
togglz,togglz,Java,316,9,1,kept,,,
mcmmo-dev,mcmmo,Java,101,4,1,kept,,,
spring-projects,spring-security,Java,2221,16,5,kept,,,
imagej,imagej,Java,7,1,1,no_ci,,,
minecraftforge,minecraftforge,Java,631,10,0,no_test_workflow,,,
pac4j,pac4j,Java,1286,4,1,kept,,,
lukas-krecan,jsonunit,Java,290,3,1,kept,,,
knowm,xchange,Java,1749,18,2,kept,,,
selenide,selenide,Java,814,6,3,kept,,,
pgjdbc,pgjdbc,Java,4455,16,7,kept,,,
cloudfoundry,uaa,Java,3824,16,4,kept,,,
oshi,oshi,Java,4223,18,7,kept,,,
igvteam,igv,Java,34,4,1,no_ci,,,
spring-projects,spring-shell,Java,126,12,4,kept,,,
citizensdev,citizens2,Java,0,0,0,no_ci,,,
graphhopper,graphhopper,Java,577,8,1,kept,,,
nroduit,weasis,Java,219,7,2,kept,,,
iiordanov,remote-desktop-clients,Java,0,0,0,no_ci,,,
apereo,java-cas-client,Java,104,2,1,kept,,,
spring-projects,spring-data-rest,Java,280,10,1,kept,,,
dotcms,core,Java,34275,30,13,kept,,,
dspace,dspace,Java,5545,12,1,kept,,,
ibotpeaches,apktool,Java,215,8,2,kept,,,
pentaho,mondrian,Java,4,4,0,no_ci,,,
hazelcast,hazelcast,Java,120,8,0,no_test_workflow,,,
waffle,waffle,Java,586,12,2,kept,,,
wala,wala,Java,1036,3,0,no_test_workflow,,,
traccar,traccar,Java,397,4,1,kept,,,
anysoftkeyboard,anysoftkeyboard,Java,862,14,0,no_test_workflow,,,
jfinal,jfinal,Java,0,0,0,no_ci,,,
magefree,mage,Java,5188,4,1,kept,,,
tordanik,osm2world,Java,3,1,1,no_ci,,,
spring-projects,spring-hateoas,Java,229,5,2,kept,,,
thymeleaf,thymeleaf,Java,4,1,0,no_ci,,,
i2p,i2p.i2p,Java,521,6,1,kept,,,
jknack,handlebars.java,Java,25,2,1,no_ci,,,
mapstruct,mapstruct,Java,323,9,3,kept,,,
wolpi,prim-ftpd,Java,3,1,1,no_ci,,,
universalmediaserver,universalmediaserver,Java,1050,6,2,kept,,,
dadoonet,fscrawler,Java,1586,11,2,kept,,,
sirixdb,sirix,Java,964,8,3,kept,,,
objectify,objectify,Java,0,0,0,no_ci,,,
geonetwork,core-geonetwork,Java,2916,9,2,kept,,,
airlift,airlift,Java,1101,6,1,kept,,,
apache,dubbo,Java,776,8,4,kept,,,
mit-cml,appinventor-sources,Java,0,2,1,no_ci,,,
winder,universal-g-code-sender,Java,124,5,2,kept,,,
damianszczepanik,cucumber-reporting,Java,131,5,1,kept,,,
jacoco,jacoco,Java,793,4,2,kept,,,
pmd,pmd,Java,2293,12,3,kept,,,
ron190,jsql-injection,Java,37,8,2,no_ci,,,
undertow-io,undertow,Java,65,1,1,no_ci,,,
ignatov,intellij-erlang,Java,18,4,2,no_ci,,,
openmrs,openmrs-core,Java,4872,18,3,kept,,,
antennapod,antennapod,Java,1380,13,0,no_test_workflow,,,
prestodb,presto,Java,57257,30,15,kept,,,
libgdx,libgdx,Java,352,5,2,kept,,,
mekanism,mekanism,Java,659,5,1,kept,,,
robo-code,robocode,Java,107,4,2,kept,,,
apache,drill,Java,376,6,3,kept,,,
sonarsource,sonar-java,Java,5866,21,2,kept,,,
wyvernlang,wyvern,Java,38,1,0,no_ci,,,
activiti,activiti,Java,1988,14,3,kept,,,
ebean-orm,ebean,Java,882,16,2,kept,,,
freeplane,freeplane,Java,278,5,1,kept,,,
wiglenet,wigle-wifi-wardriving,Java,49,1,1,no_ci,,,
automattic,simplenote-android,Java,520,7,3,kept,,,
openrocket,openrocket,Java,87,3,1,no_ci,,,
spigotmc,bungeecord,Java,224,3,1,kept,,,
mockito,mockito,Java,119,2,1,kept,,,
openrefine,openrefine,Java,833,11,2,kept,,,
spring-projects,spring-boot,Java,2940,15,3,kept,,,
killbill,killbill,Java,204,9,1,kept,,,
apache,druid,Java,10037,19,3,kept,,,
ovirt,ovirt-engine,Java,164,4,1,kept,,,
ukanth,afwall,Java,5,2,2,no_ci,,,
jonasoreland,runnerup,Java,107,4,1,kept,,,
haiwen,seadroid,Java,0,1,1,no_ci,,,
linkedin,rest.li,Java,34,4,1,no_ci,,,
hawtio,hawtio,Java,2494,12,4,kept,,,
orientechnologies,orientdb,Java,537,5,1,kept,,,
flyway,flyway,Java,43,5,1,no_ci,,,
lwjgl,lwjgl3,Java,34,3,1,no_ci,,,
pebbletemplates,pebble,Java,252,3,1,kept,,,
apache,jena,Java,26,6,4,no_ci,,,
oracle,opengrok,Java,625,11,1,kept,,,
reactivex,rxjava,Java,2408,18,6,kept,,,
lealone,lealone,Java,0,1,0,no_ci,,,
jetbrains,jediterm,Java,62,3,1,no_ci,,,
alibaba,canal,Java,36,2,1,no_ci,,,
seleniumhq,selenium,Java,11632,30,10,kept,,,
threeten,threetenbp,Java,120,8,1,kept,,,
slimeknights,tinkersconstruct,Java,0,0,0,no_ci,,,
processing,processing,Java,92,2,0,no_ci,,,
koral--,android-gif-drawable,Java,16,2,0,no_ci,,,
prometheus,client_java,Java,9838,28,5,kept,,,
bastillion-io,bastillion,Java,2251,5,1,kept,,,
mybatis,generator,Java,395,10,2,kept,,,
mybatis,jpetstore-6,Java,760,12,1,kept,,,
ikarus23,mifareclassictool,Java,9,1,1,no_ci,,,
undera,jmeter-plugins,Java,81,3,1,no_ci,,,
mybatis,mybatis-3,Java,356,8,1,kept,,,
mybatis,spring,Java,233,10,1,kept,,,
yegor256,rultor,Java,3098,14,1,kept,,,
orcid,orcid-source,Java,676,14,3,kept,,,
authme,authmereloaded,Java,131,5,2,kept,,,
elastic,elasticsearch-hadoop,Java,156,6,1,kept,,,
netflix,zuul,Java,711,8,2,kept,,,
finmath,finmath-lib,Java,106,3,1,kept,,,
skylot,jadx,Java,108,4,2,kept,,,
athou,commafeed,Java,1233,2,1,kept,,,
forge,roaster,Java,119,4,1,kept,,,
maxmind,geoip2-java,Java,1681,13,1,kept,,,
quantumbadger,redreader,Java,107,1,1,kept,,,
haehnchen,idea-php-symfony2-plugin,Java,145,1,1,kept,,,
apache,tez,Java,166,2,1,kept,,,
crate,crate,Java,10048,11,0,no_test_workflow,,,
morphiaorg,morphia,Java,133,11,1,kept,,,
eugenp,tutorials,Java,0,0,0,no_ci,,,
spring-projects,spring-data-elasticsearch,Java,308,10,1,kept,,,
apache,cloudstack,Java,14536,24,3,kept,,,
lindenb,jvarkit,Java,2,2,0,no_ci,,,
consulo,consulo,Java,1694,8,0,no_test_workflow,,,
wildfly,quickstart,Java,749,30,28,kept,,,
j-easy,easy-random,Java,17,3,1,no_ci,,,
google,auto,Java,323,3,1,kept,,,
jboss-javassist,javassist,Java,1,1,1,no_ci,,,
nextcloud,news-android,Java,410,5,1,kept,,,
javalite,javalite,Java,25,1,0,no_ci,,,
bcgit,bc-java,Java,40,2,0,no_ci,,,
openhft,chronicle-queue,Java,101,2,0,no_test_workflow,,,
uwolfer,gerrit-intellij-plugin,Java,86,4,1,no_ci,,,
sksamuel,scrimage,Java,1500,6,1,kept,,,
spring-io,initializr,Java,171,7,2,kept,,,
apache,logging-log4j2,Java,1518,13,1,kept,,,
openfeign,feign,Java,682,3,1,kept,,,
keycloak,keycloak,Java,37330,26,6,kept,,,
immutables,immutables,Java,26,1,1,no_ci,,,
apache,commons-pool,Java,186,6,2,kept,,,
bumptech,glide,Java,1924,2,1,kept,,,
dependencytrack,dependency-track,Java,10077,19,8,kept,,,
easymock,objenesis,Java,217,4,1,kept,,,
ontop,ontop,Java,25,2,1,no_ci,,,
wmixvideo,nfe,Java,252,7,1,kept,,,
bobbylight,rsyntaxtextarea,Java,307,3,1,kept,,,
languagetool-org,languagetool,Java,508,5,0,no_test_workflow,,,
protegeproject,webprotege,Java,0,0,0,no_ci,,,
komoot,photon,Java,61,3,1,no_ci,,,
peergos,peergos,Java,265,2,1,kept,,,
scireum,s3ninja,Java,89,3,0,no_ci,,,
checkstyle,checkstyle,Java,74335,30,2,kept,,,
atlauncher,atlauncher,Java,1078,7,0,no_test_workflow,,,
ical4j,ical4j,Java,259,11,3,kept,,,
jcabi,jcabi-aspects,Java,946,12,1,kept,,,
codelibs,fess,Java,318,4,1,kept,,,
corfudb,corfudb,Java,325,8,5,kept,,,
konsoletyper,teavm,Java,100,2,1,kept,,,
torakiki,pdfsam,Java,132,5,1,kept,,,
torakiki,sejda,Java,55,5,2,no_ci,,,
optimatika,ojalgo,Java,318,6,1,kept,,,
brettwooldridge,hikaricp,Java,26,3,1,no_ci,,,
pentaho,pentaho-kettle,Java,259,5,0,no_test_workflow,,,
linkedin,ambry,Java,68,1,1,no_ci,,,
iqss,dataverse,Java,4953,27,5,kept,,,
apache,storm,Java,2044,9,2,kept,,,
inria,spoon,Java,1452,12,1,kept,,,
bitcoinj,bitcoinj,Java,347,8,7,kept,,,
cellularprivacy,android-imsi-catcher-detector,Java,0,0,0,no_ci,,,
igniterealtime,spark,Java,542,2,1,kept,,,
raphw,byte-buddy,Java,172,8,2,kept,,,
itext,itextpdf,Java,0,0,0,no_ci,,,
signalapp,signal-server,Java,154,4,2,kept,,,
javers,javers,Java,0,0,0,no_ci,,,
gocd,gocd,Java,994,4,0,no_test_workflow,,,
jenetics,jenetics,Java,75,2,1,no_ci,,,
evolveum,midpoint,Java,1237,3,0,no_test_workflow,,,
hcoles,pitest,Java,113,4,1,kept,,,
redisson,redisson,Java,874,5,1,kept,,,
apache,helix,Java,245,6,4,kept,,,
abrensch,brouter,Java,70,3,1,no_ci,,,
apache,struts,Java,1544,8,0,no_test_workflow,,,
glowroot,glowroot,Java,1298,4,2,kept,,,
vavr-io,vavr,Java,680,9,2,kept,,,
google,j2objc,Java,336,2,1,kept,,,
cryptomator,cryptomator,Java,3330,27,8,kept,,,
mucommander,mucommander,Java,179,3,3,kept,,,
igniterealtime,smack,Java,17,1,1,no_ci,,,
wallabag,android-app,Java,170,3,2,kept,,,
apache,cxf,Java,1643,5,1,kept,,,
dnsjava,dnsjava,Java,170,5,1,kept,,,
prometheus,jmx_exporter,Java,37,6,2,no_ci,,,
exercism,java,Java,213,10,1,kept,,,
apache,curator,Java,15,2,1,no_ci,,,
domaframework,doma,Java,607,7,2,kept,,,
erudika,para,Java,35,4,0,no_ci,,,
jabref,jabref,Java,94359,30,4,kept,,,
bisq-network,bisq,Java,1924,11,3,kept,,,
fabric8io,docker-maven-plugin,Java,1459,15,7,kept,,,
broadinstitute,picard,Java,57,5,2,no_ci,,,
javadev,underscore-java,Java,290,9,3,kept,,,
xipki,xipki,Java,68,3,1,no_ci,,,
appium,java-client,Java,86,6,2,no_ci,,,
google,closure-templates,Java,447,1,0,no_test_workflow,,,
wso2,product-is,Java,3611,23,8,kept,,,
bytedeco,javacpp-presets,Java,216,30,0,no_test_workflow,,,
swagger-api,swagger-parser,Java,399,15,2,kept,,,
bladecoder,bladecoder-adventure-engine,Java,21,2,1,no_ci,,,
questdb,questdb,Java,23706,21,8,kept,,,
waikato,moa,Java,0,2,1,no_ci,,,
teammates,teammates,Java,10319,16,6,kept,,,
jmetal,jmetal,Java,55,5,3,no_ci,,,
foxinmy,weixin4j,Java,10,1,0,no_ci,,,
openhab,openhab-addons,Java,3403,10,3,kept,,,
quickfix-j,quickfixj,Java,1088,9,1,kept,,,
moneymanagerex,android-money-manager-ex,Java,339,5,1,kept,,,
jenkinsci,gitlab-plugin,Java,314,8,0,no_test_workflow,,,
apache,hbase,Java,4334,14,1,kept,,,
google,guice,Java,65,2,1,no_ci,,,
google,guava,Java,1796,7,2,kept,,,
docker-java,docker-java,Java,71,5,1,no_ci,,,
apache,phoenix,Java,40,3,0,no_ci,,,
apache,flink,Java,1707,14,2,kept,,,
wso2,product-apim,Java,534,7,2,kept,,,
bazelbuild,bazel,Java,9563,16,0,no_test_workflow,,,
spring-cloud,spring-cloud-config,Java,448,12,1,kept,,,
opengamma,strata,Java,1,2,0,no_ci,,,
spring-projects,spring-session,Java,1956,12,4,kept,,,
apache,calcite,Java,2576,11,3,kept,,,
freerouting,freerouting,Java,2130,15,2,kept,,,
aws-amplify,aws-sdk-android,Java,46,9,0,no_ci,,,
spring-cloud,spring-cloud-netflix,Java,368,10,1,kept,,,
blazebit,blaze-persistence,Java,211,4,3,kept,,,
codecentric,spring-boot-admin,Java,1010,10,2,kept,,,
alfio-event,alf.io,Java,354,4,3,kept,,,
apache,ranger,Java,1192,13,4,kept,,,
gaul,s3proxy,Java,365,3,1,kept,,,
cdapio,cdap,Java,1250,7,5,kept,,,
xerial,sqlite-jdbc,Java,101,4,2,kept,,,
iluwatar,java-design-patterns,Java,396,5,2,kept,,,
classgraph,classgraph,Java,85,2,1,no_ci,,,
google,error-prone,Java,1189,4,1,kept,,,
davidmoten,rtree,Java,78,2,1,no_ci,,,
apache,hadoop,Java,4330,26,13,kept,,,
btraceio,btrace,Java,2420,14,3,kept,,,
spongepowered,spongeapi,Java,148,4,0,no_test_workflow,,,
esapi,esapi-java-legacy,Java,5,4,1,no_ci,,,
payara,payara,Java,230,9,0,no_test_workflow,,,
lcm-proj,lcm,Java,90,6,4,no_ci,,,
gumtreediff,gumtree,Java,205,2,0,no_test_workflow,,,
appliedenergistics,applied-energistics-2,Java,453,8,2,kept,,,
greenmail-mail-test,greenmail,Java,426,4,1,kept,,,
yegor256,takes,Java,2973,17,1,kept,,,
googleapis,google-http-java-client,Java,1014,9,1,kept,,,
openhft,chronicle-wire,Java,1,2,0,no_ci,,,
spring-cloud,spring-cloud-zookeeper,Java,355,10,1,kept,,,
esig,dss,Java,2,1,0,no_ci,,,
apache,tinkerpop,Java,1785,4,1,kept,,,
zendesk,maxwell,Java,76,6,1,no_ci,,,
jenkinsci,kubernetes-plugin,Java,1423,6,0,no_test_workflow,,,
joml-ci,joml,Java,147,5,2,kept,,,
apache,ignite,Java,5692,12,2,kept,,,
microcks,microcks,Java,1324,12,5,kept,,,
openhft,chronicle-core,Java,0,0,0,no_ci,,,
elki-project,elki,Java,15,3,1,no_ci,,,
aimacode,aima-java,Java,0,0,0,no_ci,,,
apache,openmeetings,Java,143,2,1,kept,,,
bonigarcia,webdrivermanager,Java,428,9,1,kept,,,
psi-probe,psi-probe,Java,987,12,1,kept,,,
google,gson,Java,862,9,3,kept,,,
jplag,jplag,Java,4287,30,9,kept,,,
yacy,yacy_search_server,Java,72,4,2,no_ci,,,
mysql,mysql-connector-j,Java,0,0,0,no_ci,,,
apache,zeppelin,Java,2105,9,1,kept,,,
googlecloudplatform,java-docs-samples,Java,332,2,0,no_test_workflow,,,
jqno,equalsverifier,Java,161,6,3,kept,,,
h2database,h2database,Java,32,1,1,no_ci,,,
amaembo,streamex,Java,3,1,1,no_ci,,,
testcontainers,testcontainers-java,Java,1432,17,5,kept,,,
essentialsx,essentials,Java,275,8,3,kept,,,
apache,groovy,Java,11829,26,12,kept,,,
bbottema,simple-java-mail,Java,10,1,0,no_ci,,,
diffplug,spotless,Java,622,7,1,kept,,,
vaadin,flow,Java,6285,19,3,kept,,,
apache,geode,Java,249,4,1,kept,,,
randoop,randoop,Java,161,3,0,no_test_workflow,,,
minio,minio-java,Java,199,5,2,kept,,,
vigna,fastutil,Java,0,0,0,no_ci,,,
allegro,hermes,Java,397,13,2,kept,,,
resilience4j,resilience4j,Java,107,6,1,kept,,,
zaproxy,zaproxy,Java,1267,24,2,kept,,,
sepinf-inc,iped,Java,97,4,1,no_ci,,,
chatty,chatty,Java,0,0,0,no_ci,,,
javamelody,javamelody,Java,44,2,1,no_ci,,,
bardsoftware,ganttproject,Java,86,7,3,no_ci,,,
mabe02,lanterna,Java,0,0,0,no_ci,,,
typetools,checker-framework,Java,3233,9,1,kept,,,
graphql-java,graphql-java,Java,768,14,2,kept,,,
spring-cloud,spring-cloud-stream,Java,273,11,2,kept,,,
fabric8io,kubernetes-client,Java,4600,18,7,kept,,,
apache,james-project,Java,6,1,0,no_ci,,,
aliyun,aliyun-openapi-java-sdk,Java,65,3,1,no_ci,,,
triplea-game,triplea,Java,1460,10,0,no_test_workflow,,,
arianne,stendhal,Java,34,5,2,no_ci,,,
pengrad,java-telegram-bot-api,Java,9,4,2,no_ci,,,
sanluan,publiccms,Java,68,5,2,no_ci,,,
linkedin,brooklin,Java,129,1,1,kept,,,
scalecube,scalecube-services,Java,53,6,1,no_ci,,,
android,android-test,Java,166,2,1,kept,,,
dsheirer,sdrtrunk,Java,61,2,1,no_ci,,,
teamnewpipe,newpipe,Java,3252,8,1,kept,,,
etar-group,etar-calendar,Java,107,2,1,kept,,,
apache,freemarker,Java,24,1,1,no_ci,,,
apache,shardingsphere-elasticjob,Java,122,6,2,kept,,,
jpmml,jpmml-sklearn,Java,7,1,0,no_ci,,,
mybatis,spring-boot-starter,Java,353,10,1,kept,,,
tsantalis,refactoringminer,Java,1423,6,2,kept,,,
react-native-share,react-native-share,Java,322,8,2,kept,,,
castorini,anserini,Java,226,5,1,kept,,,
vladmihalcea,high-performance-java-persistence,Java,0,1,0,no_ci,,,
dbeaver,dbeaver,Java,5313,7,1,kept,,,
termux,termux-app,Java,82,10,5,no_ci,,,
nats-io,nats.java,Java,332,7,3,kept,,,
xuxueli,xxl-job,Java,45,3,1,no_ci,,,
adobe,aem-core-wcm-components,Java,448,7,1,kept,,,
gerritcodereview,gerrit,Java,2,1,0,no_ci,,,
bootique,bootique,Java,18,1,0,no_ci,,,
openhab,openhab-core,Java,1346,9,3,kept,,,
apache,fineract,Java,6016,30,10,kept,,,
konloch,bytecode-viewer,Java,1,1,1,no_ci,,,
roncoo,roncoo-education,Java,0,1,0,no_ci,,,
alibaba,jetcache,Java,71,3,1,no_ci,,,
lionsoul2014,ip2region,Java,0,3,0,no_ci,,,
lawnchairlauncher,lawnchair,Java,1061,12,1,kept,,,
hs-web,hsweb-framework,Java,23,4,2,no_ci,,,
tls-attacker,tls-attacker,Java,3,3,0,no_ci,,,
tencent,tencentkona-8,Java,7,2,1,no_ci,,,
spring-projects,spring-restdocs,Java,60,9,2,no_ci,,,
hantsy,spring-reactive-sample,Java,1787,30,0,no_test_workflow,,,
foobnix,librerareader,Java,34,1,0,no_ci,,,
automvc,bee,Java,0,0,0,no_ci,,,
mezz,justenoughitems,Java,1723,7,3,kept,,,
bluemap-minecraft,bluemap,Java,127,3,1,kept,,,
objectbox,objectbox-java,Java,102,2,0,no_test_workflow,,,
emanuele-f,pcapdroid,Java,181,5,4,kept,,,
drewnoakes,metadata-extractor,Java,31,5,2,no_ci,,,
kaikramer,keystore-explorer,Java,155,5,1,kept,,,
apache,commons-math,Java,161,6,2,kept,,,
exch-bms2,beatoraja,Java,0,1,0,no_ci,,,
replaymod,replaymod,Java,0,0,0,no_ci,,,
88250,symphony,Java,23,3,1,no_ci,,,
audiveris,audiveris,Java,30,10,5,no_ci,,,
hivemq,hivemq-mqtt-client,Java,243,6,1,kept,,,
openwms,org.openwms,Java,100,2,2,kept,,,
yermak,audiobookconverter,Java,0,2,0,no_ci,,,
jctools,jctools,Java,46,3,1,no_ci,,,
javahongxi,whatsmars,Java,7,2,1,no_ci,,,
zhkl0228,unidbg,Java,2,1,0,no_ci,,,
controlsfx,controlsfx,Java,23,5,1,no_ci,,,
fengzhizi715,netdiscovery,Java,13,1,0,no_ci,,,
ingozenz,personaldnsfilter,Java,0,0,0,no_ci,,,
carguo,gsyvideoplayer,Java,24,5,1,no_ci,,,
allure-framework,allure2,Java,1745,11,3,kept,,,
corretto,corretto-8,Java,262,4,1,kept,,,
moquette-io,moquette,Java,118,6,2,kept,,,
cabaletta,baritone,Java,103,4,2,kept,,,
jenkinsci,configuration-as-code-plugin,Java,1958,5,1,kept,,,
soot-oss,soot,Java,49,2,1,no_ci,,,
softinstigate,restheart,Java,158,10,1,kept,,,
jformdesigner,flatlaf,Java,30,5,1,no_ci,,,
qupath,qupath,Java,81,9,3,no_ci,,,
authorjapps,zerocode,Java,53,5,1,no_ci,,,
chunky-dev,chunky,Java,60,1,1,no_ci,,,
icij,datashare,Java,100,2,0,no_test_workflow,,,
google,mug,Java,3181,5,1,kept,,,
tronprotocol,wallet-cli,Java,28,3,2,no_ci,,,
viaversion,viabackwards,Java,138,4,1,kept,,,
bernie-g,geckolib,Java,0,0,0,no_ci,,,
hbmmods,hbm-s-nuclear-tech-git,Java,93,1,1,no_ci,,,
oracle,visualvm,Java,0,0,0,no_ci,,,
apache,guacamole-client,Java,68,3,1,no_ci,,,
spring-cloud,spring-cloud-consul,Java,345,11,1,kept,,,
rptools,maptool,Java,466,7,2,kept,,,
banq,jivejdon,Java,0,0,0,no_ci,,,
mguessan,davmail,Java,203,3,0,no_test_workflow,,,
paulpacifico,shutter-encoder,Java,0,0,0,no_ci,,,
kalessil,phpinspectionsea,Java,21,1,1,no_ci,,,
netflix,hollow,Java,134,6,1,kept,,,
michaelrocks,libphonenumber-android,Java,15,1,1,no_ci,,,
nationalsecurityagency,datawave,Java,2867,20,7,kept,,,
gurkenlabs,litiengine,Java,777,8,2,kept,,,
jobrunr,jobrunr,Java,11,2,0,no_ci,,,
gedsh,invizible,Java,0,0,0,no_ci,,,
dlsc-software-consulting-gmbh,gemsfx,Java,151,8,1,kept,,,
netflix,mantis,Java,151,5,2,kept,,,
jingzhuanduoying,jzandroidchart,Java,0,2,0,no_ci,,,
querz,mcaselector,Java,3,1,0,no_ci,,,
yegor256,cactoos,Java,1057,14,1,kept,,,
google,tsunami-security-scanner-plugins,Java,183,18,7,kept,,,
foundationdb,fdb-record-layer,Java,5175,11,0,no_test_workflow,,,
secure-software-engineering,flowdroid,Java,0,1,0,no_ci,,,
bbossgroups,bboss-elasticsearch,Java,36,1,0,no_ci,,,
dmulloy2,protocollib,Java,93,7,2,no_ci,,,
intellectualsites,plotsquared,Java,643,8,2,kept,,,
scada-lts,scada-lts,Java,103,5,2,kept,,,
supertokens,supertokens-core,Java,937,25,4,kept,,,
irisshaders,iris,Java,92,3,1,no_ci,,,
grishka,smithereen,Java,71,2,0,no_ci,,,
googlecloudplatform,spring-cloud-gcp,Java,5019,14,4,kept,,,
briar,briar,Java,0,0,0,no_ci,,,
teamgalacticraft,galacticraft,Java,125,7,2,kept,,,
thealgorithms,java,Java,3186,11,1,kept,,,
stleary,json-java,Java,91,2,1,no_ci,,,
jmonkeyengine,jmonkeyengine,Java,1434,12,3,kept,,,
roaringbitmap,roaringbitmap,Java,213,10,6,kept,,,
beemdevelopment,aegis,Java,22,4,1,no_ci,,,
locationtech,jts,Java,62,2,1,no_ci,,,
ta4j,ta4j,Java,4297,23,4,kept,,,
microsoft,mssql-jdbc,Java,283,5,0,no_test_workflow,,,
lucee,lucee,Java,554,12,5,kept,,,
multiverse,multiverse-core,Java,171,15,2,kept,,,
basexdb,basex,Java,389,4,1,kept,,,
eclipse-ee4j,jersey,Java,213,4,0,no_test_workflow,,,
linbit,linstor-server,Java,13,1,1,no_ci,,,
decentralized-identity,universal-resolver,Java,787,10,1,kept,,,
omegat-org,omegat,Java,4983,13,5,kept,,,
scalar-labs,scalardb,Java,3224,30,10,kept,,,
openems,openems,Java,817,9,1,kept,,,
hapifhir,hapi-fhir-jpaserver-starter,Java,445,12,5,kept,,,
alibaba,spring-cloud-alibaba,Java,504,8,1,kept,,,
apache,rocketmq,Java,5762,12,3,kept,,,
ben-manes,caffeine,Java,8700,30,4,kept,,,
williamfiset,algorithms,Java,19,3,1,no_ci,,,
uber,nullaway,Java,727,3,0,no_test_workflow,,,
fasterxml,jackson-databind,Java,1351,11,6,kept,,,
igniterealtime,openfire,Java,1297,7,1,kept,,,
librepdf,openpdf,Java,329,6,1,kept,,,
neamar,kiss,Java,162,5,1,kept,,,
tng,archunit,Java,714,6,3,kept,,,
googleapis,google-cloud-java,Java,113774,30,12,kept,,,
netflix,genie,Java,52,4,1,no_ci,,,
firebase,firebase-android-sdk,Java,15869,30,8,kept,,,
asamk,signal-cli,Java,216,6,2,kept,,,
smartbear,soapui,Java,0,0,0,no_ci,,,
knowm,xchart,Java,376,6,2,kept,,,
schemacrawler,schemacrawler,Java,1349,11,4,kept,,,
codenameone,codenameone,Java,84797,30,8,kept,,,
hneemann,digital,Java,0,0,0,no_ci,,,
belaban,jgroups,Java,278,2,1,kept,,,
google,j2cl,Java,845,5,1,kept,,,
zalando,logbook,Java,447,7,1,kept,,,
nightscoutfoundation,xdrip,Java,142,1,1,kept,,,
countly,countly-sdk-android,Java,273,5,3,kept,,,
biglysoftware,biglybt,Java,23,2,1,no_ci,,,
netflix,spectator,Java,125,4,1,kept,,,
jishenghua,jsherp,Java,0,0,0,no_ci,,,
gnembon,fabric-carpet,Java,38,4,2,no_ci,,,
opennms,opennms,Java,1685,10,0,no_test_workflow,,,
hivemq,hivemq-community-edition,Java,589,9,2,kept,,,
fr3ts0n,androbd,Java,76,3,2,no_ci,,,
nitrite,nitrite-java,Java,253,9,1,kept,,,
docile-alligator,infinity-for-reddit,Java,414,2,1,kept,,,
line,line-bot-sdk-java,Java,1145,8,1,kept,,,
nielsbasjes,yauaa,Java,615,4,1,kept,,,
skriptlang,skript,Java,4442,15,6,kept,,,
renyuneyun,easer,Java,12,2,1,no_ci,,,
thelastpickle,cassandra-reaper,Java,388,5,1,kept,,,
i-net-software,jwebassembly,Java,50,3,2,no_ci,,,
slackapi,java-slack-sdk,Java,471,6,2,kept,,,
plan-player-analytics,plan,Java,777,5,1,kept,,,
apache,ofbiz-framework,Java,3698,10,2,kept,,,
nordic-institute,x-road,Java,1477,18,7,kept,,,
sap,sapmachine,Java,1149,10,6,kept,,,
frostwire,frostwire,Java,704,7,3,kept,,,
networknt,json-schema-validator,Java,74,5,1,no_ci,,,
inception-project,inception,Java,557,6,2,kept,,,
wurst-imperium,wurst7,Java,657,12,3,kept,,,
rieckpil,blog-tutorials,Java,102,5,3,kept,,,
terrafirmacraft,terrafirmacraft,Java,329,3,2,kept,,,
grapheneos,auditor,Java,261,3,2,kept,,,
karakun,openwebstart,Java,0,0,0,no_ci,,,
casid,jte,Java,94,6,2,no_ci,,,
getrebuild,rebuild,Java,551,3,0,no_test_workflow,,,
googlecloudplatform,bank-of-anthos,Java,225,5,1,kept,,,
netease-im,camellia,Java,101,2,1,kept,,,
endava,cats,Java,52,7,2,no_ci,,,
osudroid,osu-droid,Java,697,4,1,kept,,,
incendo,cloud,Java,679,5,2,kept,,,
eszdman,photoncamera,Java,13,2,1,no_ci,,,
648540858,wvp-gb28181-pro,Java,0,1,0,no_ci,,,
palantir,palantir-java-format,Java,1,2,1,no_ci,,,
halo-dev,halo,Java,1095,9,0,no_test_workflow,,,
googlecontainertools,jib,Java,227,7,2,kept,,,
reactor,reactor-core,Java,920,7,2,kept,,,
react-native-webrtc,react-native-webrtc,Java,108,4,3,kept,,,
microg,gmscore,Java,369,5,1,kept,,,
runelite,runelite,Java,326,1,1,kept,,,
line,armeria,Java,2193,15,4,kept,,,
rubenlagus,telegrambots,Java,13,1,0,no_ci,,,
tchiotludo,akhq,Java,1273,8,0,no_test_workflow,,,
apache,servicecomb-java-chassis,Java,81,10,4,no_ci,,,
tlaplus,tlaplus,Java,72,10,4,no_ci,,,
doocs,leetcode,Java,2058,15,0,no_test_workflow,,,
gsantner,markor,Java,91,1,1,no_ci,,,
spring-projects,spring-kafka,Java,1020,21,3,kept,,,
col-e,recaf,Java,117,3,1,kept,,,
googleapis,google-api-java-client,Java,252,8,1,kept,,,
springdoc,springdoc-openapi,Java,23,1,1,no_ci,,,
broadinstitute,gatk,Java,727,11,4,kept,,,
manifold-systems,manifold,Java,56,2,0,no_ci,,,
quarkusio,quarkus-quickstarts,Java,393,6,4,kept,,,
google,conscrypt,Java,285,1,1,kept,,,
apache,systemds,Java,3776,19,6,kept,,,
etcd-io,jetcd,Java,330,6,2,kept,,,
hub4j,github-api,Java,224,8,2,kept,,,
cloudburstmc,nukkit,Java,11,2,0,no_ci,,,
sqlancer,sqlancer,Java,38,2,1,no_ci,,,
afkt,devutils,Java,0,0,0,no_ci,,,
rsksmart,rskj,Java,4490,24,8,kept,,,
giscience,openrouteservice,Java,1374,20,5,kept,,,
corretto,corretto-11,Java,227,9,5,kept,,,
beehive-lab,tornadovm,Java,1527,27,9,kept,,,
viaversion,viaversion,Java,214,5,1,kept,,,
axelor,axelor-open-suite,Java,1752,2,1,kept,,,
elastic,apm-agent-java,Java,1694,21,1,kept,,,
teamnewpipe,newpipeextractor,Java,389,5,1,kept,,,
openidentityplatform,openam,Java,557,8,1,kept,,,
creators-of-create,create,Java,465,5,1,kept,,,
tencentcloud,tencentcloud-sdk-java,Java,0,1,0,no_ci,,,
openremote,openremote,Java,3690,30,8,kept,,,
awslabs,aws-athena-query-federation,Java,5921,13,1,kept,,,
openjdk,jmh,Java,0,1,1,no_ci,,,
jetbrains,jetbrainsruntime,Java,0,8,7,no_ci,,,
skjolber,3d-bin-container-packing,Java,482,8,2,kept,,,
apicurio,apicurio-registry,Java,25588,30,5,kept,,,
vassalengine,vassal,Java,442,4,1,kept,,,
retrooper,packetevents,Java,95,6,0,no_ci,,,
alibaba,arthas,Java,363,14,3,kept,,,
pinpoint-apm,pinpoint,Java,3731,15,1,kept,,,
baomidou,mybatis-plus,Java,158,6,1,kept,,,
tronprotocol,java-tron,Java,2596,14,4,kept,,,
spotbugs,spotbugs,Java,380,9,1,kept,,,
wildfirechat,android-chat,Java,0,1,1,no_ci,,,
linkedin,cruise-control,Java,55,5,1,no_ci,,,
apache,netbeans,Java,337,6,3,kept,,,
commonmark,commonmark-java,Java,59,3,1,no_ci,,,
flutter,flutter-intellij,Java,874,6,0,no_test_workflow,,,
rebooters,androidanimationexercise,Java,2,2,1,no_ci,,,
discord4j,discord4j,Java,426,4,2,kept,,,
vert-x3,vertx-web,Java,606,10,5,kept,,,
eclipse-vertx,vertx-sql-client,Java,354,7,5,kept,,,
dibo-software,diboot,Java,0,0,0,no_ci,,,
yangzongzhuan,ruoyi-vue,Java,17,1,0,no_ci,,,
sagframe,sagacity-sqltoy,Java,0,1,0,no_ci,,,
kirill-grouchnikov,radiance,Java,0,0,0,no_ci,,,
line,centraldogma,Java,246,7,1,kept,,,
pivovarit,parallel-collectors,Java,439,9,2,kept,,,
unicode-org,cldr,Java,3041,19,4,kept,,,
neo4j,graph-data-science,Java,44,2,1,no_ci,,,
open-telemetry,opentelemetry-java-instrumentation,Java,39477,30,13,kept,,,
datageartech,datagear,Java,0,0,0,no_ci,,,
intellectualsites,fastasyncworldedit,Java,1206,10,3,kept,,,
alphawallet,alpha-wallet-android,Java,19,9,4,no_ci,,,
neznamy,tab,Java,62,1,1,no_ci,,,
sparrowwallet,sparrow,Java,39,2,0,no_ci,,,
kestra-io,kestra,Java,26988,30,5,kept,,,
nationalsecurityagency,ghidra,Java,117,4,1,kept,,,
apache,skywalking,Java,970,9,1,kept,,,
alibaba,nacos,Java,5044,13,4,kept,,,
material-components,material-components-android,Java,7,1,0,no_ci,,,
redis,jedis,Java,5358,17,4,kept,,,
tencent,apijson,Java,0,0,0,no_ci,,,
thingsboard,thingsboard,Java,237,6,0,no_test_workflow,,,
openapitools,openapi-generator,Java,19079,30,9,kept,,,
apache,pulsar,Java,5160,13,7,kept,,,
jooq,jooq,Java,2,1,0,no_ci,,,
debezium,debezium,Java,6662,30,16,kept,,,
janusgraph,janusgraph,Java,1566,28,15,kept,,,
flowable,flowable-engine,Java,883,18,12,kept,,,
theonedev,onedev,Java,0,0,0,no_ci,,,
metersphere,metersphere,Java,441,18,1,kept,,,
spring-cloud,spring-cloud-gateway,Java,480,12,2,kept,,,
micrometer-metrics,micrometer,Java,2753,14,1,kept,,,
fishercoder1534,leetcode,Java,57,1,1,no_ci,,,
spring-cloud,spring-cloud-kubernetes,Java,502,13,1,kept,,,
apache,nifi,Java,3470,8,3,kept,,,
rememberber,wepush,Java,13,3,1,no_ci,,,
strimzi,strimzi-kafka-operator,Java,3496,16,4,kept,,,
ant-media,ant-media-server,Java,650,6,1,kept,,,
apache,hudi,Java,60437,21,5,kept,,,
kubernetes-client,java,Java,779,14,1,kept,,,
lukas-krecan,shedlock,Java,712,3,1,kept,,,
reactor,reactor-netty,Java,1295,8,2,kept,,,
jooby-project,jooby,Java,271,4,2,kept,,,
apache,iotdb,Java,26469,27,3,kept,,,
iterate-ch,cyberduck,Java,855,11,3,kept,,,
spring-io,start.spring.io,Java,600,8,2,kept,,,
mapsforge,mapsforge,Java,25,1,1,no_ci,,,
openjdk,loom,Java,0,7,6,no_ci,,,
jline,jline3,Java,1558,8,1,kept,,,
spring-cloud,spring-cloud-function,Java,593,12,1,kept,,,
lets-mica,mica,Java,183,3,1,kept,,,
deltachat,deltachat-android,Java,1630,7,0,no_test_workflow,,,
mybatis,mybatis-dynamic-sql,Java,275,9,1,kept,,,
spring-cloud,spring-cloud-contract,Java,425,5,1,kept,,,
spring-cloud,spring-cloud-openfeign,Java,405,12,1,kept,,,
jbangdev,jbang,Java,1516,15,5,kept,,,
gentics,mesh,Java,0,3,2,no_ci,,,
spring-cloud,spring-cloud-commons,Java,373,11,1,kept,,,
hubspot,jinjava,Java,65,2,1,no_ci,,,
placeholderapi,placeholderapi,Java,29,5,2,no_ci,,,
odpi,egeria,Java,1325,13,0,no_test_workflow,,,
stefan-niedermann,nextcloud-deck,Java,447,5,2,kept,,,
apache,plc4x,Java,1451,14,3,kept,,,
apache,ozone,Java,10872,21,7,kept,,,
google,nomulus,Java,3132,7,0,no_test_workflow,,,
confluentinc,schema-registry,Java,149,3,0,no_test_workflow,,,
aws,aws-sdk-java-v2,Java,9092,19,4,kept,,,
synthetichealth,synthea,Java,74,4,1,no_ci,,,
apache,atlas,Java,458,5,2,kept,,,
bazelbuild,intellij,Java,758,11,0,no_test_workflow,,,
ldtteam,minecolonies,Java,291,4,0,no_test_workflow,,,
openjdk,valhalla,Java,0,7,6,no_ci,,,
oraxen,oraxen,Java,12,2,0,no_ci,,,
openrewrite,rewrite,Java,4283,15,4,kept,,,
projectnessie,nessie,Java,2736,11,3,kept,,,
meteordevelopment,meteor-client,Java,257,4,2,kept,,,
grpc,grpc-java,Java,1776,10,3,kept,,,
haifengl,smile,Java,532,10,2,kept,,,
micronaut-projects,micronaut-core,Java,1794,13,6,kept,,,
awsdocs,aws-doc-sdk-examples,Java,11099,30,1,kept,,,
geysermc,geyser,Java,607,6,2,kept,,,
google,copybara,Java,20,2,0,no_ci,,,
apache,iceberg,Java,48167,30,8,kept,,,
sakaiproject,sakai,Java,2484,8,4,kept,,,
apple,servicetalk,Java,2140,12,6,kept,,,
googlecloudplatform,dataflowtemplates,Java,14253,30,10,kept,,,
batfish,batfish,Java,1047,7,0,no_test_workflow,,,
stargate,stargate,Java,87,13,3,no_ci,,,
muntashirakon,appmanager,Java,119,5,1,kept,,,
minestom,minestom,Java,2233,8,2,kept,,,
townyadvanced,towny,Java,615,12,2,kept,,,
consensys,teku,Java,8632,17,5,kept,,,
idempiere,idempiere,Java,78,3,0,no_ci,,,
mcreator,mcreator,Java,1474,10,1,kept,,,
webauthn4j,webauthn4j,Java,2841,12,3,kept,,,
datadog,dd-trace-java,Java,37669,26,6,kept,,,
smallrye,smallrye-mutiny,Java,227,9,4,kept,,,
oracle,graal,Java,1442,25,20,kept,,,
quarkusio,quarkus,Java,10965,23,10,kept,,,
apache,beam,Java,376597,30,14,kept,,,
vespa-engine,vespa,Java,2652,17,3,kept,,,
networknt,light-4j,Java,2,4,0,no_ci,,,
openliberty,open-liberty,Java,214,5,0,no_test_workflow,,,
open-telemetry,opentelemetry-java,Java,8327,29,5,kept,,,
erudika,scoold,Java,205,5,0,no_test_workflow,,,
ls1intum,artemis,Java,79571,30,3,kept,,,
yangzongzhuan,ruoyi-cloud,Java,17,1,0,no_ci,,,
openjdk,jdk,Java,0,8,6,no_ci,,,
m66b,fairemail,Java,212,2,1,kept,,,
uyuni-project,uyuni,Java,21270,30,12,kept,,,
googleapis,google-api-java-client-services,Java,2049,6,0,no_test_workflow,,,
apache,shardingsphere,Java,8863,21,6,kept,,,
anuken,mindustry,Java,1919,6,4,kept,,,
hapifhir,hapi-fhir,Java,4713,10,2,kept,,,
proninyaroslav,libretorrent,Java,0,0,0,no_ci,,,
dlsc-software-consulting-gmbh,workbenchfx,Java,7,3,1,no_ci,,,
ta-lib,ta-lib,Java,419,12,2,kept,,,
georgewfraser,java-language-server,Java,40,3,1,no_ci,,,
pnoker,iot-dc3,Java,2089,10,3,kept,,,
xonotic,xonotic,Java,3,1,0,no_ci,,,
awspring,spring-cloud-aws,Java,203,6,1,kept,,,
erupts,erupt,Java,82,8,1,no_ci,,,
apache,datasketches-java,Java,125,7,2,kept,,,
smartboot,smart-socket,Java,0,2,0,no_ci,,,
moneytoo,player,Java,12,2,2,no_ci,,,
sonaropencommunity,sonar-cxx,Java,310,4,1,kept,,,
playframework,play1,Java,602,6,1,kept,,,
innoveit,react-native-ble-manager,Java,241,6,0,no_test_workflow,,,
pig-mesh,pig,Java,169,4,1,kept,,,
trinodb,trino,Java,34072,17,3,kept,,,
ongres,stackgres,Java,8,2,0,no_ci,,,
graalvm,graalvm-demos,Java,948,30,12,kept,,,
ctripcorp,x-pipe,Java,266,1,1,kept,,,
yunaiv,ruoyi-vue-pro,Java,58,3,2,no_ci,,,
weizhiqiang1995,erp-pro,Java,0,0,0,no_ci,,,
apache,gobblin,Java,47,4,1,no_ci,,,
athenz,athenz,Java,778,8,1,kept,,,
openlineage,openlineage,Java,3194,13,2,kept,,,
yuria-shikibe,newhorizonmod,Java,231,1,1,kept,,,
pinterest,teletraan,Java,177,7,2,kept,,,
jhipster,prettier-java,Java,788,6,2,kept,,,
mwiede,jsch,Java,294,9,1,kept,,,
dapr,quickstarts,Java,687,11,1,kept,,,
cbioportal,cbioportal,Java,4797,23,6,kept,,,
primefaces,primefaces,Java,1614,15,4,kept,,,
apache,ratis,Java,800,11,4,kept,,,
niumoo,bing-wallpaper,Java,466,2,1,kept,,,
tinylog-org,tinylog,Java,453,4,1,kept,,,
dromara,liteflow,Java,0,0,0,no_ci,,,
apache,lucene,Java,11013,21,5,kept,,,
apache,solr,Java,15350,17,5,kept,,,
volmitsoftware,iris,Java,23,1,1,no_ci,,,
dromara,maxkey,Java,152,2,0,no_test_workflow,,,
jreleaser,jreleaser,Java,199,16,2,kept,,,
ch4mpy,spring-addons,Java,12,1,1,no_ci,,,
dromara,sa-token,Java,1,2,0,no_ci,,,
quiltmc,quilt-loader,Java,21,2,1,no_ci,,,
haveno-dex,haveno,Java,1673,4,1,kept,,,
sketchware-pro,sketchware-pro,Java,0,2,1,no_ci,,,
opensearch-project,opensearch,Java,57228,30,8,kept,,,
deepjavalibrary,djl,Java,1451,25,1,kept,,,
elastic,logstash,Java,6395,29,2,kept,,,
apache,dolphinscheduler,Java,5265,20,3,kept,,,
eclipse-openj9,openj9,Java,9339,7,3,kept,,,
ofdrw,ofdrw,Java,8,3,0,no_ci,,,
mockbukkit,mockbukkit,Java,640,7,1,kept,,,
logisim-evolution,logisim-evolution,Java,3602,10,1,kept,,,
spring-projects,spring-graphql,Java,347,14,1,kept,,,
imagej,imagej2,Java,4,1,1,no_ci,,,
papermc,paper,Java,3458,10,2,kept,,,
dataease,dataease,Java,2748,7,1,kept,,,
ahoo-wang,cosid,Java,1118,15,4,kept,,,
wgzhao,addax,Java,116,6,1,kept,,,
gradle,gradle-profiler,Java,4748,11,0,no_test_workflow,,,
tornaco,thanox,Java,1,6,1,no_ci,,,
apache,pinot,Java,17412,18,6,kept,,,
vazkiimods,quark,Java,183,3,1,kept,,,
vazkiimods,botania,Java,325,3,2,kept,,,
apolloconfig,apollo,Java,1267,21,2,kept,,,
apache,skywalking-java,Java,535,18,12,kept,,,
forcedotcom,dataloader,Java,51,3,0,no_ci,,,
arcadedata,arcadedb,Java,24270,25,8,kept,,,
zinggai,zingg,Java,233,10,4,kept,,,
wiremock,wiremock,Java,517,8,1,kept,,,
spinnaker,spinnaker,Java,9800,30,6,kept,,,
karatelabs,karate,Java,552,9,2,kept,,,
geysermc,mcprotocollib,Java,30,2,2,no_ci,,,
confluentinc,examples,Java,0,0,0,no_ci,,,
naver,fixture-monkey,Java,330,9,3,kept,,,
luckperms,luckperms,Java,49,2,0,no_ci,,,
dogtagpki,pki,Java,8550,30,26,kept,,,
rosemoe,sora-editor,Java,69,1,1,no_ci,,,
papermc,velocity,Java,153,2,1,kept,,,
relativitymc,c2me-fabric,Java,338,3,2,kept,,,
splware,esproc,Java,0,0,0,no_ci,,,
julow,unexpected-keyboard,Java,188,3,1,kept,,,
apache,maven-mvnd,Java,831,6,0,no_test_workflow,,,
purpurmc,purpur,Java,106,1,1,kept,,,
onthegomap,planetiler,Java,319,9,1,kept,,,
trackercontrol,tracker-control-android,Java,407,10,1,kept,,,
apache,hop,Java,3819,7,1,kept,,,
datafaker-net,datafaker,Java,758,11,1,kept,,,
catimaloyalty,android,Java,657,8,2,kept,,,
nextalone,nagram,Java,93,3,1,no_ci,,,
minicraftplus,minicraft-plus-revived,Java,109,3,1,kept,,,
vaadin,hilla,Java,1349,3,0,no_test_workflow,,,
igalia,wolvic,Java,184,7,3,kept,,,
cinit,qauxiliary,Java,189,5,2,kept,,,
spring-projects,spring-data-relational,Java,493,10,1,kept,,,
dtstack,taier,Java,27,5,2,no_ci,,,
apache,flink-kubernetes-operator,Java,513,6,2,kept,,,
janssenproject,jans,Java,1432,30,8,kept,,,
pixelsdb,pixels,Java,156,8,3,kept,,,
cap-go,capacitor-updater,Java,1717,10,1,kept,,,
powernukkitx,powernukkitx,Java,4050,11,1,kept,,,
jmix-framework,jmix,Java,0,0,0,no_ci,,,
wildfirechat,im-server,Java,0,0,0,no_ci,,,
neoapplications,neo-launcher,Java,35,3,1,no_ci,,,
mastodon,mastodon-android,Java,242,5,0,no_test_workflow,,,
oracle-samples,oracle-db-examples,Java,8,1,0,no_ci,,,
dromara,dynamic-tp,Java,130,4,2,kept,,,
matteobaccan,owner,Java,530,6,1,kept,,,
qwq233,nullgram,Java,9,3,2,no_ci,,,
objectionary,eo,Java,90073,30,1,kept,,,
card-forge,forge,Java,5311,19,5,kept,,,
instancio,instancio,Java,998,6,1,kept,,,
jetbrains,js-graphql-intellij-plugin,Java,0,0,0,no_ci,,,
alibaba,fastjson2,Java,318,11,4,kept,,,
bucket4j,bucket4j,Java,35,4,1,no_ci,,,
aklivity,zilla,Java,5278,6,1,kept,,,
tgx-android,telegram-x,Java,0,0,0,no_ci,,,
apache,inlong,Java,799,16,12,kept,,,
yunaiv,yudao-cloud,Java,39,3,1,no_ci,,,
tapdata,tapdata,Java,561,7,3,kept,,,
maxiaof,github-hosts,Java,93,1,0,no_ci,,,
playtikaoss,testcontainers-spring-boot,Java,7254,8,1,kept,,,
troyzhxu,bean-searcher,Java,13,1,0,no_ci,,,
paladincloud,ce,Java,162,7,2,kept,,,
apache,shenyu,Java,4206,16,4,kept,,,
dromara,dante-cloud,Java,7,1,0,no_ci,,,
pascal-lab,tai-e,Java,39,4,1,no_ci,,,
fongmi,tv,Java,1,1,0,no_ci,,,
grimanticheat,grim,Java,137,6,0,no_test_workflow,,,
enso-org,enso,Java,1782,30,3,kept,,,
assertj,assertj,Java,1691,14,4,kept,,,
babyfish-ct,jimmer,Java,0,0,0,no_ci,,,
eclipse-californium,californium,Java,3,1,0,no_ci,,,
steve-community,steve,Java,354,3,1,kept,,,
helidon-io,helidon,Java,865,9,1,kept,,,
apache,doris,Java,465907,30,4,kept,,,
linkedin,venice,Java,6403,22,12,kept,,,
eclipse-ditto,ditto,Java,859,13,4,kept,,,
fcl-team,foldcraftlauncher,Java,261,4,1,kept,,,
soot-oss,sootup,Java,2479,18,2,kept,,,
xiaonuobase,snowy,Java,0,0,0,no_ci,,,
dromara,lamp-cloud,Java,0,0,0,no_ci,,,
alldatacenter,alldata,Java,0,0,0,no_ci,,,
86dbs,dbsyncer,Java,0,0,0,no_ci,,,
apache,sedona,Java,6075,19,7,kept,,,
owasp,wrongsecrets,Java,4158,30,7,kept,,,
vladmihalcea,hypersistence-utils,Java,2,1,0,no_ci,,,
clickhouse,clickhouse-java,Java,4954,21,2,kept,,,
mfish-qf,mfish-nocode,Java,1,1,0,no_ci,,,
jqwik-team,jqwik,Java,75,2,1,no_ci,,,
itwanger,paicoding,Java,0,0,0,no_ci,,,
nextalone,nnngram,Java,22,6,2,no_ci,,,
winds-studio,leaf,Java,391,10,8,kept,,,
dromara,ruoyi-cloud-plus,Java,0,0,0,no_ci,,,
jenkinsci,build-monitor-plugin,Java,1331,3,0,no_test_workflow,,,
cleanroommc,cleanroom,Java,241,5,1,kept,,,
marginaliasearch,marginaliasearch,Java,0,0,0,no_ci,,,
dromara,ruoyi-vue-plus,Java,0,0,0,no_ci,,,
apache,streampipes,Java,4056,17,4,kept,,,
nextcloud,notes-android,Java,2306,14,2,kept,,,
apache,linkis,Java,1127,18,6,kept,,,
tencentblueking,bk-job,Java,284,4,2,kept,,,
entropy-cloud,nop-entropy,Java,57,2,1,no_ci,,,
krahets,hello-algo,Java,1,15,0,no_ci,,,
mybatis-flex,mybatis-flex,Java,1,1,0,no_ci,,,
spring-projects,spring-modulith,Java,301,7,3,kept,,,
timefoldai,timefold-solver,Java,3752,15,1,kept,,,
mrtjp,projectred,Java,5,2,0,no_ci,,,
testng-team,testng,Java,899,12,3,kept,,,
datalinkdc,dinky,Java,371,14,0,no_test_workflow,,,
xpipe-io,xpipe,Java,113,2,0,no_test_workflow,,,
fizzgate,fizz-gateway-node,Java,16,2,1,no_ci,,,
eclipse-birt,birt,Java,51,3,1,no_ci,,,
simonhalvdansson,harmonic-hn,Java,661,3,0,no_test_workflow,,,
discord-jda,jda,Java,310,10,0,no_test_workflow,,,
auties00,cobalt,Java,20,1,1,no_ci,,,
viaversion,viaproxy,Java,479,4,1,kept,,,
viaversion,viafabricplus,Java,321,3,1,kept,,,
apache,eventmesh,Java,506,11,1,kept,,,
datavane,tis,Java,0,1,1,no_ci,,,
qaiu,netdisk-fast-download,Java,147,7,1,kept,,,
operator-framework,java-operator-sdk,Java,2959,16,4,kept,,,
jolokia,jolokia,Java,161,4,1,kept,,,
eclipse-leshan,leshan,Java,44,5,0,no_ci,,,
kiltmc,kilt,Java,372,3,1,kept,,,
apache,causeway,Java,735,6,5,kept,,,
akto-api-security,akto,Java,5955,20,4,kept,,,
tencentmusic,supersonic,Java,56,5,4,no_ci,,,
langchain4j,langchain4j,Java,5217,16,5,kept,,,
gregtechceu,gregtech-modern,Java,6448,18,5,kept,,,
eclipse-jdtls,eclipse.jdt.ls,Java,1128,6,0,no_test_workflow,,,
smithy-lang,smithy,Java,1536,12,4,kept,,,
StarRocks,starrocks,Java,150334,30,16,kept,,,
portfolio-performance,portfolio,Java,707,6,3,kept,,,
neoforged,NeoForge,Java,2858,7,2,kept,,,
microsoft,typespec,Java,22432,28,4,kept,,,
apache,seatunnel,Java,14371,17,3,kept,,,
aizuda,flowlong,Java,1,1,0,no_ci,,,
nzymedefense,nzyme,Java,104,1,1,kept,,,
apache,incubator-kie-optaplanner,Java,1553,10,4,kept,,,
rememberber,MooTool,Java,168,5,2,kept,,,
jar-analyzer,jar-analyzer,Java,792,9,4,kept,,,
MariaDB4j,MariaDB4j,Java,538,9,1,kept,,,
Minecraft-Transit-Railway,Minecraft-Transit-Railway,Java,77,2,1,no_ci,,,
membrane,api-gateway,Java,833,9,1,kept,,,
lakesoul-io,LakeSoul,Java,1730,17,10,kept,,,
siavash79,PixelXpert,Java,15,8,2,no_ci,,,
bytechefhq,bytechef,Java,3008,9,2,kept,,,
apache,incubator-kie-drools,Java,3501,17,7,kept,,,
apache,cassandra-java-driver,Java,0,3,0,no_ci,,,
Nekogram,Nekogram,Java,16,2,1,no_ci,,,
jetty,jetty.project,Java,2310,6,0,no_test_workflow,,,
apache,incubator-kie-kogito-runtimes,Java,700,9,2,kept,,,
Arcticons-Team,Arcticons,Java,337,8,1,kept,,,
Sunagatov,Iced-Latte,Java,1054,7,2,kept,,,
conductor-oss,conductor,Java,3841,19,5,kept,,,
spring-projects,spring-ai,Java,5382,23,4,kept,,,
apache,orc,Java,717,11,2,kept,,,
apache,incubator-seata,Java,2695,16,7,kept,,,
OpenFeign,querydsl,Java,1023,10,1,kept,,,
ReChronoRain,HyperCeiler,Java,290,3,1,kept,,,
Suwayomi,Suwayomi-Server,Java,668,6,2,kept,,,
HMCL-dev,HMCL,Java,4149,10,1,kept,,,
Stirling-Tools,Stirling-PDF,Java,41901,30,7,kept,,,
aws,serverless-java-container,Java,137,6,0,no_test_workflow,,,
polymorphicshade,Tubular,Java,72,4,1,no_ci,,,
agents-flex,agents-flex,Java,0,0,0,no_ci,,,
crimera,piko,Java,1012,6,1,kept,,,
itext,itext-java,Java,4,4,0,no_ci,,,
MCRcortex,voxy,Java,49,3,2,no_ci,,,
dromara,dax-pay,Java,0,0,0,no_ci,,,
apache,flink-cdc,Java,1845,11,2,kept,,,
anddea,revanced-patches,Java,295,8,2,kept,,,
apache,logging-flume,Java,443,8,1,kept,,,
AutoMQ,automq,Java,1168,29,5,kept,,,
apache,paimon,Java,54457,30,6,kept,,,
redis,lettuce,Java,1817,16,4,kept,,,
apache,celeborn,Java,5099,19,5,kept,,,
SkinsRestorer,SkinsRestorer,Java,460,7,1,kept,,,
LuminolMC,Luminol,Java,,,,api_error,runs,404,HTTPError
apache,amoro,Java,1496,16,9,kept,,,
apache,hertzbeat,Java,1770,16,7,kept,,,
devoxx,DevoxxGenieIDEAPlugin,Java,2216,11,2,kept,,,
eclipse-jkube,jkube,Java,1195,7,3,kept,,,
PBH-BTN,PeerBanHelper,Java,1618,22,10,kept,,,
dromara,warm-flow,Java,0,1,0,no_ci,,,
BlackyHawky,Clock,Java,0,0,0,no_ci,,,
KouShenhai,KCloud-Platform-IOT,Java,8925,11,3,kept,,,
aizuda,snail-job,Java,10,2,0,no_ci,,,
apache,parquet-java,Java,1161,8,2,kept,,,
dromara,easy-query,Java,4,1,0,no_ci,,,
continew-org,continew-admin,Java,4,5,1,no_ci,,,
jeecgboot,JeecgBoot,Java,80,3,0,no_ci,,,
opensolon,solon,Java,2,1,0,no_ci,,,
dtinit,data-transfer-project,Java,156,5,1,kept,,,
apache,gravitino,Java,51545,30,21,kept,,,
valkey-io,valkey-glide,Java,29949,30,9,kept,,,
anonfaded,FadCam,Java,3,6,2,no_ci,,,
JetBrains,intellij-community,Java,696,8,2,kept,,,
freechat-fun,freechat,Java,342,3,1,kept,,,
ollama4j,ollama4j,Java,315,10,2,kept,,,
apache,polaris,Java,6457,22,9,kept,,,
dromara,skyeye,Java,0,1,0,no_ci,,,
risesoft-y9,Digital-Infrastructure,Java,0,0,0,no_ci,,,
risesoft-y9,WorkFlow-Engine,Java,0,0,0,no_ci,,,
alibaba,spring-ai-alibaba,Java,3386,14,1,kept,,,
eclipse-kura,kura,Java,729,14,0,no_test_workflow,,,
eclipse-hawkbit,hawkbit,Java,2608,23,0,no_test_workflow,,,
buildfarm,buildfarm,Java,337,10,1,kept,,,
CaffeineMC,sodium,Java,323,6,2,kept,,,
binarywang,WxJava,Java,197,6,0,no_test_workflow,,,
TrianguloY,URLCheck,Java,160,10,2,kept,,,
CommandAPI,CommandAPI,Java,152,5,1,kept,,,
eclipse-milo,milo,Java,475,10,1,kept,,,
eclipse-xtext,xtext,Java,461,6,1,kept,,,
CaffeineMC,lithium,Java,54,3,2,no_ci,,,
risin42,NagramX,Java,92,5,3,no_ci,,,
aeron-io,aeron,Java,1352,8,2,kept,,,
aeron-io,agrona,Java,278,4,2,kept,,,
aeron-io,simple-binary-encoding,Java,174,4,1,kept,,,
Jaspersoft,jasperreports,Java,1,1,0,no_ci,,,
apache,streampark,Java,1237,11,2,kept,,,
dependency-check,DependencyCheck,Java,1169,16,1,kept,,,
chinabugotech,hutool,Java,1,1,0,no_ci,,,
LFDT-web3j,web3j,Java,277,5,1,kept,,,
MojoLauncher,MojoLauncher,Java,103,3,1,kept,,,
spring-projects,spring-tools,Java,225,30,8,kept,,,
bancika,diy-layout-creator,Java,48,2,1,no_ci,,,
google,adk-java,Java,3973,12,0,no_test_workflow,,,
apache,stormcrawler,Java,579,5,3,kept,,,
oinone,oinone-pamirs,Java,0,0,0,no_ci,,,
langgraph4j,langgraph4j,Java,57,6,1,no_ci,,,
apache,fory,Java,6982,29,8,kept,,,
junit-team,junit-examples,Java,898,5,3,kept,,,
junit-team,junit-framework,Java,3095,27,8,kept,,,
apache,fluss,Java,4803,25,8,kept,,,
terrakube-io,terrakube,Java,722,6,2,kept,,,
BoCloud,folib,Java,0,0,0,no_ci,,,
818000,bus,Java,41,4,1,no_ci,,,
booklore-app,BookLore,Java,172,30,20,kept,,,
seed4j,seed4j,Java,6025,10,1,kept,,,
soaring-xiongkulu,easyaiot,Java,0,1,0,no_ci,,,
higress-group,himarket,Java,175,4,2,kept,,,
Hakky54,ayza,Java,70,2,1,no_ci,,,
1Panel-dev,CordysCRM,Java,9843,15,3,kept,,,
OpenAEV-Platform,openaev,Java,31744,30,6,kept,,,
spring-ai-alibaba,examples,Java,0,3,1,no_ci,,,
PaperMC,adventure,Java,94,5,2,no_ci,,,
eddyizm,tempus,Java,73,4,0,no_ci,,,
lakernote,EasyPostman,Java,341,10,0,no_test_workflow,,,
xoureldeen,Vectras-VM-Android,Java,1,2,1,no_ci,,,
researchxxl,syncthing-android,Java,87,12,2,no_ci,,,
apache,artemis,Java,711,2,1,kept,,,
FabricMC,fabric-api,Java,600,8,1,kept,,,
MorpheApp,morphe-patches,Java,3188,7,1,kept,,,
grobidOrg,grobid,Java,1933,16,1,kept,,,
apache,hugegraph,Java,4789,17,7,kept,,,
quik-sms,quik,Java,55,10,1,no_ci,,,
besu-eth,besu,Java,9288,19,8,kept,,,
eclipse-openvsx,openvsx,Java,1699,15,3,kept,,,
grimmory-tools,grimmory,Java,7051,19,6,kept,,,
soulfiremc-com,SoulFire,Java,2089,15,1,kept,,,
AxonIQ,AxonFramework,Java,3417,12,0,no_test_workflow,,,
floci-io,floci,Java,11264,19,4,kept,,,
matevip,mateclaw,Java,0,0,0,no_ci,,,
mock-server,mockserver-monorepo,Java,3465,8,0,no_test_workflow,,,
spiculedata,saiku,Java,3357,7,1,kept,,,
fish2018,webhtv,Java,80,2,0,no_ci,,,
im030,Momogram,Java,46,4,1,no_ci,,,
iflytek,astron-agent,Java,1847,13,2,kept,,,
cping,LGame,Java,0,0,0,no_ci,,,
OtterMind,Chat2DB,Java,19647,13,1,kept,,,
mateaix,mateclaw,Java,0,0,0,no_ci,,,
spring-attic,spring-statemachine,Java,26,13,1,no_ci,,,
spring-attic,spring-cloud-contract,Java,425,5,1,kept,,,
nzymeorg,nzyme,Java,104,1,1,kept,,,
lysine-dev,retrofit,Java,58,5,1,no_ci,,,
picovoice,rhino,Python,817,30,2,kept,,,
picovoice,porcupine,Python,612,30,1,kept,,,
feast-dev,feast,Python,18466,30,12,kept,,,
academysoftwarefoundation,opencue,Python,1775,12,2,kept,,,
airbytehq,airbyte,Python,321546,30,9,kept,,,
open-telemetry,community,Python,4111,13,1,kept,,,
mdtraj,mdtraj,Python,169,5,2,kept,,,
pydata,bottleneck,Python,218,4,1,kept,,,
libgit2,pygit2,Python,225,6,1,kept,,,
catia-systems,fmpy,Python,18,3,1,no_ci,,,
frida,frida-python,Python,353,4,1,kept,,,
chipsec,chipsec,Python,983,8,1,kept,,,
comparativegenomicstoolkit,cactus,Python,3,1,0,no_ci,,,
pytables,pytables,Python,247,6,2,kept,,,
diefenbach,django-lfs,Python,3,1,0,no_ci,,,
nylas,sync-engine,Python,12,1,0,no_ci,,,
vladfi1,phillip,Python,0,0,0,no_ci,,,
armijnhemel,binaryanalysis-ng,Python,0,0,0,no_ci,,,
cisagov,pshtt,Python,175,8,1,kept,,,
koalixswitzerland,koalixcrm,Python,96,8,2,no_ci,,,
tishka17,aiogram_dialog,Python,6,3,1,no_ci,,,
mnot,redbot,Python,173,6,1,kept,,,
kengz,slm-lab,Python,8,6,1,no_ci,,,
sublimetext-markdown,markdownediting,Python,21,6,3,no_ci,,,
derek73,python-nameparser,Python,1032,6,1,kept,,,
jython,jython,Python,349,6,5,kept,,,
markqvist,reticulum,Python,67,3,1,no_ci,,,
nerevu,riko,Python,164,8,1,kept,,,
accenture,ampligraph,Python,1,1,0,no_ci,,,
pytest-dev,pluggy,Python,226,7,1,kept,,,
halcy,mastodon.py,Python,3,3,0,no_ci,,,
soft-matter,trackpy,Python,50,2,2,no_ci,,,
datafolklabs,cement,Python,148,8,2,kept,,,
collective,icalendar,Python,4821,14,3,kept,,,
wolph,python-progressbar,Python,326,8,0,no_test_workflow,,,
asyml,texar,Python,0,0,0,no_ci,,,
hakril,pythonforwindows,Python,18,2,1,no_ci,,,
bgmi,bgmi,Python,615,7,2,kept,,,
supabase,supabase-py,Python,605,9,1,kept,,,
mlb-led-scoreboard,mlb-led-scoreboard,Python,613,9,1,kept,,,
blcm,blcmods,Python,3,1,0,no_ci,,,
python-social-auth,social-app-django,Python,1077,8,1,kept,,,
turbogears,tg2,Python,17,2,1,no_ci,,,
kevin1024,vcrpy,Python,282,6,1,kept,,,
ywangd,stash,Python,46,3,1,no_ci,,,
kanjivg,kanjivg,Python,7,1,0,no_ci,,,
alejandroautalan,pygubu,Python,4,1,0,no_ci,,,
breakthrough,pyscenedetect,Python,608,17,3,kept,,,
oduwsdl,ipwb,Python,35,9,1,no_ci,,,
josephlai241,urs,Python,12,3,0,no_ci,,,
alisaifee,limits,Python,183,4,1,kept,,,
zappa,zappa,Python,977,4,1,kept,,,
dmort27,epitran,Python,6,2,1,no_ci,,,
librosa,librosa,Python,1527,10,1,kept,,,
etianen,django-reversion,Python,10,2,0,no_ci,,,
luispedro,mahotas,Python,30,4,2,no_ci,,,
openai,openai-python,Python,1173,24,2,kept,,,
rongronggg9,rss-to-telegram-bot,Python,101,8,1,kept,,,
baekalfen,pyboy,Python,48,4,1,no_ci,,,
audreyfeldroy,cookiecutter-pypackage,Python,174,8,1,kept,,,
ciromattia,kcc,Python,106,10,5,kept,,,
python-adaptive,adaptive,Python,134,8,0,no_test_workflow,,,
libp2p,py-libp2p,Python,486,9,1,kept,,,
wireservice,csvkit,Python,202,7,1,kept,,,
calebbell,thermo,Python,69,7,4,no_ci,,,
zostera,django-bootstrap3,Python,218,5,1,kept,,,
ionelmc,pytest-benchmark,Python,9,1,1,no_ci,,,
bobotig,python-mss,Python,161,4,1,kept,,,
psf,pyperf,Python,71,5,1,no_ci,,,
dedsecinside,torbot,Python,157,5,1,kept,,,
dfki-ric,phobos,Python,20,2,0,no_ci,,,
byu-prism,gekko,Python,0,0,0,no_ci,,,
eskerda,pybikes,Python,121,3,1,kept,,,
thieu1995,mealpy,Python,68,2,0,no_ci,,,
scikit-learn-contrib,category_encoders,Python,57,7,1,no_ci,,,
pywavelets,pywt,Python,37,6,2,no_ci,,,
coldfix,udiskie,Python,22,4,0,no_ci,,,
pychess,pychess,Python,714,7,4,kept,,,
django-tastypie,django-tastypie,Python,28,3,1,no_ci,,,
tableau,tabpy,Python,66,7,2,no_ci,,,
linkchecker,linkchecker,Python,74,6,1,no_ci,,,
doorstop-dev,doorstop,Python,473,6,3,kept,,,
backblaze,b2_command_line_tool,Python,28,4,1,no_ci,,,
nvidia,megatron-lm,Python,97843,30,6,kept,,,
olivierkes,manuskript,Python,24,5,4,no_ci,,,
cpplint,cpplint,Python,103,6,1,kept,,,
corrscope,corrscope,Python,2,2,0,no_ci,,,
ipython,traitlets,Python,430,7,2,kept,,,
juniper,py-junos-eznc,Python,39,2,1,no_ci,,,
tlsfuzzer,tlsfuzzer,Python,13,2,1,no_ci,,,
mahmoud,glom,Python,18,2,1,no_ci,,,
tlecomte,friture,Python,90,4,1,no_ci,,,
web2py,pydal,Python,44,3,1,no_ci,,,
graphql-python,graphql-core,Python,315,6,1,kept,,,
glue-viz,glue,Python,63,3,1,no_ci,,,
ghostmanager,ghostwriter,Python,1332,15,2,kept,,,
se2p,pynguin,Python,94,3,1,no_ci,,,
django-cms,django-filer,Python,423,13,4,kept,,,
thriftpy,thriftpy2,Python,81,3,2,no_ci,,,
lxml,lxml,Python,312,7,3,kept,,,
andikleen,pmu-tools,Python,73,5,3,no_ci,,,
jodal,pykka,Python,63,4,1,no_ci,,,
hopetree,izone,Python,5,2,0,no_ci,,,
nfstream,nfstream,Python,272,10,4,kept,,,
charlespikachu,musicdl,Python,36,5,0,no_ci,,,
opencobra,cobrapy,Python,28,7,3,no_ci,,,
jelmer,xandikos,Python,1095,11,3,kept,,,
jrobichaud,django-structlog,Python,83,6,1,no_ci,,,
enarjord,passivbot,Python,3000,3,1,kept,,,
pyca,bcrypt,Python,330,6,2,kept,,,
redistimeseries,redistimeseries,Python,2441,24,7,kept,,,
astropy,astropy,Python,18510,22,7,kept,,,
enjoy-digital,litex,Python,584,3,1,kept,,,
osandov,drgn,Python,245,4,3,kept,,,
vtraag,leidenalg,Python,21,2,0,no_ci,,,
robotis-git,open_manipulator,Python,31,4,1,no_ci,,,
moderngl,moderngl,Python,2,3,2,no_ci,,,
shedskin,shedskin,Python,540,8,4,kept,,,
pylons,waitress,Python,88,3,2,no_ci,,,
voxpupuli,puppetboard,Python,401,6,1,kept,,,
mysql,mysql-connector-python,Python,0,1,0,no_ci,,,
deep-mi,fastsurfer,Python,537,10,2,kept,,,
alejandroautalan,pygubu-designer,Python,4,1,0,no_ci,,,
michaelhly,solana-py,Python,351,7,1,kept,,,
ulauncher,ulauncher,Python,724,6,1,kept,,,
terryyin,lizard,Python,24,3,0,no_ci,,,
jjjake,internetarchive,Python,570,9,1,kept,,,
frappe,bench,Python,155,8,2,kept,,,
pytest-dev,pytest-asyncio,Python,447,4,1,kept,,,
neo4j-contrib,neomodel,Python,72,5,1,no_ci,,,
djaodjin,djaodjin-saas,Python,34,3,0,no_ci,,,
usnistgov,fipy,Python,87,3,1,no_ci,,,
atomistic-machine-learning,schnetpack,Python,99,3,0,no_ci,,,
abbbi,virtnbdbackup,Python,191,9,6,kept,,,
jazzband,django-silk,Python,52,5,1,no_ci,,,
xlwings,xlwings,Python,265,7,2,kept,,,
nucleic,enaml,Python,73,5,1,no_ci,,,
target,strelka,Python,1194,11,5,kept,,,
urschrei,pyzotero,Python,225,4,1,kept,,,
antsx,antspy,Python,239,9,2,kept,,,
onlaj,piano-led-visualizer,Python,10,3,1,no_ci,,,
acoular,acoular,Python,516,17,3,kept,,,
emcconville,wand,Python,9,2,1,no_ci,,,
pyexcel,pyexcel,Python,272,10,4,kept,,,
pytest-dev,pytest-bdd,Python,158,5,1,kept,,,
pycurl,pycurl,Python,709,8,4,kept,,,
tmux-python,libtmux,Python,1941,4,1,kept,,,
djangopackages,djangopackages,Python,472,8,1,kept,,,
sethmmorton,natsort,Python,61,4,1,no_ci,,,
salib,salib,Python,64,5,1,no_ci,,,
brainglobe,brainrender,Python,80,2,0,no_ci,,,
dynobo,normcap,Python,58,5,1,no_ci,,,
oauthlib,oauthlib,Python,137,6,1,kept,,,
mongodb,motor,Python,351,7,1,kept,,,
feincms,feincms,Python,52,3,2,no_ci,,,
mbj4668,pyang,Python,2,1,1,no_ci,,,
google,openhtf,Python,672,5,0,no_test_workflow,,,
line,promgen,Python,421,5,0,no_test_workflow,,,
maxmind,geoip2-python,Python,1326,9,1,kept,,,
progval,limnoria,Python,23,3,2,no_ci,,,
splunk,splunk-sdk-python,Python,625,9,1,kept,,,
imagej,pyimagej,Python,1,3,1,no_ci,,,
spikeinterface,spikeinterface,Python,2654,20,10,kept,,,
jazzband,tablib,Python,231,7,2,kept,,,
andialbrecht,sqlparse,Python,195,6,0,no_test_workflow,,,
python-kasa,python-kasa,Python,316,6,1,kept,,,
splintered-reality,py_trees,Python,63,2,0,no_ci,,,
sirver,ultisnips,Python,159,3,0,no_test_workflow,,,
gns3,gns3-gui,Python,61,6,1,no_ci,,,
miurahr,aqtinstall,Python,221,8,2,kept,,,
miurahr,py7zr,Python,166,8,1,kept,,,
jupyter,nbgrader,Python,182,10,1,kept,,,
korcankaraokcu,pince,Python,42,4,0,no_ci,,,
jsonpickle,jsonpickle,Python,83,4,1,no_ci,,,
pytest-dev,pytest-xdist,Python,79,3,1,no_ci,,,
shlomif,pysolfc,Python,94,4,1,no_ci,,,
opendatacube,datacube-core,Python,887,7,1,kept,,,
chardet,chardet,Python,125,5,1,kept,,,
cisagov,malcolm,Python,299,30,21,kept,,,
internetarchive,brozzler,Python,109,6,1,kept,,,
neovintageous,neovintageous,Python,36,2,1,no_ci,,,
azuread,microsoft-authentication-library-for-python,Python,567,9,1,kept,,,
braindecode,braindecode,Python,3283,12,2,kept,,,
keon,algorithms,Python,29,3,1,no_ci,,,
python-babel,babel,Python,172,6,1,kept,,,
robotframework,ride,Python,167,6,0,no_test_workflow,,,
freedoom,freedoom,Python,51,1,0,no_ci,,,
inveniosoftware,invenio,Python,17,4,1,no_ci,,,
dipy,dipy,Python,2444,16,4,kept,,,
oschwengers,bakta,Python,45,5,3,no_ci,,,
0xax,linux-insides,Python,181,8,0,no_test_workflow,,,
liangliangyy,djangoblog,Python,247,11,2,kept,,,
pydicom,pydicom,Python,106,13,3,kept,,,
viblo,pymunk,Python,41,2,1,no_ci,,,
openstack,glance,Python,8,1,0,no_ci,,,
opencomputeproject,sai,Python,194,2,0,no_test_workflow,,,
neurotechx,moabb,Python,761,10,3,kept,,,
stratosphereips,stratospherelinuxips,Python,240,9,3,kept,,,
pypa,pipenv,Python,328,9,1,kept,,,
vispy,vispy,Python,121,3,2,kept,,,
diaoul,subliminal,Python,164,9,2,kept,,,
zeroqi,hama.bundle,Python,0,0,0,no_ci,,,
taxel,plextraktsync,Python,533,12,2,kept,,,
katharaframework,kathara,Python,2,1,0,no_ci,,,
diffgram,diffgram,Python,27,7,2,no_ci,,,
bogdanp,dramatiq,Python,60,5,2,no_ci,,,
pantsudango,dango-translator,Python,0,0,0,no_ci,,,
jazzband,sorl-thumbnail,Python,28,2,1,no_ci,,,
typeddjango,django-stubs,Python,1330,8,1,kept,,,
airspeed-velocity,asv,Python,199,7,3,kept,,,
ihabunek,toot,Python,4,1,1,no_ci,,,
nats-io,nats.py,Python,1761,8,1,kept,,,
earthgecko,skyline,Python,16,2,0,no_ci,,,
auth0,auth0-python,Python,494,7,1,kept,,,
ricequant,rqalpha,Python,147,4,1,kept,,,
pika,pika,Python,2005,12,1,kept,,,
kozea,pygal,Python,9,2,1,no_ci,,,
containers,podman-compose,Python,772,7,1,kept,,,
gpiozero,gpiozero,Python,35,3,1,no_ci,,,
pypa,twine,Python,253,6,0,no_test_workflow,,,
eventlet,eventlet,Python,127,5,1,kept,,,
exercism,python,Python,1129,12,2,kept,,,
rbonghi,jetson_stats,Python,341,7,1,kept,,,
emmett-framework,emmett,Python,9,5,1,no_ci,,,
lmfit,lmfit-py,Python,13,2,0,no_ci,,,
lilydjwg,nvchecker,Python,180,3,1,kept,,,
mlco2,codecarbon,Python,2103,21,5,kept,,,
trentm,python-markdown2,Python,32,2,1,no_ci,,,
getlogbook,logbook,Python,286,5,2,kept,,,
micropython,micropython-lib,Python,940,6,2,kept,,,
pytest-dev,pytest-django,Python,111,5,0,no_test_workflow,,,
quodlibet,mutagen,Python,55,3,1,no_ci,,,
psd-tools,psd-tools,Python,331,9,1,kept,,,
deepmodeling,deepmd-kit,Python,19163,20,8,kept,,,
voc,voctomix,Python,69,5,1,no_ci,,,
mkorpela,pabot,Python,122,5,1,kept,,,
roflcoopter,viseron,Python,503,7,2,kept,,,
hips,autograd,Python,439,7,2,kept,,,
docker,docker-py,Python,129,8,1,kept,,,
carltongibson,django-filter,Python,24,4,1,no_ci,,,
pimutils,vdirsyncer,Python,0,0,0,no_ci,,,
toadstorm,mops,Python,0,0,0,no_ci,,,
google,turbinia,Python,275,6,2,kept,,,
tanghaibao,goatools,Python,13,5,1,no_ci,,,
domainaware,parsedmarc,Python,1215,12,2,kept,,,
rocky,python-decompile3,Python,5,5,0,no_ci,,,
interdigitalinc,compressai,Python,60,6,1,no_ci,,,
tatuylonen,wiktextract,Python,434,5,2,kept,,,
pysport,kloppy,Python,219,4,1,kept,,,
distrochooser,distrochooser,Python,100,4,1,kept,,,
django-haystack,django-haystack,Python,128,7,1,kept,,,
tensorforce,tensorforce,Python,8,2,0,no_ci,,,
python-markdown,markdown,Python,40,6,1,no_ci,,,
flaskbb,flaskbb,Python,115,6,1,kept,,,
grahamdumpleton,wrapt,Python,27,2,0,no_ci,,,
evennia,evennia,Python,184,8,1,kept,,,
home-assistant-libs,pytradfri,Python,366,7,1,kept,,,
florianfesti,boxes,Python,213,5,0,no_test_workflow,,,
microsoft,olive,Python,3895,13,3,kept,,,
jnavila,git-manpages-l10n,Python,12,4,0,no_ci,,,
delgan,loguru,Python,249,7,1,kept,,,
amoffat,sh,Python,47,3,1,no_ci,,,
geopy,geopy,Python,15,1,1,no_ci,,,
vyperlang,vyper,Python,5475,15,3,kept,,,
joerick,pyinstrument,Python,86,8,2,no_ci,,,
kurtmckee,feedparser,Python,47,3,1,no_ci,,,
richardkiss,pycoin,Python,7,6,1,no_ci,,,
wireservice,agate,Python,188,5,1,kept,,,
pyupio,safety-db,Python,6,1,0,no_ci,,,
spaam,svtplay-dl,Python,19,1,1,no_ci,,,
macs3-project,macs,Python,97,10,5,no_ci,,,
commitizen-tools,commitizen,Python,975,16,0,no_test_workflow,,,
kanishka-linux,kawaii-player,Python,0,0,0,no_ci,,,
romanz,trezor-agent,Python,23,1,1,no_ci,,,
lululxvi,deepxde,Python,19,4,1,no_ci,,,
flosell,trailscraper,Python,212,4,0,no_test_workflow,,,
dit,dit,Python,237,4,1,kept,,,
invesalius,invesalius3,Python,449,7,2,kept,,,
etal,cnvkit,Python,796,7,2,kept,,,
snarfed,bridgy-fed,Python,579,5,0,no_test_workflow,,,
mampfes,hacs_waste_collection_schedule,Python,5029,10,0,no_test_workflow,,,
uriyyo,fastapi-pagination,Python,1033,8,1,kept,,,
gunthercox,chatterbot,Python,23,5,0,no_ci,,,
zostera,django-bootstrap4,Python,211,5,1,kept,,,
gdraheim,docker-systemctl-replacement,Python,19,4,1,no_ci,,,
veusz,veusz,Python,6,7,6,no_ci,,,
chaquo,chaquopy,Python,13,2,1,no_ci,,,
pylops,pylops,Python,1358,13,8,kept,,,
sshuttle,sshuttle,Python,699,7,0,no_test_workflow,,,
platformio,platformio-core,Python,97,7,0,no_ci,,,
pwr-solaar,solaar,Python,434,4,1,kept,,,
allegro,ralph,Python,152,7,1,kept,,,
uqfoundation,dill,Python,14,2,0,no_ci,,,
python,typing,Python,376,5,1,kept,,,
mushorg,conpot,Python,83,7,1,no_ci,,,
buffer,thug,Python,178,8,2,kept,,,
taverntesting,tavern,Python,288,5,1,kept,,,
nose-devs,nose2,Python,114,4,2,kept,,,
mosquito,aio-pika,Python,11,5,1,no_ci,,,
pazz,alot,Python,47,6,2,no_ci,,,
pymssql,pymssql,Python,54,3,1,no_ci,,,
tuxemon,tuxemon,Python,414,9,5,kept,,,
davidhalter,parso,Python,7,2,2,no_ci,,,
yubico,yubikey-manager,Python,579,11,0,no_test_workflow,,,
agronholm,anyio,Python,566,6,2,kept,,,
pre-commit,pre-commit,Python,135,3,0,no_test_workflow,,,
django-guardian,django-guardian,Python,143,9,1,kept,,,
urwid,urwid,Python,488,9,0,no_test_workflow,,,
pydata,numexpr,Python,121,4,1,kept,,,
inducer,pycuda,Python,28,5,1,no_ci,,,
xavier150,blender-for-unrealengine-addons,Python,0,0,0,no_ci,,,
python-discord,site,Python,357,9,2,kept,,,
pylast,pylast,Python,216,7,1,kept,,,
mjs,imapclient,Python,6,3,1,no_ci,,,
pypa,packaging,Python,2533,11,2,kept,,,
scikit-build,scikit-build,Python,195,6,1,kept,,,
pypa,wheel,Python,62,4,1,no_ci,,,
basnijholt,adaptive-lighting,Python,902,11,2,kept,,,
trailofbits,algo,Python,353,13,3,kept,,,
pyparsing,pyparsing,Python,55,2,2,no_ci,,,
kvesteri,sqlalchemy-utils,Python,112,4,1,kept,,,
okfn-brasil,querido-diario,Python,201,11,1,kept,,,
sebp,scikit-survival,Python,598,8,2,kept,,,
json-schema-org,json-schema-test-suite,Python,1100,7,5,kept,,,
python-cmd2,cmd2,Python,1178,8,1,kept,,,
xoolive,traffic,Python,168,8,1,kept,,,
osmocom,pysim,Python,0,0,0,no_ci,,,
offlineimap,offlineimap3,Python,2,3,0,no_ci,,,
geekcomputers,python,Python,103,5,1,kept,,,
mahmoud,boltons,Python,73,3,1,no_ci,,,
pwndbg,pwndbg,Python,3513,18,3,kept,,,
has2k1,plotnine,Python,178,6,2,kept,,,
contextlab,hypertools,Python,184,2,1,kept,,,
mvantellingen,python-zeep,Python,43,5,1,no_ci,,,
salesforce,policy_sentry,Python,74,8,1,no_ci,,,
qutip,qutip,Python,539,8,3,kept,,,
xflr6,graphviz,Python,4,1,1,no_ci,,,
pythonot,pot,Python,2474,10,5,kept,,,
asottile,pyupgrade,Python,9,1,0,no_ci,,,
dgilland,pydash,Python,36,2,0,no_ci,,,
cisco,mindmeld,Python,5,1,0,no_ci,,,
scitools,iris,Python,3869,14,6,kept,,,
cedricp,ddt4all,Python,216,4,2,kept,,,
adamchainz,django-mysql,Python,39,5,1,no_ci,,,
arm-doe,pyart,Python,538,9,3,kept,,,
testcontainers,testcontainers-python,Python,614,7,3,kept,,,
holoviz,param,Python,274,9,3,kept,,,
kennbroorg,iky,Python,11,2,0,no_ci,,,
milvus-io,pymilvus,Python,2121,11,1,kept,,,
robinostlund,homeassistant-volkswagencarnet,Python,547,10,0,no_test_workflow,,,
weecology,deepforest,Python,282,8,1,kept,,,
kdeldycke,meta-package-manager,Python,7598,16,4,kept,,,
webpy,webpy,Python,93,4,1,no_ci,,,
burnash,gspread,Python,24,2,0,no_ci,,,
ctf-wiki,ctf-wiki,Python,29,5,1,no_ci,,,
holoviz,datashader,Python,252,9,3,kept,,,
karlicoss,promnesia,Python,43,4,1,no_ci,,,
frescobaldi,frescobaldi,Python,6,6,3,no_ci,,,
bashtage,linearmodels,Python,104,6,1,kept,,,
fpgawars,apio,Python,1392,12,5,kept,,,
pmeal,openpnm,Python,136,11,1,kept,,,
pycqa,pycodestyle,Python,6,1,0,no_ci,,,
jmcnamara,xlsxwriter,Python,18,3,3,no_ci,,,
laixintao,iredis,Python,16,4,1,no_ci,,,
datadog,dd-agent,Python,1,1,0,no_ci,,,
pyav-org,pyav,Python,202,4,2,kept,,,
marshmallow-code,webargs,Python,107,3,0,no_test_workflow,,,
pycqa,flake8,Python,25,2,0,no_ci,,,
python,pythondotorg,Python,853,11,1,kept,,,
yeti-platform,yeti,Python,460,8,2,kept,,,
marcomusy,vedo,Python,8,2,0,no_ci,,,
instagram,libcst,Python,72,7,2,no_ci,,,
django-tenants,django-tenants,Python,88,4,0,no_ci,,,
aio-libs,yarl,Python,2102,11,2,kept,,,
pyproj4,pyproj,Python,128,7,2,kept,,,
edgewall,trac,Python,43,3,1,no_ci,,,
rainbow-dreamer,musicpy,Python,6,2,0,no_ci,,,
alltheplaces,alltheplaces,Python,17849,11,1,kept,,,
jcmgray,quimb,Python,128,4,1,kept,,,
lnbits,lnbits,Python,866,19,6,kept,,,
juliankemmerer,pipelinec,Python,0,0,0,no_ci,,,
huggingface,huggingface_hub,Python,9368,25,4,kept,,,
lra,mackup,Python,329,12,1,kept,,,
dbcli,pgcli,Python,144,6,1,kept,,,
fossasia,visdom,Python,4932,16,4,kept,,,
benoitc,gunicorn,Python,95,11,1,no_ci,,,
pymysql,pymysql,Python,230,10,2,kept,,,
jupyter,docker-stacks,Python,1148,20,2,kept,,,
hyperopt,hyperopt,Python,120,5,1,kept,,,
conda,conda,Python,6889,17,4,kept,,,
peterbrittain,asciimatics,Python,7,2,1,no_ci,,,
crossbario,autobahn-python,Python,1097,9,1,kept,,,
ktbyers,netmiko,Python,70,3,1,no_ci,,,
kozea,radicale,Python,359,8,2,kept,,,
pimutils,khal,Python,36,3,1,no_ci,,,
hynek,structlog,Python,294,8,2,kept,,,
pypa,setuptools,Python,287,8,3,kept,,,
quantecon,quantecon.py,Python,262,6,2,kept,,,
rigetti,pyquil,Python,258,7,1,kept,,,
kivy,buildozer,Python,555,10,1,kept,,,
circl,ail-framework,Python,62,3,1,no_ci,,,
kellyjonbrazil,jc,Python,17,5,1,no_ci,,,
imageio,imageio,Python,98,7,3,no_ci,,,
pytroll,satpy,Python,322,4,1,kept,,,
google,capirca,Python,69,6,0,no_ci,,,
kozea,cairosvg,Python,4,1,1,no_ci,,,
tableau,server-client-python,Python,1110,14,4,kept,,,
rr-,szurubooru,Python,14,3,1,no_ci,,,
jorvis,biocode,Python,0,0,0,no_ci,,,
angr,angr-management,Python,516,9,5,kept,,,
dwavesystems,dwave-ocean-sdk,Python,3,1,0,no_ci,,,
openembedded,bitbake,Python,5,2,0,no_ci,,,
ail-project,ail-framework,Python,63,5,1,no_ci,,,
netbox-community,devicetype-library,Python,2123,10,1,kept,,,
acl-org,acl-anthology,Python,4350,19,2,kept,,,
spesmilo,electrumx,Python,170,2,1,kept,,,
n4s4,synology-api,Python,503,8,0,no_test_workflow,,,
aristoteleo,dynamo-release,Python,146,6,2,kept,,,
svenskaspel,locust-plugins,Python,114,3,1,kept,,,
mic92,nix-update,Python,322,8,2,kept,,,
nginx-proxy,nginx-proxy,Python,326,9,1,kept,,,
gallopsled,pwntools,Python,583,10,2,kept,,,
bup,bup,Python,23,1,0,no_ci,,,
django-crispy-forms,django-crispy-forms,Python,10,3,1,no_ci,,,
reactivex,rxpy,Python,339,7,0,no_test_workflow,,,
tautulli,tautulli,Python,639,13,0,no_test_workflow,,,
guake,guake,Python,22,5,1,no_ci,,,
lektor,lektor,Python,72,5,2,no_ci,,,
rasbt,mlxtend,Python,193,7,1,kept,,,
hhyo,archery,Python,1233,9,1,kept,,,
cirosantilli,linux-kernel-module-cheat,Python,0,0,0,no_ci,,,
sammchardy,python-binance,Python,10,4,0,no_ci,,,
more-itertools,more-itertools,Python,117,3,0,no_test_workflow,,,
pgmpy,pgmpy,Python,5125,15,5,kept,,,
emscripten-core,emsdk,Python,20,4,0,no_ci,,,
wger-project,wger,Python,974,10,1,kept,,,
hgrecco,pint,Python,708,4,0,no_test_workflow,,,
niklasf,python-chess,Python,50,4,1,no_ci,,,
flexget,flexget,Python,3238,15,6,kept,,,
ilius,pyglossary,Python,1796,17,7,kept,,,
pyfa-org,pyfa,Python,34,1,0,no_ci,,,
winpython,winpython,Python,45,12,9,no_ci,,,
beeware,briefcase,Python,1182,9,2,kept,,,
django-money,django-money,Python,14,3,1,no_ci,,,
pythonarcade,arcade,Python,278,9,2,kept,,,
polakowo,vectorbt,Python,21,7,1,no_ci,,,
mido,mido,Python,29,6,1,no_ci,,,
s3ql,s3ql,Python,192,7,1,kept,,,
dmoj,judge-server,Python,172,5,2,kept,,,
mdanalysis,mdanalysis,Python,751,10,2,kept,,,
appdaemon,appdaemon,Python,611,8,1,kept,,,
pyvisa,pyvisa,Python,102,4,1,kept,,,
gns3,gns3-server,Python,373,10,1,kept,,,
iipeace,guider,Python,87,2,0,no_ci,,,
bachmann1234,diff_cover,Python,134,4,0,no_test_workflow,,,
ganeti,ganeti,Python,276,5,1,kept,,,
zigpy,zigpy,Python,1009,6,1,kept,,,
dshield-isc,dshield,Python,17,2,0,no_ci,,,
virtuslab,git-machete,Python,31,2,0,no_ci,,,
wapiti-scanner,wapiti,Python,119,4,0,no_test_workflow,,,
samr1,fittrackee,Python,221,8,1,kept,,,
magic-wormhole,magic-wormhole,Python,56,5,2,no_ci,,,
jrnl-org,jrnl,Python,256,9,3,kept,,,
lark-parser,lark,Python,218,7,1,kept,,,
inducer,pudb,Python,106,7,1,kept,,,
matthewwithanm,django-imagekit,Python,4,2,1,no_ci,,,
yourlabs,django-autocomplete-light,Python,62,2,1,no_ci,,,
rdflib,rdflib,Python,576,5,1,kept,,,
openstack,openstack-ansible,Python,1,1,0,no_ci,,,
mikedh,trimesh,Python,138,6,1,kept,,,
mdhiggins,sickbeard_mp4_automator,Python,0,0,0,no_ci,,,
ronf,asyncssh,Python,62,3,1,no_ci,,,
python,devguide,Python,456,5,1,kept,,,
bindsnet,bindsnet,Python,390,8,1,kept,,,
obspy,obspy,Python,337,4,2,kept,,,
jacebrowning,memegen,Python,154,3,0,no_test_workflow,,,
nipy,nipype,Python,93,7,2,no_ci,,,
niosus,easyclangcomplete,Python,1,1,1,no_ci,,,
snarfed,bridgy,Python,371,4,0,no_test_workflow,,,
preferredai,cornac,Python,191,8,0,no_test_workflow,,,
netket,netket,Python,343,8,2,kept,,,
freqtrade,technical,Python,338,6,1,kept,,,
music-assistant,server,Python,46824,25,2,kept,,,
vinta,awesome-python,Python,457,6,1,kept,,,
pallets,flask,Python,265,10,2,kept,,,
psf,requests,Python,735,12,1,kept,,,
nicolargo,glances,Python,395,13,3,kept,,,
ipython,ipython,Python,3968,15,3,kept,,,
sfttech,openage,Python,62,4,4,no_ci,,,
fail2ban,fail2ban,Python,22,3,1,no_ci,,,
django,channels,Python,26,2,1,no_ci,,,
jazzband,pip-tools,Python,363,9,1,kept,,,
lmcinnes,umap,Python,0,1,0,no_ci,,,
jarun,buku,Python,59,1,0,no_ci,,,
dpkp,kafka-python,Python,1097,5,1,kept,,,
kozea,weasyprint,Python,929,13,4,kept,,,
caronc,apprise,Python,1678,9,2,kept,,,
voila-dashboards,voila,Python,225,12,3,kept,,,
biopython,biopython,Python,106,3,1,kept,,,
urllib3,urllib3,Python,2147,11,1,kept,,,
cve-search,cve-search,Python,188,9,1,kept,,,
django-wiki,django-wiki,Python,4,1,0,no_ci,,,
dj-stripe,dj-stripe,Python,216,7,1,kept,,,
syncplay,syncplay,Python,61,1,1,no_ci,,,
undertheseanlp,underthesea,Python,1938,23,11,kept,,,
karlicoss,hpi,Python,134,4,1,kept,,,
bashtage,arch,Python,146,8,1,kept,,,
nilmtk,nilmtk,Python,12,2,0,no_ci,,,
cellprofiler,cellprofiler,Python,91,5,1,no_ci,,,
omry,omegaconf,Python,793,10,0,no_test_workflow,,,
sandmann79,xbmc,Python,92,1,0,no_ci,,,
textx,textx,Python,54,4,1,no_ci,,,
firewalld,firewalld,Python,291,4,3,kept,,,
sfepy,sfepy,Python,29,1,1,no_ci,,,
ipython,ipykernel,Python,584,9,3,kept,,,
gentoo,portage,Python,933,4,1,kept,,,
jendrikseipp,rednotebook,Python,142,8,4,kept,,,
eliasdabbas,advertools,Python,33,4,1,no_ci,,,
scikit-rf,scikit-rf,Python,265,7,2,kept,,,
luxcorerender,blendluxcore,Python,21,3,1,no_ci,,,
gprmax,gprmax,Python,72,3,1,no_ci,,,
johntruckenbrodt,pyrosar,Python,26,3,1,no_ci,,,
twitchio,twitchio,Python,38,4,1,no_ci,,,
globalwordnet,english-wordnet,Python,168,3,1,kept,,,
oliver-zehentleitner,unicorn-binance-websocket-api,Python,227,7,1,kept,,,
fangwei123456,spikingjelly,Python,529,5,0,no_test_workflow,,,
sbrunner,deskew,Python,218,5,0,no_test_workflow,,,
ranger,ranger,Python,111,4,3,kept,,,
bottlepy,bottle,Python,8,2,1,no_ci,,,
netflix,metaflow,Python,1818,15,7,kept,,,
hugsy,gef,Python,31,10,2,no_ci,,,
joblib,joblib,Python,312,6,1,kept,,,
scrapinghub,dateparser,Python,221,8,2,kept,,,
git-cola,git-cola,Python,92,3,1,no_ci,,,
unitedstates,congress-legislators,Python,5,1,0,no_ci,,,
mirumee,ariadne,Python,105,8,2,kept,,,
marshmallow-code,apispec,Python,149,3,0,no_test_workflow,,,
commaai,opendbc,Python,3404,11,1,kept,,,
zarr-developers,zarr-python,Python,12756,30,6,kept,,,
aio-libs,aiobotocore,Python,2155,15,3,kept,,,
olofk,fusesoc,Python,124,3,1,kept,,,
blueman-project,blueman,Python,325,8,0,no_test_workflow,,,
dmoj,online-judge,Python,174,7,1,kept,,,
jupyterhub,kubespawner,Python,177,4,1,kept,,,
otto-torino,django-baton,Python,252,5,1,kept,,,
marcelm,cutadapt,Python,31,3,1,no_ci,,,
artefactual,archivematica,Python,699,8,3,kept,,,
aiqm,torchani,Python,196,18,4,kept,,,
nonebot,nonebot2,Python,5254,13,0,no_test_workflow,,,
reactionmechanismgenerator,rmg-py,Python,1684,11,2,kept,,,
insarlab,mintpy,Python,246,5,0,no_test_workflow,,,
ardupilot,pymavlink,Python,410,6,2,kept,,,
peering-manager,peering-manager,Python,80,2,1,no_ci,,,
tudelft-cns-atm,bluesky,Python,8,3,2,no_ci,,,
unrud,video-downloader,Python,0,0,0,no_ci,,,
deeptime-ml,deeptime,Python,3,2,2,no_ci,,,
yukinarit,pyserde,Python,121,7,1,kept,,,
make-all,tuya-local,Python,7397,12,3,kept,,,
tqdm,tqdm,Python,425,6,1,kept,,,
stevenblack,hosts,Python,341,6,1,kept,,,
nltk,nltk,Python,1533,12,3,kept,,,
falconry,falcon,Python,366,10,7,kept,,,
nodejs,node-gyp,Python,453,9,1,kept,,,
achael,eht-imaging,Python,309,6,1,kept,,,
pyca,cryptography,Python,2648,14,3,kept,,,
mongoengine,mongoengine,Python,31,2,1,no_ci,,,
slackapi,python-slack-sdk,Python,562,8,2,kept,,,
tmux-python,tmuxp,Python,1028,4,1,kept,,,
daviddrysdale,python-phonenumbers,Python,245,5,2,kept,,,
ponyorm,pony,Python,3,1,0,no_ci,,,
django-compressor,django-compressor,Python,60,3,1,no_ci,,,
errbotio,errbot,Python,250,6,1,kept,,,
behave,behave,Python,50,9,3,no_ci,,,
tomerfiliba,plumbum,Python,150,7,1,kept,,,
rafalp,misago,Python,386,5,2,kept,,,
django-import-export,django-import-export,Python,22,2,1,no_ci,,,
exa-networks,exabgp,Python,227,11,3,kept,,,
tslearn-team,tslearn,Python,197,5,3,kept,,,
bleachbit,bleachbit,Python,952,11,5,kept,,,
stripe,stripe-python,Python,844,5,1,kept,,,
quodlibet,quodlibet,Python,485,9,2,kept,,,
slgobinath,safeeyes,Python,31,10,3,no_ci,,,
belangeo,pyo,Python,45,5,2,no_ci,,,
liquidctl,liquidctl,Python,33,3,1,no_ci,,,
networktocode,ntc-templates,Python,109,3,1,kept,,,
earwig,mwparserfromhell,Python,19,3,1,no_ci,,,
teammsgextractor,msg-extractor,Python,2,2,0,no_ci,,,
linotp,linotp,Python,6,1,0,no_ci,,,
mpi4py,mpi4py,Python,372,15,7,kept,,,
simonw,sqlite-utils,Python,1277,11,3,kept,,,
ardupilot,mavproxy,Python,172,7,3,kept,,,
freeipa,ansible-freeipa,Python,140,4,2,kept,,,
pymeasure,pymeasure,Python,390,4,1,kept,,,
bitcoin-core,hwi,Python,76,8,5,no_ci,,,
dalibo,temboard,Python,0,0,0,no_ci,,,
catalyst-cooperative,pudl,Python,5963,21,2,kept,,,
enjoy-digital,litedram,Python,85,3,1,no_ci,,,
snowflakedb,snowflake-connector-python,Python,2990,18,4,kept,,,
slackapi,bolt-python,Python,611,6,2,kept,,,
piccolo-orm,piccolo,Python,66,4,1,no_ci,,,
oca,l10n-spain,Python,1585,5,1,kept,,,
jwock82,pynite,Python,53,7,1,no_ci,,,
arksine,moonraker,Python,104,3,1,kept,,,
lemon24,reader,Python,109,6,1,kept,,,
open-telemetry,opentelemetry-python-contrib,Python,7951,30,7,kept,,,
crowdstrike,falconpy,Python,447,18,6,kept,,,
josephmisiti,awesome-machine-learning,Python,0,1,0,no_ci,,,
ycm-core,youcompleteme,Python,5,3,1,no_ci,,,
tornadoweb,tornado,Python,57,4,2,no_ci,,,
jupyter,jupyter,Python,10,1,0,no_ci,,,
paddlepaddle,paddleocr,Python,1167,17,2,kept,,,
django-cms,django-cms,Python,4492,19,2,kept,,,
archivebox,archivebox,Python,5707,16,4,kept,,,
netbox-community,netbox,Python,6353,16,1,kept,,,
ludwig-ai,ludwig,Python,357,8,3,kept,,,
prompt-toolkit,python-prompt-toolkit,Python,37,6,1,no_ci,,,
kivy,python-for-android,Python,516,8,2,kept,,,
vonng,ddia,Python,6,4,0,no_ci,,,
wkentaro,labelme,Python,3770,10,2,kept,,,
xonsh,xonsh,Python,1464,11,4,kept,,,
pygithub,pygithub,Python,841,13,3,kept,,,
pypa,virtualenv,Python,567,9,1,kept,,,
sphinx-doc,sphinx,Python,999,10,3,kept,,,
python-trio,trio,Python,357,7,1,kept,,,
cowrie,cowrie,Python,2893,12,2,kept,,,
kubernetes-client,python,Python,642,9,2,kept,,,
python-attrs,attrs,Python,672,8,2,kept,,,
lk-geimfari,mimesis,Python,111,5,1,kept,,,
agronholm,apscheduler,Python,38,4,2,no_ci,,,
pycqa,bandit,Python,107,7,1,kept,,,
beeware,toga,Python,2529,9,2,kept,,,
pokeapi,pokeapi,Python,624,8,0,no_test_workflow,,,
pymysql,mysqlclient,Python,143,7,2,kept,,,
octodns,octodns,Python,541,7,0,no_test_workflow,,,
timbrel,gitsavvy,Python,162,4,2,kept,,,
apache,libcloud,Python,1254,12,4,kept,,,
tortoise,tortoise-orm,Python,358,9,1,kept,,,
rytilahti,python-miio,Python,221,4,1,kept,,,
masoniteframework,masonite,Python,17,3,1,no_ci,,,
python-gitlab,python-gitlab,Python,1192,11,2,kept,,,
blazemeter,taurus,Python,117,4,1,kept,,,
jupyterhub,repo2docker,Python,160,4,1,kept,,,
gramps-project,gramps,Python,1482,7,2,kept,,,
camelot-dev,camelot,Python,1017,6,1,kept,,,
jazzband,django-axes,Python,278,5,1,kept,,,
scitools,cartopy,Python,431,6,2,kept,,,
enthought,mayavi,Python,431,5,1,kept,,,
ultrabug,py3status,Python,758,8,1,kept,,,
guessit-io,guessit,Python,656,7,1,kept,,,
brian-team,brian2,Python,244,9,4,kept,,,
overhangio,tutor,Python,387,10,4,kept,,,
lightly-ai,lightly,Python,1547,13,7,kept,,,
fecgov,openfec,Python,6,1,0,no_ci,,,
nipy,nibabel,Python,104,8,3,kept,,,
danforthcenter,plantcv,Python,355,5,1,kept,,,
mapproxy,mapproxy,Python,370,12,2,kept,,,
vgrem,office365-rest-python-client,Python,381,5,2,kept,,,
modflowpy,flopy,Python,943,13,2,kept,,,
aiidateam,aiida-core,Python,3604,19,3,kept,,,
freeopcua,opcua-asyncio,Python,252,4,0,no_test_workflow,,,
fronzbot,blinkpy,Python,1542,9,2,kept,,,
hacs,default,Python,14911,12,0,no_test_workflow,,,
dstl,stone-soup,Python,2711,2,0,no_test_workflow,,,
moj-analytical-services,splink,Python,2842,20,4,kept,,,
jurajnyiri,homeassistant-tapo-control,Python,98,1,0,no_ci,,,
wilsonrljr,sysidentpy,Python,72,7,1,no_ci,,,
jasonacox,tinytuya,Python,293,6,2,kept,,,
reservoirpy,reservoirpy,Python,14,2,1,no_ci,,,
deepfakes,faceswap,Python,47,3,1,no_ci,,,
encode,django-rest-framework,Python,293,9,1,kept,,,
plotly,plotly.py,Python,797,16,9,kept,,,
pyinstaller,pyinstaller,Python,460,7,1,kept,,,
ultralytics,yolov3,Python,1012,10,1,kept,,,
streamlink,streamlink,Python,565,8,2,kept,,,
davidhalter,jedi,Python,6,2,1,no_ci,,,
simonw,datasette,Python,4029,18,4,kept,,,
cloudtools,troposphere,Python,112,2,1,kept,,,
twisted,twisted,Python,413,2,1,kept,,,
pycqa,isort,Python,340,11,1,kept,,,
gitpython-developers,gitpython,Python,1700,11,3,kept,,,
gboeing,osmnx,Python,283,10,2,kept,,,
praw-dev,praw,Python,1226,13,1,kept,,,
apple,coremltools,Python,5,3,0,no_ci,,,
deeplabcut,deeplabcut,Python,2003,18,2,kept,,,
sunscrapers,djoser,Python,69,5,1,no_ci,,,
andreafrancia,trash-cli,Python,164,4,1,kept,,,
bpython,bpython,Python,36,3,1,no_ci,,,
rthalley,dnspython,Python,165,5,1,kept,,,
twilio,twilio-python,Python,214,8,2,kept,,,
netflix,lemur,Python,1995,6,1,kept,,,
glasgowembedded,glasgow,Python,1285,4,1,kept,,,
openstack,horizon,Python,2,1,0,no_ci,,,
tensorflow,quantum,Python,426,5,3,kept,,,
wemake-services,wemake-django-template,Python,867,8,1,kept,,,
hydrusnetwork,hydrus,Python,102,8,0,no_test_workflow,,,
owasp,nettacker,Python,458,7,2,kept,,,
autopkg,autopkg,Python,96,7,1,no_ci,,,
lorexxar,kunlun-m,Python,684,2,1,kept,,,
thingsboard,thingsboard-gateway,Python,70,10,0,no_ci,,,
edcd,edmarketconnector,Python,367,7,1,kept,,,
jpype-project,jpype,Python,556,4,0,no_test_workflow,,,
googlecloudplatform,gsutil,Python,167,3,1,kept,,,
aws,aws-parallelcluster,Python,5040,12,1,kept,,,
drakkar-software,octobot,Python,568,5,3,kept,,,
pythainlp,pythainlp,Python,404,22,6,kept,,,
sunpy,sunpy,Python,1882,14,3,kept,,,
atlassian-api,atlassian-python-api,Python,68,4,1,no_ci,,,
facelessuser,pymdown-extensions,Python,296,7,1,kept,,,
microsoft,msticpy,Python,191,8,1,kept,,,
aws,aws-eks-best-practices,Python,37,4,0,no_ci,,,
volatilityfoundation,volatility3,Python,246,10,4,kept,,,
mlcommons,inference,Python,1800,25,13,kept,,,
inducer,loopy,Python,151,8,1,kept,,,
jellyfin,jellyfin-kodi,Python,380,6,2,kept,,,
marshmallow-code,flask-smorest,Python,31,3,0,no_ci,,,
ardupilot,ardupilot_wiki,Python,1025,8,4,kept,,,
firedrakeproject,firedrake,Python,1454,13,2,kept,,,
copier-org,copier,Python,827,6,2,kept,,,
geopython,pygeoapi,Python,771,8,1,kept,,,
heuer,segno,Python,7,3,1,no_ci,,,
mic92,nixpkgs-review,Python,76,4,0,no_ci,,,
quan666,elf_rss,Python,135,5,1,kept,,,
opencti-platform,connectors,Python,18424,30,10,kept,,,
eleutherai,lm-evaluation-harness,Python,325,6,1,kept,,,
googleapis,python-aiplatform,Python,10144,7,0,no_test_workflow,,,
simonblanke,gradient-free-optimizers,Python,56,4,1,no_ci,,,
borgbackup,borg,Python,5136,13,5,kept,,,
samsung,one,Python,43,16,3,no_ci,,,
triton-inference-server,server,Python,732,8,0,no_test_workflow,,,
fastmachinelearning,hls4ml,Python,696,9,2,kept,,,
efroemling,ballistica,Python,803,9,3,kept,,,
mopidy,mopidy,Python,46,5,1,no_ci,,,
activitywatch,activitywatch,Python,520,9,1,kept,,,
microsoft,qlib,Python,851,8,3,kept,,,
pytorch,ignite,Python,1765,24,7,kept,,,
elastic,elasticsearch-py,Python,692,12,1,kept,,,
home-assistant-libs,pychromecast,Python,278,6,1,kept,,,
aiortc,aiortc,Python,122,4,1,kept,,,
confluentinc,confluent-kafka-python,Python,43,3,0,no_ci,,,
napalm-automation,napalm,Python,49,4,1,no_ci,,,
deepset-ai,haystack,Python,27701,30,5,kept,,,
soco,soco,Python,47,2,0,no_ci,,,
cuthbertlab,music21,Python,335,3,0,no_test_workflow,,,
paddlepaddle,paddlex,Python,268,10,3,kept,,,
alexxit,sonofflan,Python,54,1,0,no_ci,,,
petl-developers,petl,Python,132,5,1,kept,,,
neo4j,neo4j-python-driver,Python,117,6,1,kept,,,
centerforopenscience,osf.io,Python,653,2,1,kept,,,
hhursev,recipe-scrapers,Python,527,5,1,kept,,,
zentralopensource,zentral,Python,2350,8,1,kept,,,
mozilla-services,socorro,Python,204,4,0,no_test_workflow,,,
pypsa,pypsa,Python,2196,12,3,kept,,,
stm32-rs,stm32-rs,Python,18,8,4,no_ci,,,
mittagessen,kraken,Python,59,4,1,no_ci,,,
hungpham2511,toppra,Python,52,3,0,no_ci,,,
karmab,kcli,Python,888,25,18,kept,,,
kiwigrid,k8s-sidecar,Python,342,8,1,kept,,,
zarcolio,sitedorks,Python,0,0,0,no_ci,,,
labgrid-project,labgrid,Python,425,11,3,kept,,,
marketsquare,robotframework-browser,Python,1128,10,0,no_test_workflow,,,
kivy,kivy,Python,2785,15,4,kept,,,
beetbox,beets,Python,4685,14,2,kept,,,
coleifer,peewee,Python,228,3,2,kept,,,
crazyguitar,pysheeet,Python,174,4,1,kept,,,
ajenti,ajenti,Python,66,5,1,no_ci,,,
readthedocs,readthedocs.org,Python,675,8,2,kept,,,
google,clusterfuzz,Python,3695,10,2,kept,,,
kinto,kinto,Python,620,8,1,kept,,,
googleapis,google-cloud-python,Python,37759,23,10,kept,,,
ctfd,ctfd,Python,848,14,5,kept,,,
mikf,gallery-dl,Python,293,5,1,kept,,,
pyload,pyload,Python,186,5,1,kept,,,
crossbario,crossbar,Python,270,5,0,no_test_workflow,,,
holoviz,holoviews,Python,1124,13,3,kept,,,
jacqueslucke,animation_nodes,Python,4,1,0,no_ci,,,
intelowlproject,intelowl,Python,939,12,1,kept,,,
kaggle,docker-python,Python,34,3,0,no_ci,,,
ibis-project,ibis,Python,5536,30,1,kept,,,
google,timesketch,Python,2150,10,2,kept,,,
elastic,rally,Python,531,8,1,kept,,,
ansible-community,ara,Python,1,1,0,no_ci,,,
tensorflow,model-analysis,Python,184,8,2,kept,,,
django-json-api,django-rest-framework-json-api,Python,132,4,1,kept,,,
canonical,cloud-init,Python,3057,30,4,kept,,,
rpm-software-management,dnf,Python,0,0,0,no_ci,,,
ecederstrand,exchangelib,Python,16,3,0,no_ci,,,
databiosphere,toil,Python,110,3,0,no_test_workflow,,,
neuml,txtai,Python,497,5,1,kept,,,
unit8co,darts,Python,255,10,0,no_test_workflow,,,
crytic,slither,Python,383,11,2,kept,,,
gafferhq,gaffer,Python,1275,4,1,kept,,,
fairlearn,fairlearn,Python,456,12,5,kept,,,
svinota,pyroute2,Python,69,6,2,no_ci,,,
gnome-terminator,terminator,Python,49,4,1,no_ci,,,
polychromatic,polychromatic,Python,26,2,1,no_ci,,,
spiral-project,ihatemoney,Python,110,5,1,kept,,,
trailofbits,publications,Python,252,4,0,no_test_workflow,,,
ebroecker,canmatrix,Python,16,1,1,no_ci,,,
pvlib,pvlib-python,Python,1753,10,2,kept,,,
chipmuenk,pyfda,Python,80,7,3,no_ci,,,
lookyloo,lookyloo,Python,1068,6,1,kept,,,
pysmt,pysmt,Python,35,3,0,no_ci,,,
mozilla,bugbug,Python,734,7,0,no_test_workflow,,,
xilinx,brevitas,Python,4417,30,25,kept,,,
yt-project,yt,Python,351,8,3,kept,,,
merenlab,anvio,Python,685,8,2,kept,,,
pytorch,benchmark,Python,263,5,1,kept,,,
coldcard,firmware,Python,3,2,0,no_ci,,,
pybamm-team,pybamm,Python,2195,23,3,kept,,,
adbar,trafilatura,Python,289,3,1,kept,,,
public-apis,public-apis,Python,1004,7,2,kept,,,
sherlock-project,sherlock,Python,178,7,1,kept,,,
sqlmapproject,sqlmap,Python,214,2,1,kept,,,
horovod,horovod,Python,137,5,2,kept,,,
pallets,click,Python,1316,10,3,kept,,,
evilsocket,opensnitch,Python,27,6,3,no_ci,,,
marshmallow-code,marshmallow,Python,69,3,0,no_ci,,,
hypothesisworks,hypothesis,Python,933,7,2,kept,,,
gorakhargosh,watchdog,Python,162,4,1,kept,,,
facebookresearch,pytorch3d,Python,57,4,1,no_ci,,,
optuna,optuna,Python,4951,16,8,kept,,,
raspberrypi,documentation,Python,13,5,1,no_ci,,,
espressif,esptool,Python,2023,10,2,kept,,,
dpgaspar,flask-appbuilder,Python,298,5,1,kept,,,
pritunl,pritunl,Python,43,2,0,no_ci,,,
commixproject,commix,Python,110,2,1,kept,,,
sony,nnabla,Python,13,2,0,no_ci,,,
celery,kombu,Python,613,9,1,kept,,,
erikbern,ann-benchmarks,Python,3,2,0,no_ci,,,
pre-commit,pre-commit-hooks,Python,30,1,0,no_ci,,,
bridgecrewio,checkov,Python,997,13,2,kept,,,
modoboa,modoboa,Python,561,6,1,kept,,,
quay,quay,Python,32933,30,9,kept,,,
librephotos,librephotos,Python,1044,19,2,kept,,,
dry-python,returns,Python,478,5,1,kept,,,
pingcap,docs-cn,Python,5633,19,1,kept,,,
wemake-services,wemake-python-styleguide,Python,748,8,1,kept,,,
reviewboard,reviewboard,Python,3,1,0,no_ci,,,
aiogram,aiogram,Python,323,7,1,kept,,,
nandaka,pixivutil2,Python,107,4,0,no_test_workflow,,,
online-ml,river,Python,993,11,1,kept,,,
morpheus65535,bazarr,Python,644,9,2,kept,,,
dalibo,pg_activity,Python,68,5,1,no_ci,,,
pretix,pretix,Python,3480,9,2,kept,,,
psychopy,psychopy,Python,320,6,1,kept,,,
virt-manager,virt-manager,Python,149,7,2,kept,,,
snooppr,snoop,Python,0,0,0,no_ci,,,
getsentry,sentry-python,Python,24941,30,20,kept,,,
aliyun,aliyun-openapi-python-sdk,Python,32,4,1,no_ci,,,
geospatialpython,pyshp,Python,335,6,3,kept,,,
mljar,mljar-supervised,Python,80,7,4,no_ci,,,
nilearn,nilearn,Python,16407,24,9,kept,,,
pyglet,pyglet,Python,130,2,1,kept,,,
fkie-cad,fact_core,Python,606,8,1,kept,,,
elastic,detection-rules,Python,22999,23,2,kept,,,
hardbyte,python-can,Python,46,3,1,no_ci,,,
pyscf,pyscf,Python,638,7,3,kept,,,
arise-initiative,robosuite,Python,53,7,1,no_ci,,,
inkstitch,inkstitch,Python,934,6,3,kept,,,
rst2pdf,rst2pdf,Python,74,2,1,no_ci,,,
tendenci,tendenci,Python,79,3,0,no_ci,,,
frictionlessdata,frictionless-py,Python,77,3,0,no_ci,,,
hbldh,bleak,Python,227,10,2,kept,,,
tencentcloud,tencentcloud-sdk-python,Python,0,0,0,no_ci,,,
getting-things-gnome,gtg,Python,121,4,1,kept,,,
postlund,pyatv,Python,390,7,1,kept,,,
devitocodes,devito,Python,3335,27,6,kept,,,
frappe,frappe_docker,Python,882,16,7,kept,,,
arrobalytics,django-ledger,Python,0,3,1,no_ci,,,
jupyter-server,jupyter_server,Python,635,11,2,kept,,,
fatal1ty,mashumaro,Python,34,4,1,no_ci,,,
robocorp,rpaframework,Python,242,18,1,kept,,,
yoshitomo-matsubara,torchdistill,Python,166,6,0,no_test_workflow,,,
py2exe,py2exe,Python,49,2,1,no_ci,,,
kinnala,scikit-fem,Python,32,3,2,no_ci,,,
developmentseed,titiler,Python,1260,14,2,kept,,,
siemens,kas,Python,64,3,0,no_ci,,,
yihong0618,gitblog,Python,63,2,0,no_ci,,,
winedarksea,autots,Python,63,6,0,no_ci,,,
rq,rq,Python,1209,9,2,kept,,,
giampaolo,psutil,Python,2185,10,1,kept,,,
numba,numba,Python,1779,20,13,kept,,,
googleapis,google-api-python-client,Python,232,3,0,no_test_workflow,,,
mwouts,jupytext,Python,1637,17,5,kept,,,
brython-dev,brython,Python,22,2,0,no_ci,,,
saulpw,visidata,Python,454,7,3,kept,,,
healthchecks,healthchecks,Python,427,8,2,kept,,,
cloud-custodian,cloud-custodian,Python,822,6,1,kept,,,
coleifer,huey,Python,101,3,2,kept,,,
freedomofpress,securedrop,Python,2288,15,3,kept,,,
biolab,orange3,Python,278,8,2,kept,,,
cornellius-gp,gpytorch,Python,25,4,1,no_ci,,,
openshot,openshot-qt,Python,483,4,2,kept,,,
hacs,integration,Python,4741,16,2,kept,,,
h5py,h5py,Python,787,6,1,kept,,,
gpflow,gpflow,Python,4,1,0,no_ci,,,
ceph,ceph-ansible,Python,265,8,1,kept,,,
mic-dkfz,nnunet,Python,422,9,1,kept,,,
zim-desktop-wiki,zim-desktop-wiki,Python,59,2,2,no_ci,,,
ericsson,codechecker,Python,1788,11,1,kept,,,
indico,indico,Python,3317,9,3,kept,,,
numba,llvmlite,Python,411,13,10,kept,,,
privacyidea,privacyidea,Python,16039,30,9,kept,,,
sublimelsp,lsp,Python,635,8,2,kept,,,
snakemake,snakemake,Python,1765,14,2,kept,,,
mozilla,kitsune,Python,653,6,1,kept,,,
awslabs,open-data-registry,Python,190,3,0,no_test_workflow,,,
unidata,metpy,Python,1649,21,7,kept,,,
oracle,graalpython,Python,861,12,9,kept,,,
vitalik,django-ninja,Python,21,8,2,no_ci,,,
python-social-auth,social-core,Python,3797,11,1,kept,,,
intake,intake,Python,36,4,1,no_ci,,,
freeipa,freeipa,Python,1,1,0,no_ci,,,
z411,trackma,Python,22,2,0,no_ci,,,
datadog,integrations-core,Python,152516,30,10,kept,,,
gcovr,gcovr,Python,172,4,2,kept,,,
ansible,ansible-runner,Python,128,6,1,kept,,,
rapptz,robodanny,Python,0,0,0,no_ci,,,
open-telemetry,opentelemetry-python,Python,5424,30,6,kept,,,
mushroomrl,mushroom-rl,Python,242,3,1,kept,,,
fastavro,fastavro,Python,749,6,4,kept,,,
pingcap,docs,Python,17226,21,2,kept,,,
metabrainz,listenbrainz-server,Python,1228,13,4,kept,,,
e2niee,pandapower,Python,627,5,1,kept,,,
getkeops,keops,Python,177,6,4,kept,,,
openstack,ironic,Python,14,1,0,no_ci,,,
sosreport,sos,Python,596,10,5,kept,,,
koxudaxi,datamodel-code-generator,Python,26088,28,1,kept,,,
microsoft,debugpy,Python,406,8,0,no_test_workflow,,,
snarfed,granary,Python,314,4,0,no_test_workflow,,,
transferwise,pipelinewise,Python,394,10,2,kept,,,
pypa,bandersnatch,Python,1902,12,3,kept,,,
datadog,dd-trace-py,Python,58132,30,10,kept,,,
lhotse-speech,lhotse,Python,82,5,1,no_ci,,,
adafruit,adafruit_blinka,Python,52,6,1,no_ci,,,
prody,prody,Python,130,4,1,kept,,,
pysteps,pysteps,Python,103,8,1,kept,,,
ros2,ros2_documentation,Python,781,6,1,kept,,,
meeb,tubesync,Python,3160,3,1,kept,,,
asreview,asreview,Python,477,9,4,kept,,,
keylime,keylime,Python,516,12,2,kept,,,
biotite-dev,biotite,Python,111,3,0,no_test_workflow,,,
pulp,pulpcore,Python,1361,16,5,kept,,,
meilisearch,meilisearch-python,Python,161,9,1,kept,,,
faust-streaming,faust,Python,795,8,1,kept,,,
keras-team,keras,Python,10849,14,3,kept,,,
certbot,certbot,Python,1025,25,5,kept,,,
psf,black,Python,3220,20,2,kept,,,
locustio,locust,Python,340,5,1,kept,,,
owasp,cheatsheetseries,Python,1851,15,1,kept,,,
aws,aws-cli,Python,5050,20,6,kept,,,
aws,serverless-application-model,Python,304,6,1,kept,,,
aws,chalice,Python,192,5,1,kept,,,
tweepy,tweepy,Python,7,2,1,no_ci,,,
boto,boto3,Python,1282,14,3,kept,,,
alicevision,meshroom,Python,1534,11,2,kept,,,
gevent,gevent,Python,61,3,1,no_ci,,,
python-visualization,folium,Python,1558,14,7,kept,,,
nvidia,apex,Python,10,4,0,no_ci,,,
lutris,lutris,Python,279,7,1,kept,,,
facebookresearch,mmf,Python,25,4,2,no_ci,,,
tribler,tribler,Python,483,9,4,kept,,,
opendronemap,odm,Python,131,7,2,kept,,,
tensorflow,datasets,Python,848,6,3,kept,,,
fonttools,fonttools,Python,165,5,1,kept,,,
geopandas,geopandas,Python,205,6,1,kept,,,
trailofbits,manticore,Python,149,6,2,kept,,,
hypothesis,h,Python,1004,14,1,kept,,,
jupyterhub,binderhub,Python,194,10,4,kept,,,
project-monai,monai,Python,4733,21,2,kept,,,
yelp,paasta,Python,729,7,1,kept,,,
googlecloudplatform,perfkitbenchmarker,Python,2050,4,0,no_test_workflow,,,
emeryberger,csrankings,Python,3417,9,1,kept,,,
graphistry,pygraphistry,Python,4195,8,2,kept,,,
aws,sagemaker-python-sdk,Python,3208,15,3,kept,,,
jtpereyda,boofuzz,Python,31,3,1,no_ci,,,
dask,distributed,Python,2327,15,5,kept,,,
nvaccess,nvda,Python,4696,16,0,no_test_workflow,,,
intelxed,xed,Python,0,0,0,no_ci,,,
esri,arcgis-python-api,Python,39,4,0,no_ci,,,
boto,botocore,Python,1579,14,3,kept,,,
tensorflow,transform,Python,66,6,2,no_ci,,,
sqlalchemy,alembic,Python,102,5,2,kept,,,
napari,napari,Python,30921,30,10,kept,,,
python-control,python-control,Python,110,6,3,kept,,,
twisted,klein,Python,335,3,1,kept,,,
inducer,pyopencl,Python,69,6,2,no_ci,,,
openstates,openstates-scrapers,Python,326,6,0,no_test_workflow,,,
cocotb,cocotb,Python,1585,15,6,kept,,,
microsoftdocs,visualstudio-docs,Python,512,5,0,no_test_workflow,,,
elastic,ecs,Python,886,23,2,kept,,,
hipo,university-domains-list,Python,129,5,1,kept,,,
netbox-community,netbox-docker,Python,169,4,0,no_test_workflow,,,
kiwitcms,kiwi,Python,4227,13,1,kept,,,
erotemic,ubelt,Python,20,3,1,no_ci,,,
ros,rosdistro,Python,8224,7,1,kept,,,
pikepdf,pikepdf,Python,196,6,2,kept,,,
chemprop,chemprop,Python,410,3,1,kept,,,
dimagi,commcare-hq,Python,7279,17,3,kept,,,
zzzeek,alembic,Python,101,4,2,kept,,,
learningequality,kolibri,Python,20943,30,9,kept,,,
googlechrome,chromium-dashboard,Python,4743,7,3,kept,,,
repology,repology-updater,Python,65,1,1,no_ci,,,
rhinstaller,anaconda,Python,3545,23,6,kept,,,
openmc-dev,openmc,Python,1343,17,1,kept,,,
misp,misp-galaxy,Python,156,3,1,kept,,,
mlrun,mlrun,Python,9212,30,11,kept,,,
openmdao,openmdao,Python,551,9,3,kept,,,
vlsida,openram,Python,15,7,0,no_ci,,,
abrignoni,ileapp,Python,856,9,2,kept,,,
asdf-format,asdf,Python,1277,7,2,kept,,,
jgyates,genmon,Python,160,3,0,no_test_workflow,,,
desec-io,desec-stack,Python,59,4,1,no_ci,,,
pypa,build,Python,623,12,2,kept,,,
splunk,attack_data,Python,133,7,0,no_test_workflow,,,
seed-labs,seed-labs,Python,0,0,0,no_ci,,,
vkbo,novelwriter,Python,2197,23,12,kept,,,
seedsigner,seedsigner,Python,105,7,2,kept,,,
scrapy,scrapy,Python,4028,12,4,kept,,,
facebookresearch,detectron2,Python,231,6,1,kept,,,
python,mypy,Python,2006,12,4,kept,,,
networkx,networkx,Python,6104,15,4,kept,,,
frappe,erpnext,Python,48310,29,6,kept,,,
pyro-ppl,pyro,Python,43,3,1,no_ci,,,
prefecthq,prefect,Python,30863,30,12,kept,,,
robotframework,robotframework,Python,430,10,5,kept,,,
aws,aws-sam-cli,Python,3452,14,5,kept,,,
django-oscar,django-oscar,Python,157,4,1,kept,,,
mongodb,mongo-python-driver,Python,4337,14,3,kept,,,
ckan,ckan,Python,1109,15,2,kept,,,
feeluown,feeluown,Python,222,6,1,kept,,,
dagster-io,dagster,Python,4433,11,2,kept,,,
deepchem,deepchem,Python,2827,14,9,kept,,,
zeromq,pyzmq,Python,97,5,1,no_ci,,,
ultimaker,cura,Python,2988,28,5,kept,,,
metabrainz,picard,Python,3169,12,1,kept,,,
pyqtgraph,pyqtgraph,Python,303,6,0,no_test_workflow,,,
cobbler,cobbler,Python,1334,14,4,kept,,,
seleniumbase,seleniumbase,Python,470,6,4,kept,,,
azure,azure-sdk-for-python,Python,390109,27,4,kept,,,
mne-tools,mne-python,Python,25365,19,5,kept,,,
pantsbuild,pants,Python,1321,16,2,kept,,,
ets-labs,python-dependency-injector,Python,51,3,1,no_ci,,,
kivymd,kivymd,Python,732,6,2,kept,,,
linuxcnc,linuxcnc,Python,1322,1,1,kept,,,
zatosource,zato,Python,231,3,0,no_test_workflow,,,
home-assistant,supervisor,Python,4543,14,2,kept,,,
yunohost,yunohost,Python,332,7,0,no_test_workflow,,,
vivisect,vivisect,Python,1,3,0,no_ci,,,
translate,translate,Python,4467,13,2,kept,,,
astropy,astroquery,Python,1082,9,4,kept,,,
pinto0309,pinto_model_zoo,Python,129,2,0,no_test_workflow,,,
pdfarranger,pdfarranger,Python,283,6,0,no_test_workflow,,,
alexxit,xiaomigateway3,Python,18,1,0,no_ci,,,
codespell-project,codespell,Python,545,6,2,kept,,,
ilanschnell,bitarray,Python,6,1,1,no_ci,,,
tanghaibao,jcvi,Python,87,9,3,no_ci,,,
genericmappingtools,pygmt,Python,5980,23,4,kept,,,
hyperspy,hyperspy,Python,1899,11,3,kept,,,
wrye-bash,wrye-bash,Python,142,4,1,kept,,,
rhettbull,osxphotos,Python,93,6,1,no_ci,,,
datalad,datalad,Python,1235,18,5,kept,,,
freelawproject,courtlistener,Python,4705,11,1,kept,,,
alex-petrenko,sample-factory,Python,8,6,2,no_ci,,,
geostat-framework,gstools,Python,153,8,0,no_test_workflow,,,
beartype,beartype,Python,485,8,1,kept,,,
segmentationblwx,sssegmentation,Python,0,1,0,no_ci,,,
binref,refinery,Python,103,5,1,kept,,,
ssh-mitm,ssh-mitm,Python,120,6,0,no_test_workflow,,,
posthog,posthog-foss,Python,164,2,0,no_test_workflow,,,
commaai,openpilot,Python,13355,21,7,kept,,,
huggingface,transformers,Python,75813,30,14,kept,,,
getsentry,sentry,Python,410161,30,2,kept,,,
getredash,redash,Python,163,9,1,kept,,,
plotly,dash,Python,2013,6,2,kept,,,
wagtail,wagtail,Python,1253,11,2,kept,,,
python-pillow,pillow,Python,5955,22,9,kept,,,
mwaskom,seaborn,Python,116,5,1,kept,,,
dask,dask,Python,3113,17,4,kept,,,
pytest-dev,pytest,Python,1404,14,4,kept,,,
facebookresearch,parlai,Python,6,4,0,no_ci,,,
jupyterhub,jupyterhub,Python,711,10,3,kept,,,
stanfordnlp,stanza,Python,565,5,1,kept,,,
angr,angr,Python,2565,9,4,kept,,,
cupy,cupy,Python,8871,14,5,kept,,,
yzhao062,pyod,Python,232,5,2,kept,,,
ranaroussi,yfinance,Python,451,11,1,kept,,,
microsoft,playwright-python,Python,272,7,1,kept,,,
hylang,hy,Python,43,2,1,no_ci,,,
posthog,posthog,Python,1432969,30,11,kept,,,
zzzeek,sqlalchemy,Python,72,5,2,no_ci,,,
espnet,espnet,Python,7332,21,6,kept,,,
sqlalchemy,sqlalchemy,Python,373,5,2,kept,,,
quantumlib,cirq,Python,4336,13,4,kept,,,
h2oai,wave,Python,320,15,0,no_test_workflow,,,
azure,azure-cli,Python,7068,15,0,no_test_workflow,,,
openstack,swift,Python,1,1,0,no_ci,,,
getnikola,nikola,Python,15,1,1,no_ci,,,
autorope,donkeycar,Python,66,6,2,no_ci,,,
python,typeshed,Python,5200,10,5,kept,,,
jazzband,django-redis,Python,193,5,1,kept,,,
nortikin,sverchok,Python,257,8,1,kept,,,
django-helpdesk,django-helpdesk,Python,80,4,1,no_ci,,,
pyomo,pyomo,Python,529,4,2,kept,,,
simple-login,app,Python,102,1,0,no_test_workflow,,,
strawberry-graphql,strawberry,Python,3986,17,3,kept,,,
galaxyproject,galaxy,Python,50849,30,16,kept,,,
jesse-ai,jesse,Python,170,7,1,kept,,,
cadquery,cadquery,Python,189,2,0,no_test_workflow,,,
weewx,weewx,Python,143,4,1,kept,,,
materialsproject,pymatgen,Python,266,8,1,kept,,,
django-treebeard,django-treebeard,Python,284,4,1,kept,,,
gnome,meld,Python,3,2,0,no_ci,,,
pyvista,pyvista,Python,12429,23,2,kept,,,
marcelotduarte,cx_freeze,Python,964,9,2,kept,,,
openstack,cinder,Python,10,1,0,no_ci,,,
pokepetter,ursina,Python,41,2,0,no_ci,,,
twisted,treq,Python,92,4,1,no_ci,,,
git-big-picture,git-big-picture,Python,582,6,1,kept,,,
icopy-site,awesome-cn,Python,164,2,1,kept,,,
plasmapy,plasmapy,Python,4977,26,4,kept,,,
libretro,libretro-database,Python,0,1,0,no_ci,,,
vas3k,vas3k.club,Python,255,6,2,kept,,,
evanli,github-ranking,Python,92,1,0,no_ci,,,
parsl,parsl,Python,833,9,6,kept,,,
netenglabs,suzieq,Python,97,5,1,no_ci,,,
google,uncertainty-baselines,Python,310,2,1,kept,,,
zulip,zulip-terminal,Python,87,5,1,no_ci,,,
bonfy,github-trending,Python,92,1,0,no_ci,,,
f-droid,fdroidserver,Python,1,1,0,no_ci,,,
delta-icons,android,Python,79,4,2,no_ci,,,
zigpy,zha-device-handlers,Python,1085,9,1,kept,,,
bittytax,bittytax,Python,173,6,1,kept,,,
couchers-org,couchers,Python,10144,13,0,no_test_workflow,,,
mitmproxy,mitmproxy,Python,848,9,3,kept,,,
jumpserver,jumpserver,Python,3152,24,4,kept,,,
python-poetry,poetry,Python,604,12,3,kept,,,
streamlit,streamlit,Python,117547,30,10,kept,,,
joke2k,faker,Python,323,6,1,kept,,,
saltstack,salt,Python,15913,30,8,kept,,,
aio-libs,aiohttp,Python,14406,16,2,kept,,,
kovidgoyal,kitty,Python,1702,7,1,kept,,,
kovidgoyal,calibre,Python,2220,8,1,kept,,,
mlflow,mlflow,Python,151007,30,8,kept,,,
pytorch,vision,Python,5158,15,8,kept,,,
openmined,pysyft,Python,2238,17,4,kept,,,
apache,tvm,Python,8600,10,1,kept,,,
secdev,scapy,Python,395,6,2,kept,,,
statsmodels,statsmodels,Python,2187,10,3,kept,,,
spyder-ide,spyder,Python,4007,14,7,kept,,,
octoprint,octoprint,Python,1141,14,1,kept,,,
scikit-image,scikit-image,Python,6552,22,11,kept,,,
stamparm,maltrail,Python,2133,4,0,no_test_workflow,,,
nuitka,nuitka,Python,388,4,2,kept,,,
kornia,kornia,Python,1466,22,4,kept,,,
great-expectations,great_expectations,Python,4719,17,2,kept,,,
facebookresearch,reagent,Python,58,2,0,no_ci,,,
openstack,nova,Python,5,1,0,no_ci,,,
mailu,mailu,Python,202,6,1,kept,,,
weblateorg,weblate,Python,97968,30,1,kept,,,
frappe,frappe,Python,26200,30,8,kept,,,
kubeflow,pipelines,Python,55812,30,21,kept,,,
oppia,oppia,Python,33157,24,7,kept,,,
qiskit,qiskit,Python,7907,30,13,kept,,,
jliljebl,flowblade,Python,1,1,0,no_ci,,,
openstack,neutron,Python,18,1,0,no_ci,,,
nextstrain,ncov,Python,223,9,4,kept,,,
colour-science,colour,Python,504,5,1,kept,,,
leo-editor,leo-editor,Python,1104,4,1,kept,,,
scons,scons,Python,198,2,2,kept,,,
log2timeline,plaso,Python,1874,8,4,kept,,,
serengil,deepface,Python,15,2,1,no_ci,,,
beancount,fava,Python,752,9,3,kept,,,
jupyterhub,zero-to-jupyterhub-k8s,Python,532,10,2,kept,,,
khronosgroup,gltf-blender-io,Python,85,3,1,no_ci,,,
schemathesis,schemathesis,Python,7081,14,4,kept,,,
mozilla,addons-server,Python,5781,11,2,kept,,,
rotki,rotki,Python,4639,16,7,kept,,,
sharkwouter,minigalaxy,Python,227,5,2,kept,,,
rasa,scoop-directory,Python,185,5,0,no_test_workflow,,,
wikimedia,pywikibot,Python,2353,11,7,kept,,,
faucetsdn,faucet,Python,920,11,5,kept,,,
kevoreilly,capev2,Python,1498,11,2,kept,,,
pretalx,pretalx,Python,2200,8,2,kept,,,
mozman,ezdxf,Python,71,10,3,no_ci,,,
sanderland,katrain,Python,134,4,0,no_test_workflow,,,
tfranzel,drf-spectacular,Python,62,5,1,no_ci,,,
conan-io,conan-center-index,Python,95,5,0,no_ci,,,
simpeg,simpeg,Python,16,2,0,no_ci,,,
chia-network,chia-blockchain,Python,26772,30,8,kept,,,
ansible-collections,community.general,Python,2838,6,0,no_test_workflow,,,
lmeszinc,azurlaneautoscript,Python,0,0,0,no_ci,,,
openvinotoolkit,nncf,Python,3690,30,4,kept,,,
spcl,dace,Python,4628,28,17,kept,,,
samuelclay,newsblur,Python,317,6,3,kept,,,
asahilinux,m1n1,Python,923,5,2,kept,,,
tensorflow,models,Python,174,6,1,kept,,,
django,django,Python,22031,23,8,kept,,,
ansible,ansible,Python,4,2,0,no_ci,,,
python,cpython,Python,68479,30,5,kept,,,
swisskyrepo,payloadsallthethings,Python,29,3,0,no_ci,,,
celery,celery,Python,2029,14,2,kept,,,
numpy,numpy,Python,32395,30,18,kept,,,
spotify,luigi,Python,228,3,1,kept,,,
python-telegram-bot,python-telegram-bot,Python,1890,24,5,kept,,,
dbcli,mycli,Python,1242,6,1,kept,,,
ansible,awx,Python,4109,19,2,kept,,,
ultralytics,yolov5,Python,1585,11,1,kept,,,
scipy,scipy,Python,42629,23,10,kept,,,
pypa,pip,Python,1278,11,2,kept,,,
huggingface,datasets,Python,1128,11,3,kept,,,
rapptz,discord.py,Python,283,6,2,kept,,,
pallets,werkzeug,Python,227,8,1,kept,,,
freqtrade,freqtrade,Python,2560,17,2,kept,,,
spotdl,spotify-downloader,Python,758,16,4,kept,,,
mher,flower,Python,45,5,2,no_ci,,,
buildbot,buildbot,Python,272,6,2,kept,,,
spesmilo,electrum,Python,1558,9,3,kept,,,
stackstorm,st2,Python,1100,9,3,kept,,,
eternnoir,pytelegrambotapi,Python,90,5,0,no_ci,,,
mesonbuild,meson,Python,7036,15,2,kept,,,
internetarchive,openlibrary,Python,7330,24,2,kept,,,
tox-dev,tox,Python,664,7,0,no_test_workflow,,,
cog-creators,red-discordbot,Python,1106,16,1,kept,,,
pydata,xarray,Python,4551,20,5,kept,,,
sabnzbd,sabnzbd,Python,1645,9,2,kept,,,
googlecloudplatform,professional-services,Python,2247,3,0,no_test_workflow,,,
cloud-cv,evalai,Python,2108,9,1,kept,,,
holoviz,panel,Python,885,14,3,kept,,,
pyro-ppl,numpyro,Python,187,8,1,kept,,,
pyocd,pyocd,Python,288,8,2,kept,,,
custom-components,ble_monitor,Python,148,7,1,kept,,,
demisto,content,Python,187188,30,1,kept,,,
pschanely,crosshair,Python,1282,7,5,kept,,,
alexey-t,cudatext,Python,2,2,2,no_ci,,,
artisan-roaster-scope,artisan,Python,508,9,1,kept,,,
webbreacher,whatsmyname,Python,77,5,0,no_ci,,,
jimmxinu,fanficfare,Python,37,1,0,no_ci,,,
sqlfluff,sqlfluff,Python,4816,21,5,kept,,,
amulet-team,amulet-map-editor,Python,117,7,5,kept,,,
nicotine-plus,nicotine-plus,Python,1519,8,2,kept,,,
aistream-peelout,flow-forecast,Python,25,5,0,no_ci,,,
intrig-unicamp,mininet-wifi,Python,0,0,0,no_ci,,,
pyfr,pyfr,Python,2,2,0,no_ci,,,
soxoj,maigret,Python,1355,12,2,kept,,,
castorini,pyserini,Python,9,2,0,no_ci,,,
redxeye,sourceio,Python,0,0,0,no_ci,,,
bottlesdevs,bottles,Python,347,6,1,kept,,,
matthiasvalvekens,pyhanko,Python,817,7,1,kept,,,
ledfx,ledfx,Python,483,8,2,kept,,,
hikari-py,hikari,Python,956,8,1,kept,,,
pandas-dev,pandas,Python,27940,17,3,kept,,,
conan-io,conan,Python,1096,10,5,kept,,,
facebookresearch,hydra,Python,2836,12,1,kept,,,
qtile,qtile,Python,1007,7,1,kept,,,
spack,spack,Python,4576,18,6,kept,,,
manimcommunity,manim,Python,688,11,1,kept,,,
pygments,pygments,Python,336,6,1,kept,,,
conda-forge,staged-recipes,Python,17174,6,3,kept,,,
kodi-vstream,venom-xbmc-addons,Python,0,0,0,no_ci,,,
ccbogel,qualcoder,Python,1058,5,1,kept,,,
sympy,sympy,Python,13158,12,3,kept,,,
python-discord,bot,Python,355,8,2,kept,,,
batocera-linux,batocera.linux,Python,45,2,0,no_ci,,,
thealgorithms,python,Python,2359,11,2,kept,,,
tensorflow,tfx,Python,1484,10,2,kept,,,
ray-project,ray,Python,15374,10,0,no_test_workflow,,,
zulip,zulip,Python,9020,12,1,kept,,,
squidfunk,mkdocs-material,Python,41,3,1,no_ci,,,
mitogen-hq,mitogen,Python,105,2,1,kept,,,
jeffreyca,spleeter-web,Python,449,6,0,no_test_workflow,,,
samschott,maestral,Python,12,8,1,no_ci,,,
pennylaneai,pennylane,Python,61501,30,10,kept,,,
saleweaver,python-amazon-sp-api,Python,244,8,1,kept,,,
microsoft,pyright,Python,753,13,1,kept,,,
codecov,codecov-action,Python,100,5,0,no_test_workflow,,,
al-one,hass-xiaomi-miot,Python,271,6,0,no_test_workflow,,,
scikit-learn,scikit-learn,Python,60876,30,8,kept,,,
splunk,security_content,Python,2894,13,3,kept,,,
oca,server-tools,Python,835,5,1,kept,,,
django-hijack,django-hijack,Python,293,6,1,kept,,,
kapicorp,kapitan,Python,1436,15,3,kept,,,
rcore-os,rcore-tutorial-book-v3,Python,13,3,0,no_ci,,,
cernopendata,opendata.cern.ch,Python,49,2,1,no_ci,,,
pydata,pydata-sphinx-theme,Python,883,9,2,kept,,,
nwg-piotr,nwg-panel,Python,2,1,0,no_ci,,,
whitphx,streamlit-webrtc,Python,2378,11,2,kept,,,
milescranmer,pysr,Python,2502,20,7,kept,,,
jerbouma,financedatabase,Python,269,7,1,kept,,,
disposable-email-domains,disposable-email-domains,Python,371,5,0,no_test_workflow,,,
lumiwealth,lumibot,Python,999,10,1,kept,,,
lightkurve,lightkurve,Python,72,5,1,no_ci,,,
l3p-cv,lost,Python,30,3,0,no_ci,,,
infobyte,faraday,Python,9,2,0,no_ci,,,
openwisp,openwisp-controller,Python,6115,18,2,kept,,,
minorua,qgis2threejs,Python,2,2,0,no_ci,,,
abrignoni,aleapp,Python,959,7,1,kept,,,
dgtlmoon,changedetection.io,Python,893,11,6,kept,,,
gsa,data.gov,Python,838,19,3,kept,,,
babybuddy,babybuddy,Python,211,7,1,kept,,,
ccostan,home-assistantconfig,Python,101,5,0,no_test_workflow,,,
truenas,middleware,Python,5328,6,1,kept,,,
hermanmartinus,bearblog,Python,30,2,0,no_ci,,,
opengaming,osgameclones,Python,2012,6,0,no_test_workflow,,,
timqian,chinese-independent-blogs,Python,156,6,0,no_test_workflow,,,
mozilla,fx-private-relay,Python,5196,16,4,kept,,,
inventree,inventree,Python,12024,16,0,no_test_workflow,,,
mapillary,opensfm,Python,132,5,0,no_test_workflow,,,
geonode,geonode,Python,2440,13,3,kept,,,
mozilla,pontoon,Python,2584,12,0,no_test_workflow,,,
hotosm,tasking-manager,Python,289,16,4,kept,,,
midoks,mdserver-web,Python,846,10,0,no_test_workflow,,,
opentrons,opentrons,Python,30488,30,19,kept,,,
openaddresses,openaddresses,Python,24,3,0,no_ci,,,
kantord,librelingo,Python,5,3,1,no_ci,,,
cryptoadvance,specter-desktop,Python,629,16,4,kept,,,
myems,myems,Python,96,2,0,no_ci,,,
odoo,odoo,Python,3,1,0,no_ci,,,
pytorch,pytorch,Python,632063,30,9,kept,,,
apache,superset,Python,384829,30,7,kept,,,
openstack,openstack,Python,0,0,0,no_ci,,,
xpra-org,xpra,Python,842,8,2,kept,,,
ccxt,ccxt,Python,43913,20,1,kept,,,
python-hyper,h2,Python,30,3,1,no_ci,,,
canonical,subiquity,Python,673,10,2,kept,,,
boris-code,feapder,Python,45,4,0,no_ci,,,
canonical,netplan,Python,489,14,6,kept,,,
jellyfin,jellycon,Python,209,6,2,kept,,,
huggingface,accelerate,Python,1403,22,9,kept,,,
plasma-umass,scalene,Python,671,9,3,kept,,,
doubleml,doubleml-for-py,Python,97,5,1,no_ci,,,
thomaspinder,gpjax,Python,1691,14,2,kept,,,
microsoft,presidio,Python,2647,13,1,kept,,,
sigmahq,sigma,Python,2882,16,4,kept,,,
pablolec,recoverpy,Python,305,9,1,kept,,,
xxyzz,worddumb,Python,42,6,1,no_ci,,,
pytorch,tutorials,Python,1222,22,3,kept,,,
nautobot,nautobot,Python,6891,16,5,kept,,,
enterprisedb,barman,Python,65,5,1,no_ci,,,
speechbrain,speechbrain,Python,56,9,1,no_ci,,,
yt-dlp,yt-dlp,Python,8297,17,6,kept,,,
frederic-mahe,hardware-target-game-database,Python,2,2,1,no_ci,,,
zyddnys,manga-image-translator,Python,103,4,1,kept,,,
tobymao,sqlglot,Python,2993,11,3,kept,,,
pdm-project,pdm,Python,249,4,1,kept,,,
pyjanitor-devs,pyjanitor,Python,147,7,1,kept,,,
ansible,ansible-navigator,Python,982,8,0,no_test_workflow,,,
pyodide,pyodide,Python,1251,11,0,no_test_workflow,,,
mrakgr,the-spiral-language,Python,22,2,0,no_ci,,,
dr5hn,countries-states-cities-database,Python,245,15,0,no_test_workflow,,,
robertmuth,cwerg,Python,31,1,1,no_ci,,,
aws-samples,serverless-patterns,Python,478,9,1,kept,,,
vearch,vearch,Python,260,12,7,kept,,,
jellyfin,jellyfin-mpv-shim,Python,153,4,2,kept,,,
mindee,doctr,Python,1860,19,2,kept,,,
koordinates,kart,Python,226,9,5,kept,,,
linkml,linkml,Python,6423,18,4,kept,,,
hail-is,hail,Python,956,13,4,kept,,,
israel-dryer,ttkbootstrap,Python,61,3,1,no_ci,,,
semuconsulting,pygpsclient,Python,12,3,0,no_ci,,,
jertel,elastalert2,Python,220,10,1,kept,,,
sajjadium,ctf-archives,Python,1,1,0,no_ci,,,
osm-search,nominatim,Python,150,5,3,kept,,,
photonixapp,photonix,Python,147,4,0,no_test_workflow,,,
onnx,onnx,Python,19735,30,8,kept,,,
archlinux,archinstall,Python,5349,19,4,kept,,,
doronz88,pymobiledevice3,Python,939,7,0,no_test_workflow,,,
facebookincubator,cinder,Python,1084,26,3,kept,,,
bookwyrm-social,bookwyrm,Python,3088,9,0,no_test_workflow,,,
guibranco,bancosbrasileiros,Python,1605,17,0,no_test_workflow,,,
dcs-liberation,dcs_liberation,Python,225,6,2,kept,,,
yihong0618,githubposter,Python,110,5,1,kept,,,
ytdl-patched,ytdl-patched,Python,590,9,2,kept,,,
joouha,euporie,Python,10,2,0,no_ci,,,
gdsfactory,gdsfactory,Python,2466,12,1,kept,,,
wenet-e2e,wenet,Python,120,10,5,kept,,,
pypa,cibuildwheel,Python,1416,12,3,kept,,,
aws-cloudformation,cfn-lint,Python,1055,11,5,kept,,,
apeworx,ape,Python,485,11,2,kept,,,
gradio-app,gradio,Python,47534,28,8,kept,,,
jeshraghian,snntorch,Python,12,3,2,no_ci,,,
makehumancommunity,mpfb2,Python,1,1,0,no_ci,,,
mastercomfig,mastercomfig,Python,36,5,1,no_ci,,,
goauthentik,authentik,Python,82381,30,6,kept,,,
optuna,optuna-examples,Python,1256,30,0,no_test_workflow,,,
pypa,pipx,Python,1194,11,3,kept,,,
mysql,mysql-operator,Python,2,2,0,no_ci,,,
emissary-ingress,emissary,Python,128,15,5,kept,,,
entr0pia,switchyomega-whitelist,Python,47,1,0,no_ci,,,
tiny-pilot,tinypilot,Python,10,3,0,no_ci,,,
hildogjr,kicost,Python,35,4,0,no_ci,,,
blocklistproject,lists,Python,639,12,1,kept,,,
flagsmith,flagsmith,Python,16805,30,4,kept,,,
libretranslate,libretranslate,Python,51,7,1,no_ci,,,
sourmash-bio,sourmash,Python,1608,13,4,kept,,,
googlecloudplatform,professional-services-data-validator,Python,720,3,0,no_test_workflow,,,
rapidsai,cuml,Python,5282,11,2,kept,,,
searxng,searxng,Python,2422,11,0,no_test_workflow,,,
bramstroker,homeassistant-powercalc,Python,8394,30,2,kept,,,
meltano,meltano,Python,2855,13,3,kept,,,
madwind,flexget_qbittorrent_mod,Python,0,0,0,no_ci,,,
mir-group,nequip,Python,46,5,2,no_ci,,,
psycopg,psycopg,Python,719,10,6,kept,,,
ivre,ivre,Python,3653,15,8,kept,,,
gitguardian,ggshield,Python,2133,10,1,kept,,,
rapidai,rapidocr,Python,67,7,0,no_ci,,,
iterativv,nostalgiaforinfinity,Python,2242,9,3,kept,,,
sartography,spiffworkflow,Python,131,7,1,kept,,,
mvt-project,mvt,Python,873,8,1,kept,,,
g-battaglia,kerykeion,Python,27,3,1,no_ci,,,
k2-fsa,icefall,Python,1213,28,4,kept,,,
patrick-kidger,equinox,Python,58,5,1,no_ci,,,
fast-64,fast64,Python,26,1,0,no_ci,,,
gtalarico,pyairtable,Python,24,3,0,no_ci,,,
googlecloudplatform,click-to-deploy,Python,1107,4,1,kept,,,
zenml-io,zenml,Python,18451,30,10,kept,,,
onionshare,onionshare,Python,244,4,2,kept,,,
zhouzhouprogram,shadowrocket-adblock-rules,Python,0,0,0,no_ci,,,
ethereum,execution-specs,Python,5429,26,4,kept,,,
infer-actively,pymdp,Python,369,12,2,kept,,,
lona-web-org,lona,Python,2,2,1,no_ci,,,
ethereum,consensus-specs,Python,3084,11,3,kept,,,
theupdateframework,python-tuf,Python,496,13,4,kept,,,
nextcord,nextcord,Python,169,5,0,no_test_workflow,,,
bouni,kicad-jlcpcb-tools,Python,211,8,1,kept,,,
9001,copyparty,Python,0,0,0,no_ci,,,
sigmahq,pysigma,Python,207,9,1,kept,,,
huggingface,optimum,Python,876,17,10,kept,,,
borgmatic-collective,borgmatic,Python,5,1,0,no_ci,,,
anyoptimization,pymoo,Python,71,6,2,no_ci,,,
archipelagomw,archipelago,Python,2547,12,4,kept,,,
intel,neural-compressor,Python,3945,14,1,kept,,,
pycord-development,pycord,Python,3795,21,1,kept,,,
mandiant,capa,Python,1443,18,3,kept,,,
sdv-dev,sdv,Python,1219,14,6,kept,,,
tsukumijima,konomitv,Python,286,9,2,kept,,,
mathics3,mathics-core,Python,3326,13,1,kept,,,
mandiant,flare-floss,Python,574,13,5,kept,,,
pyg-team,pytorch_geometric,Python,1432,14,5,kept,,,
procrastinate-org,procrastinate,Python,461,6,1,kept,,,
stuffanthings,qbit_manage,Python,3446,28,4,kept,,,
kubeflow,katib,Python,1106,21,11,kept,,,
dustinkirkland,byobu,Python,98,2,0,no_ci,,,
aws-samples,aws2tf,Python,55,2,0,no_ci,,,
offa,android-foss,Python,314,5,1,kept,,,
deadc0de6,dotdrop,Python,108,7,2,kept,,,
robostack,ros-noetic,Python,13,9,7,no_ci,,,
bottlecapdave,homeassistant-octopusenergy,Python,634,7,0,no_test_workflow,,,
saleor,saleor,Python,8288,30,9,kept,,,
zauberzeug,nicegui,Python,810,15,4,kept,,,
cloudevents,spec,Python,25,2,0,no_ci,,,
opencv,opencv-python,Python,209,8,6,kept,,,
termux,proot-distro,Python,109,3,1,kept,,,
fabulously-optimized,fabulously-optimized,Python,187,2,0,no_test_workflow,,,
zjunlp,deepke,Python,0,0,0,no_ci,,,
grapheneos,vanadium,Python,1,1,0,no_ci,,,
cantools,cantools,Python,114,3,0,no_test_workflow,,,
farama-foundation,pettingzoo,Python,1062,13,3,kept,,,
home-assistant,operating-system,Python,664,11,2,kept,,,
davidusb-geek,emhass,Python,2303,12,1,kept,,,
vyos,vyos-build,Python,1659,18,3,kept,,,
rpilist,specials,Python,0,0,0,no_ci,,,
rasterio,rasterio,Python,296,7,5,kept,,,
cookiecutter,cookiecutter-django,Python,2124,11,1,kept,,,
z3z1ma,dbt-osmosis,Python,515,10,2,kept,,,
devbisme,skidl,Python,1,1,0,no_ci,,,
redis,redis-py,Python,2331,13,3,kept,,,
yezz123,authx,Python,226,6,2,kept,,,
fsspec,s3fs,Python,24,2,1,no_ci,,,
fsspec,filesystem_spec,Python,158,3,1,kept,,,
google-research,t5x,Python,88,2,1,no_ci,,,
coreruleset,coreruleset,Python,5644,13,4,kept,,,
pyeventsourcing,eventsourcing,Python,33,2,1,no_ci,,,
allen-synthesis,europi,Python,93,7,1,no_ci,,,
paddlepaddle,paddlespeech,Python,39,2,1,no_ci,,,
fal-ai,fal,Python,6018,23,8,kept,,,
google,budoux,Python,1470,11,4,kept,,,
facebookresearch,xformers,Python,58,16,5,no_ci,,,
disnakedev,disnake,Python,1465,8,1,kept,,,
ethereum,pm,Python,6142,14,1,kept,,,
nvidia,nvflare,Python,13767,13,2,kept,,,
zabbix,community-templates,Python,148,4,0,no_test_workflow,,,
voicevox,voicevox_engine,Python,232,16,5,kept,,,
atsushisakai,pythonrobotics,Python,373,10,4,kept,,,
pymc-devs,pymc,Python,2441,15,2,kept,,,
pypa,flit,Python,83,4,1,no_ci,,,
siliconcompiler,siliconcompiler,Python,3142,15,4,kept,,,
kk7ds,chirp,Python,439,3,1,kept,,,
shapely,shapely,Python,304,7,1,kept,,,
ocrmypdf,ocrmypdf,Python,247,5,0,no_test_workflow,,,
openwpm,openwpm,Python,779,8,1,kept,,,
permitio,opal,Python,315,7,1,kept,,,
amaranth-lang,amaranth,Python,29,1,1,no_ci,,,
hummingbot,hummingbot,Python,569,7,1,kept,,,
mwmbl,mwmbl,Python,270,8,2,kept,,,
robusta-dev,robusta,Python,726,7,1,kept,,,
outdoorbits,little-backup-box,Python,43,3,0,no_ci,,,
buddy-compiler,buddy-mlir,Python,941,9,3,kept,,,
sdaqo,anipy-cli,Python,340,6,0,no_test_workflow,,,
polyaxon,traceml,Python,17,2,0,no_ci,,,
selkies-project,selkies,Python,714,15,4,kept,,,
kedro-org,kedro,Python,8618,26,4,kept,,,
textualize,textual,Python,428,11,1,kept,,,
kartoffeltoby,better_thermostat,Python,3723,11,1,kept,,,
textualize,rich,Python,111,11,1,kept,,,
gam-team,gam,Python,947,9,1,kept,,,
cybersecsi,raudi,Python,96,3,0,no_ci,,,
mljar,mercury,Python,50,2,1,no_ci,,,
runtimeverification,k,Python,353,10,2,kept,,,
khuedoan,homelab,Python,0,0,0,no_ci,,,
jelmer,dulwich,Python,2284,12,3,kept,,,
nationalgalleryofart,opendata,Python,0,0,0,no_ci,,,
jupyter-server,enterprise_gateway,Python,84,4,1,no_ci,,,
ott-jax,ott,Python,157,5,2,kept,,,
py-mine,mcstatus,Python,267,7,2,kept,,,
rafatosta,zapzap,Python,339,15,8,kept,,,
deepdoctection,deepdoctection,Python,150,9,3,kept,,,
blaylockbk,herbie,Python,58,4,2,no_ci,,,
yutto-dev,yutto,Python,2923,16,2,kept,,,
mkdocstrings,griffe,Python,215,7,1,kept,,,
ceccopierangiolieugenio,pytermtk,Python,597,15,2,kept,,,
bytewax,bytewax,Python,68,6,2,no_ci,,,
scverse,scvi-tools,Python,10140,22,17,kept,,,
elementary-data,dbt-data-reliability,Python,782,11,3,kept,,,
karrioapi,karrio,Python,521,11,5,kept,,,
prowler-cloud,prowler,Python,98223,30,9,kept,,,
python-jsonschema,jsonschema,Python,386,4,1,kept,,,
google,vizier,Python,452,5,1,kept,,,
datahub-project,datahub,Python,163822,30,6,kept,,,
gefyrahq,gefyra,Python,2021,16,5,kept,,,
ietf-tools,datatracker,Python,979,14,3,kept,,,
motioneye-project,motioneye,Python,4683,15,2,kept,,,
amidaware,tacticalrmm,Python,160,3,1,kept,,,
dstackai,dstack,Python,784,16,4,kept,,,
ansible,ansible-lint,Python,2003,10,0,no_test_workflow,,,
canonical,microk8s,Python,548,15,3,kept,,,
scverse,anndata,Python,3484,11,3,kept,,,
tradingstrategy-ai,web3-ethereum-defi,Python,5613,30,24,kept,,,
scverse,scanpy,Python,2213,7,2,kept,,,
py2many,py2many,Python,369,6,0,no_test_workflow,,,
python-humanize,humanize,Python,810,11,1,kept,,,
paperless-ngx,paperless-ngx,Python,15302,21,5,kept,,,
bloomberg,memray,Python,1875,13,4,kept,,,
tubearchivist,tubearchivist,Python,76,4,1,no_ci,,,
dmmaze,ballonstranslator,Python,38,3,0,no_ci,,,
saltyorg,saltbox,Python,676,9,2,kept,,,
nuclia,nucliadb,Python,3590,16,3,kept,,,
scottsloan,bili23-downloader,Python,18,3,0,no_ci,,,
automatic-ripping-machine,automatic-ripping-machine,Python,881,19,5,kept,,,
bradyajohnston,molecularnodes,Python,195,9,3,kept,,,
wenjiedu,pypots,Python,176,15,2,kept,,,
opensanctions,opensanctions,Python,14634,15,3,kept,,,
xdslproject,xdsl,Python,12933,16,8,kept,,,
pypa,hatch,Python,971,11,5,kept,,,
scikit-hep,awkward,Python,3687,24,8,kept,,,
talmolab,sleap,Python,688,7,2,kept,,,
apiflask,apiflask,Python,52,7,1,no_ci,,,
requests-cache,requests-cache,Python,122,5,1,kept,,,
pachterlab,gget,Python,472,9,2,kept,,,
soupday,cc_blender_tools,Python,0,0,0,no_ci,,,
google,orbax,Python,17766,12,3,kept,,,
academysoftwarefoundation,rez,Python,1601,18,1,kept,,,
py-why,dowhy,Python,2262,19,5,kept,,,
onekey-sec,unblob,Python,1598,9,2,kept,,,
ungoogled-software,ungoogled-chromium,Python,2027,5,1,kept,,,
cosmos,chain-registry,Python,1516,13,1,kept,,,
bunkerity,bunkerweb,Python,1588,30,10,kept,,,
openqasm,openqasm,Python,183,8,4,kept,,,
freedomofpress,dangerzone,Python,1419,13,6,kept,,,
dext0r,yandex_smart_home,Python,105,8,1,kept,,,
exo-lang,exo,Python,124,7,2,kept,,,
lucc,khard,Python,10,3,1,no_ci,,,
dfki-ric,pytransform3d,Python,25,2,0,no_ci,,,
pyscript,pyscript,Python,60,6,1,no_ci,,,
estrellaxd,auto_bangumi,Python,221,6,0,no_test_workflow,,,
google,paxml,Python,81,2,0,no_ci,,,
google,bumble,Python,505,8,2,kept,,,
wills106,homeassistant-solax-modbus,Python,1876,10,1,kept,,,
perfanalytics,pose2sim,Python,367,6,1,kept,,,
paddlepaddle,fastdeploy,Python,14220,30,17,kept,,,
flet-dev,flet,Python,2060,14,6,kept,,,
pypi,warehouse,Python,4998,13,3,kept,,,
huggingface,diffusers,Python,20939,30,13,kept,,,
frappe,hrms,Python,5540,17,6,kept,,,
markqvist,sideband,Python,0,1,0,no_ci,,,
pallets,quart,Python,137,4,1,kept,,,
nvidia,warp,Python,2304,14,4,kept,,,
acesuit,mace,Python,742,13,6,kept,,,
littlebyteorg,appledb,Python,970,4,0,no_test_workflow,,,
ucupumar,ucupaint,Python,7,1,0,no_ci,,,
flagai-open,flagai,Python,6,2,0,no_ci,,,
futaguard,lowtechfilter,Python,152,2,0,no_test_workflow,,,
basetenlabs,truss,Python,1971,25,10,kept,,,
frappe,education,Python,119,3,2,kept,,,
nemo2011,bilibili-api,Python,94,6,0,no_ci,,,
frappe,press,Python,4997,14,2,kept,,,
uselotus,lotus,Python,217,5,2,kept,,,
wasserth,totalsegmentator,Python,674,8,5,kept,,,
pablosnt,rekono,Python,1227,15,4,kept,,,
unionai-oss,pandera,Python,260,6,1,kept,,,
pydantic,pydantic,Python,4514,15,4,kept,,,
aws,aws-sdk-pandas,Python,2866,17,2,kept,,,
blacklanternsecurity,bbot,Python,5361,10,2,kept,,,
rocketpy-team,rocketpy,Python,1013,14,2,kept,,,
aws-neuron,aws-neuron-sdk,Python,127,6,0,no_test_workflow,,,
skypilot-org,skypilot,Python,30734,30,11,kept,,,
embeddings-benchmark,mteb,Python,12219,24,5,kept,,,
farama-foundation,gymnasium,Python,1036,15,2,kept,,,
pyptt,pyptt,Python,248,6,1,kept,,,
frappe,gameplan,Python,940,12,6,kept,,,
nikhilbadyal,docker-py-revanced,Python,3,10,1,no_ci,,,
awslabs,gluonts,Python,1379,16,8,kept,,,
opendatalab,labelu,Python,28,7,0,no_ci,,,
katanaml,sparrow,Python,20,1,0,no_ci,,,
python-semantic-release,python-semantic-release,Python,229,9,3,kept,,,
pthom,imgui_bundle,Python,1364,22,1,kept,,,
mpmath,mpmath,Python,373,7,2,kept,,,
robot-descriptions,robot_descriptions.py,Python,283,5,1,kept,,,
themix-project,themix-gui,Python,2,1,1,no_ci,,,
pact-foundation,pact-python,Python,2550,11,1,kept,,,
hystax,optscale,Python,178,30,25,kept,,,
hhatto,autopep8,Python,93,4,0,no_ci,,,
dlt-hub,dlt,Python,1323,22,12,kept,,,
1200wd,bitcoinlib,Python,94,7,6,no_ci,,,
modelscope,modelscope,Python,681,10,2,kept,,,
widgetti,solara,Python,764,9,1,kept,,,
johnmarktaylor91,torchlens,Python,8840,8,2,kept,,,
python-zeroconf,python-zeroconf,Python,543,5,1,kept,,,
microsoftgraph,msgraph-sdk-python,Python,1750,12,1,kept,,,
sygil-dev,sygil-webui,Python,20,4,0,no_ci,,,
insight-platform,savant,Python,33,4,0,no_ci,,,
roboflow,roboflow-python,Python,431,6,1,kept,,,
theporgs,exegol,Python,16,9,3,no_ci,,,
zqfang,gseapy,Python,83,7,2,no_ci,,,
pymc-labs,pymc-marketing,Python,7837,25,3,kept,,,
nixtla,neuralforecast,Python,1097,11,1,kept,,,
pymc-labs,causalpy,Python,3605,14,2,kept,,,
mustardchef,wsabuilds,Python,82,9,5,no_ci,,,
joeanamier,tiktokdownloader,Python,90,9,1,no_ci,,,
openstack,keystone,Python,0,0,0,no_ci,,,
glomatico,gamdl,Python,66,3,1,no_ci,,,
anasty17,mirror-leech-telegram-bot,Python,20,2,0,no_ci,,,
nixtla,statsforecast,Python,857,13,2,kept,,,
ipyflow,ipyflow,Python,83,4,1,no_ci,,,
meshtastic,python,Python,366,10,2,kept,,,
prometheus-community,ansible,Python,766,11,4,kept,,,
datadog,guarddog,Python,682,13,0,no_test_workflow,,,
mcclouds,subgen,Python,433,8,1,kept,,,
kra-mo,cartridges,Python,6,2,1,no_ci,,,
ascend,pytorch,Python,25042,21,15,kept,,,
qpsolvers,qpsolvers,Python,186,6,1,kept,,,
anthropics,anthropic-sdk-python,Python,1193,7,1,kept,,,
cz-nic,pyoidc,Python,123,4,1,kept,,,
ipspace,netlab,Python,4112,17,8,kept,,,
pyca,pyopenssl,Python,259,5,1,kept,,,
3b1b,manim,Python,3,3,0,no_ci,,,
laggykiller,sticker-convert,Python,121,6,1,kept,,,
emi-group,evox,Python,24,5,0,no_ci,,,
farama-foundation,highwayenv,Python,757,13,1,kept,,,
gvwilson,sdxpy,Python,10,2,0,no_ci,,,
conda,conda-lock,Python,660,14,3,kept,,,
agilerl,agilerl,Python,4168,10,3,kept,,,
filippoairaldi,mpc-reinforcement-learning,Python,29,1,1,no_ci,,,
flatironinstitute,caiman,Python,9,2,1,no_ci,,,
gee-community,geemap,Python,586,21,3,kept,,,
openstack,kolla,Python,3,1,0,no_ci,,,
pymc-devs,pytensor,Python,3341,12,2,kept,,,
simonw,llm,Python,575,8,1,kept,,,
dbt-labs,metricflow,Python,1021,21,8,kept,,,
chinapandaman,pypdfform,Python,1149,11,2,kept,,,
shisatoyano,autonomousvehiclecontrolbeginnersguide,Python,43,4,3,no_ci,,,
hyundai-kia-connect,kia_uvo,Python,1318,10,0,no_test_workflow,,,
blacklanternsecurity,badsecrets,Python,533,5,1,kept,,,
iommirocks,iommi,Python,197,6,1,kept,,,
modmail-dev,modmail,Python,198,8,0,no_test_workflow,,,
gdm-settings,gdm-settings,Python,0,0,0,no_ci,,,
brainpy,brainpy,Python,625,11,2,kept,,,
sunlabuiuc,pyhealth,Python,216,9,1,kept,,,
roboflow,supervision,Python,5717,21,4,kept,,,
saturday06,vrm-addon-for-blender,Python,1522,9,1,kept,,,
python-websockets,websockets,Python,159,5,1,kept,,,
transcryptorg,transcrypt,Python,1,1,0,no_ci,,,
reactive-python,reactpy,Python,130,8,0,no_test_workflow,,,
intelligent-machine-learning,dlrover,Python,118,6,0,no_test_workflow,,,
keephq,keep,Python,1671,20,7,kept,,,
gumyr,build123d,Python,899,9,1,kept,,,
opengeos,leafmap,Python,796,19,4,kept,,,
pymodbus-dev,pymodbus,Python,78,3,1,no_ci,,,
tencentblueking,bk-sops,Python,2377,8,1,kept,,,
arighi,virtme-ng,Python,165,3,0,no_test_workflow,,,
vikdevelop,savedesktop,Python,22,3,1,no_ci,,,
fa0311,twitterinternalapidocument,Python,94,3,0,no_ci,,,
huggingface,pytorch-image-models,Python,202,6,3,kept,,,
arc53,docsgpt,Python,3747,22,2,kept,,,
lichess-bot-devs,lichess-bot,Python,427,8,2,kept,,,
pylint-dev,astroid,Python,1999,13,2,kept,,,
syslifters,sysreptor,Python,166,2,0,no_test_workflow,,,
swirlai,swirl-search,Python,168,10,3,kept,,,
mavlink,mavlink,Python,820,7,0,no_test_workflow,,,
moraroy,nonsteamlaunchers-on-steam-deck,Python,111,3,0,no_test_workflow,,,
chdb-io,chdb,Python,1020,16,7,kept,,,
hyprland-community,pyprland,Python,105,8,1,kept,,,
pinto0309,onnx2tf,Python,305,6,0,no_test_workflow,,,
lmeszinc,starrailcopilot,Python,0,1,0,no_ci,,,
mqtt-tools,mqttwarn,Python,283,5,1,kept,,,
skrub-data,skrub,Python,9298,11,3,kept,,,
cert-polska,artemis,Python,4580,13,4,kept,,,
voicepaw,so-vits-svc-fork,Python,476,8,1,kept,,,
radarsimx,radarsimpy,Python,116,11,3,kept,,,
cvhub520,x-anylabeling,Python,19,3,0,no_ci,,,
jerbouma,financetoolkit,Python,595,5,1,kept,,,
donkie,spoolman,Python,853,10,1,kept,,,
tapiocafox,daijishou,Python,14,2,0,no_ci,,,
curvefi,curve-stablecoin,Python,233,8,1,kept,,,
robosats,robosats,Python,316,16,4,kept,,,
ansys,pymapdl,Python,3467,18,4,kept,,,
haidra-org,ai-horde,Python,170,6,2,kept,,,
modal-labs,modal-examples,Python,2934,10,1,kept,,,
allenai,open-instruct,Python,1907,10,2,kept,,,
astronomer,astronomer-cosmos,Python,6129,14,2,kept,,,
runhey,onmyojiautoscript,Python,622,11,0,no_test_workflow,,,
mijorus,gearlever,Python,5,2,1,no_ci,,,
e2b-dev,e2b,Python,6070,22,6,kept,,,
rimsort,rimsort,Python,5535,17,4,kept,,,
openadaptai,openadapt,Python,1167,12,1,kept,,,
nerogar,onetrainer,Python,8,3,0,no_ci,,,
klipperscreen,klipperscreen,Python,373,7,0,no_test_workflow,,,
princeton-vl,infinigen,Python,28,6,2,no_ci,,,
deepinv,deepinv,Python,3326,22,5,kept,,,
qwersyk,newelle,Python,26,3,3,no_ci,,,
llm-workflow-engine,llm-workflow-engine,Python,20,4,1,no_ci,,,
talonhub,community,Python,452,5,1,kept,,,
david-lev,pywa,Python,243,7,1,kept,,,
raspiblitz,raspiblitz,Python,89,12,7,no_ci,,,
frenck,spook,Python,4971,19,3,kept,,,
spylang,spy,Python,1743,11,4,kept,,,
autogluon,autogluon,Python,2778,20,2,kept,,,
lightning-ai,torchmetrics,Python,1343,17,3,kept,,,
lablup,backend.ai,Python,39106,30,6,kept,,,
internlm,lmdeploy,Python,4755,22,6,kept,,,
pathwaycom,pathway,Python,854,6,4,kept,,,
bmaltais,kohya_ss,Python,383,7,0,no_test_workflow,,,
RedBearAK,toshy,Python,3,2,1,no_ci,,,
Dao-AILab,flash-attention,Python,294,9,3,kept,,,
xtekky,gpt4free,Python,692,9,2,kept,,,
camel-ai,camel,Python,3001,21,4,kept,,,
fortra,impacket,Python,413,5,1,kept,,,
scikit-build,scikit-build-core,Python,853,9,2,kept,,,
electricitymaps,electricitymaps-contrib,Python,998,12,1,kept,,,
assafelovic,gpt-researcher,Python,189,9,1,kept,,,
eosphoros-ai,DB-GPT,Python,514,14,2,kept,,,
pgadmin-org,pgadmin4,Python,6802,20,10,kept,,,
xorbitsai,inference,Python,2384,11,3,kept,,,
huggingface,peft,Python,2185,18,8,kept,,,
Checkmk,checkmk,Python,2032,3,1,kept,,,
polarsource,polar,Python,68838,30,6,kept,,,
supervisely,supervisely,Python,192,15,0,no_test_workflow,,,
Chainlit,chainlit,Python,221,13,3,kept,,,
pytorch,rl,Python,33573,30,16,kept,,,
aws-powertools,powertools-lambda-python,Python,2068,30,2,kept,,,
Arize-ai,phoenix,Python,89350,30,4,kept,,,
griptape-ai,griptape,Python,545,10,1,kept,,,
NVIDIA,TransformerEngine,Python,21234,14,4,kept,,,
getmoto,moto,Python,942,30,18,kept,,,
mage-ai,mage-ai,Python,267,13,1,kept,,,
vllm-project,vllm,Python,86251,23,6,kept,,,
khoj-ai,khoj,Python,134,15,4,kept,,,
kohya-ss,sd-scripts,Python,307,5,1,kept,,,
abetlen,llama-cpp-python,Python,1026,19,9,kept,,,
pluwen,awesome-testflight-link,Python,221,6,4,kept,,,
stanford-crfm,helm,Python,209,11,6,kept,,,
cheshire-cat-ai,core,Python,45,4,1,no_ci,,,
sagemath,sage,Python,18891,22,10,kept,,,
Vincentqyw,cv-arxiv-daily,Python,47,3,0,no_ci,,,
topscoder,nuclei-wordfence-cve,Python,194,3,1,kept,,,
apple,axlearn,Python,197,5,1,kept,,,
langchain-ai,langsmith-sdk,Python,7085,17,2,kept,,,
mlc-ai,mlc-llm,Python,96,7,1,no_ci,,,
wandb,wandb,Python,15866,16,1,kept,,,
py-pdf,pypdf,Python,2483,16,2,kept,,,
PrefectHQ,marvin,Python,141,13,1,kept,,,
chaiNNer-org,chaiNNer,Python,57,12,3,no_ci,,,
pep8speaks-org,pep8speaks,Python,93,3,1,no_ci,,,
tinygrad,tinygrad,Python,13192,10,1,kept,,,
ultralytics,ultralytics,Python,41009,15,2,kept,,,
reflex-dev,reflex,Python,13808,27,7,kept,,,
sktime,sktime,Python,2342,21,11,kept,,,
pylint-dev,pylint,Python,4444,19,2,kept,,,
litestar-org,litestar,Python,2561,13,2,kept,,,
gmh5225,awesome-game-security,Python,1039,9,0,no_test_workflow,,,
jxxghp,MoviePilot,Python,1744,10,3,kept,,,
duneanalytics,spellbook,Python,5255,19,3,kept,,,
ycdxsb,PocOrExp_in_Github,Python,2,1,0,no_ci,,,
aeon-toolkit,aeon,Python,6138,20,2,kept,,,
217heidai,adblockfilters,Python,15,2,0,no_ci,,,
mother-of-all-self-hosting,mash-playbook,Python,4871,4,1,kept,,,
langroid,langroid,Python,235,7,2,kept,,,
TonyJiangWJ,mimotion,Python,899,4,0,no_test_workflow,,,
GTNewHorizons,GT-New-Horizons-Modpack,Python,6164,8,0,no_test_workflow,,,
moggieuk,Happy-Hare,Python,1194,4,0,no_test_workflow,,,
SpecterOps,Nemesis,Python,26,7,0,no_ci,,,
mealie-recipes,mealie,Python,4730,21,6,kept,,,
pymupdf,PyMuPDF,Python,637,12,7,kept,,,
ansible,molecule,Python,1325,12,0,no_test_workflow,,,
BerriAI,litellm,Python,605663,30,9,kept,,,
langchain-ai,langchain,Python,29868,30,6,kept,,,
apache,airflow,Python,59094,30,18,kept,,,
huggingface,trl,Python,15198,23,7,kept,,,
mouredev,retos-programacion-2023,Python,0,0,0,no_ci,,,
mahdibland,V2RayAggregator,Python,185,7,3,kept,,,
wandb,weave,Python,35533,30,6,kept,,,
hogan-tech,leetcode-solution,Python,185,1,0,no_test_workflow,,,
peasoft,NoMoreWalls,Python,708,2,0,no_test_workflow,,,
home-assistant,core,Python,51042,22,6,kept,,,
ostris,ai-toolkit,Python,98,3,0,no_ci,,,
veops,cmdb,Python,33,2,0,no_ci,,,
roboflow,inference,Python,35095,30,15,kept,,,
marimo-team,marimo,Python,31877,30,10,kept,,,
Pythagora-io,gpt-pilot,Python,5,3,1,no_ci,,,
facebookresearch,fairseq2,Python,139,24,9,kept,,,
confident-ai,deepeval,Python,4777,27,19,kept,,,
jayofelony,pwnagotchi,Python,0,0,0,no_ci,,,
subzeroid,instagrapi,Python,2253,8,1,kept,,,
moesnow,March7thAssistant,Python,434,14,1,kept,,,
dataelement,bisheng,Python,96,8,3,no_ci,,,
open-compass,opencompass,Python,1089,10,3,kept,,,
InternLM,xtuner,Python,3901,17,4,kept,,,
invoke-ai,InvokeAI,Python,24230,19,4,kept,,,
posit-dev,py-shiny,Python,2202,16,3,kept,,,
bghira,SimpleTuner,Python,1249,10,2,kept,,,
mrvladus,Errands,Python,2,1,1,no_ci,,,
stas00,ml-engineering,Python,0,0,0,no_ci,,,
mckinsey,vizro,Python,10758,30,12,kept,,,
traceloop,openllmetry,Python,5901,7,1,kept,,,
google-deepmind,dm-haiku,Python,306,6,1,kept,,,
duckdb,dbt-duckdb,Python,394,5,2,kept,,,
Pennyw0rth,NetExec,Python,1055,10,3,kept,,,
NVIDIA,TensorRT-LLM,Python,222950,28,3,kept,,,
pytorch,executorch,Python,236928,30,18,kept,,,
hanxi,xiaomusic,Python,238,6,1,kept,,,
stephane-caron,pink,Python,77,5,1,no_ci,,,
google-deepmind,acme,Python,26,3,1,no_ci,,,
ChrisBuilds,terminaltexteffects,Python,4,2,0,no_ci,,,
piskvorky,smart_open,Python,169,4,1,kept,,,
Aiven-Open,pghoard,Python,64,5,1,no_ci,,,
SamirPaulb,DSAlgo,Python,2,2,0,no_ci,,,
sbi-dev,sbi,Python,1485,17,4,kept,,,
pyinfra-dev,pyinfra,Python,1766,8,1,kept,,,
google-deepmind,concordia,Python,477,8,3,kept,,,
aryn-ai,sycamore,Python,124,10,2,kept,,,
pytorch,tensordict,Python,3343,26,11,kept,,,
djlint,djLint,Python,2884,7,1,kept,,,
guardrails-ai,guardrails,Python,636,13,3,kept,,,
scikit-bio,scikit-bio,Python,543,12,2,kept,,,
enjoy-digital,litepcie,Python,42,3,1,no_ci,,,
Azure-Samples,chat-with-your-data-solution-accelerator,Python,1817,30,3,kept,,,
Ljzd-PRO,KToolBox,Python,122,12,0,no_test_workflow,,,
JuanBindez,pytubefix,Python,101,4,0,no_test_workflow,,,
BrianPugh,cyclopts,Python,183,7,1,kept,,,
kijai,ComfyUI-KJNodes,Python,20,3,0,no_ci,,,
VRSEN,agency-swarm,Python,607,7,2,kept,,,
google-deepmind,optax,Python,955,4,1,kept,,,
facebook,Ax,Python,522,14,3,kept,,,
mhdzumair,MediaFusion,Python,336,6,2,kept,,,
kennethreitz,responder,Python,523,6,1,kept,,,
alandtse,alexa_media_player,Python,1250,14,1,kept,,,
pur1fying,blue_archive_auto_script,Python,113,11,1,kept,,,
posit-dev,great-tables,Python,372,5,1,kept,,,
a13xp0p0v,kernel-hardening-checker,Python,143,8,5,kept,,,
ExtensityAI,symbolicai,Python,169,5,1,kept,,,
redimp,otterwiki,Python,28,2,0,no_ci,,,
element-hq,synapse,Python,5896,24,3,kept,,,
Victor-IX,Blender-Launcher-V2,Python,90,13,0,no_ci,,,
GothenburgBitFactory,bugwarrior,Python,121,4,0,no_test_workflow,,,
RareDevs,Rare,Python,169,17,0,no_test_workflow,,,
salt-die,batgrl,Python,10,3,0,no_ci,,,
Significant-Gravitas,AutoGPT,Python,38214,30,6,kept,,,
abi,screenshot-to-code,Python,3,1,0,no_ci,,,
Cute-Dress,Dress,Python,570,9,0,no_test_workflow,,,
secureblue,secureblue,Python,6367,30,10,kept,,,
topoteretes,cognee,Python,17592,30,17,kept,,,
bolna-ai,bolna,Python,4090,9,0,no_test_workflow,,,
Acly,krita-ai-diffusion,Python,80,2,1,no_ci,,,
Vu1nT0tal,yarb,Python,30,2,0,no_ci,,,
langchain-ai,langgraph,Python,7318,25,5,kept,,,
agi-brain,xuance,Python,28,2,0,no_ci,,,
theroyallab,tabbyAPI,Python,192,6,0,no_test_workflow,,,
open-compass,VLMEvalKit,Python,388,5,1,kept,,,
Woolverine94,biniou,Python,29,3,0,no_ci,,,
jianchang512,pyvideotrans,Python,84,3,0,no_ci,,,
unslothai,unsloth,Python,333304,30,21,kept,,,
TNTwise,REAL-Video-Enhancer,Python,1,2,0,no_ci,,,
ethereum,EIPs,Python,16886,16,2,kept,,,
andrew-codechimp,HA-Battery-Notes,Python,1065,15,0,no_test_workflow,,,
apocas,restai,Python,846,9,1,kept,,,
Lightning-AI,pytorch-lightning,Python,4082,30,11,kept,,,
stanfordnlp,dspy,Python,1194,12,2,kept,,,
pypy,pypy,Python,939,5,1,kept,,,
aurelio-labs,semantic-router,Python,93,10,1,no_ci,,,
robocorp,robocorp,Python,124,25,10,kept,,,
run-llama,llama_index,Python,6154,18,4,kept,,,
pytorch,TensorRT,Python,13874,30,11,kept,,,
mouredev,roadmap-retos-programacion,Python,93,1,0,no_ci,,,
kyegomez,swarms,Python,2472,17,4,kept,,,
apache,iceberg-python,Python,6613,20,5,kept,,,
freelabz,secator,Python,3649,13,2,kept,,,
Arize-ai,openinference,Python,15639,25,4,kept,,,
transformerlab,transformerlab-app,Python,9688,30,12,kept,,,
IAHispano,Applio,Python,55,8,0,no_ci,,,
Upsonic,Upsonic,Python,92,8,1,no_ci,,,
RVC-Boss,GPT-SoVITS,Python,4,3,1,no_ci,,,
hacks-guide,Guide_3DS,Python,120,5,1,kept,,,
livekit,agents,Python,20080,20,5,kept,,,
alantang1977,X,Python,179,5,0,no_test_workflow,,,
lonnyzhang423,douyin-hot-hub,Python,861,1,0,no_test_workflow,,,
reagento,dishka,Python,301,8,2,kept,,,
sunnypilot,sunnypilot,Python,3804,30,7,kept,,,
chengaopan,AutoMergePublicNodes,Python,896,1,0,no_test_workflow,,,
ogkalu2,comic-translate,Python,9,4,1,no_ci,,,
intel,auto-round,Python,4013,12,1,kept,,,
mmschlk,shapiq,Python,256,8,2,kept,,,
Mirascope,mirascope,Python,386,7,1,kept,,,
NEKOparapa,AiNiee,Python,45,4,1,no_ci,,,
socfortress,CoPilot,Python,725,6,0,no_test_workflow,,,
gee-community,geetools,Python,27,5,0,no_ci,,,
mdqinc,SDL_GameControllerDB,Python,36,1,0,no_ci,,,
pex-tool,pex,Python,895,9,4,kept,,,
matrix-nio,matrix-nio,Python,13,3,1,no_ci,,,
intuitem,ciso-assistant-community,Python,24757,30,6,kept,,,
canonical,snapcraft,Python,2914,20,2,kept,,,
microsoft,UFO,Python,3,5,0,no_ci,,,
google,magika,Python,761,26,8,kept,,,
jwillemsen,daikin_onecta,Python,984,7,1,kept,,,
Epodonios,v2ray-configs,Python,1123,2,0,no_test_workflow,,,
pixeltable,pixeltable,Python,2464,11,2,kept,,,
Skyvern-AI,skyvern,Python,27716,19,2,kept,,,
lmfit,uncertainties,Python,4,3,1,no_ci,,,
C24Be,AS_Network_List,Python,117,5,0,no_test_workflow,,,
Lightning-AI,litgpt,Python,261,10,1,kept,,,
ETS2LA,Euro-Truck-Simulator-2-Lane-Assist,Python,269,6,1,kept,,,
EvolvingLMMs-Lab,lmms-eval,Python,583,10,1,kept,,,
Misaka-blog,chromego_merge,Python,370,1,0,no_test_workflow,,,
TracecatHQ,tracecat,Python,13072,21,5,kept,,,
marketcalls,openalgo,Python,614,5,1,kept,,,
kubeflow,spark-operator,Python,2197,21,1,kept,,,
Ostorlab,oxo,Python,3202,9,2,kept,,,
rommapp,romm,Python,5847,18,2,kept,,,
FuzzyGrim,Yamtrack,Python,1417,12,1,kept,,,
Open-Wine-Components,umu-launcher,Python,399,20,10,kept,,,
1Panel-dev,MaxKB,Python,2647,14,3,kept,,,
vccimaging,DeepLens,Python,5,4,0,no_ci,,,
MervinPraison,PraisonAI,Python,130139,30,3,kept,,,
taigaio,taiga-back,Python,21,1,1,no_ci,,,
Zipstack,unstract,Python,3541,10,2,kept,,,
probml,dynamax,Python,46,7,2,no_ci,,,
microsoft,OpenAIWorkshop,Python,63,15,3,no_ci,,,
pysal,pysal,Python,146,8,1,kept,,,
Azure,Azure-Sentinel,Python,44766,30,0,no_test_workflow,,,
truera,trulens,Python,203,5,0,no_test_workflow,,,
geomstats,geomstats,Python,362,5,2,kept,,,
MouseLand,cellpose,Python,88,3,0,no_ci,,,
spacetelescope,jwst,Python,4723,11,5,kept,,,
opengeos,geospatial-data-catalogs,Python,93,2,0,no_ci,,,
ndif-team,nnsight,Python,84,5,0,no_ci,,,
LuteOrg,lute-v3,Python,68,3,1,no_ci,,,
Realiserad,fish-ai,Python,2255,17,2,kept,,,
cvat-ai,cvat,Python,10491,26,5,kept,,,
ParisNeo,lollms-webui,Python,102,2,0,no_test_workflow,,,
wizarrrr,wizarr,Python,1661,17,3,kept,,,
huggingface,dataset-viewer,Python,1934,25,5,kept,,,
langflow-ai,langflow,Python,66446,30,6,kept,,,
Canner,WrenAI,Python,4819,30,7,kept,,,
xlang-ai,OSWorld,Python,6,2,0,no_ci,,,
StreamController,StreamController,Python,2,4,0,no_ci,,,
vega,altair,Python,1270,10,2,kept,,,
NiceVPN123,NiceVPN,Python,1265,3,0,no_test_workflow,,,
gempy-project,gempy,Python,8,2,0,no_ci,,,
harvard-edge,cs249r_book,Python,5205,30,3,kept,,,
spyoungtech,FreeSimpleGUI,Python,0,4,0,no_ci,,,
Blaizzy,mlx-vlm,Python,1335,6,1,kept,,,
dgunning,edgartools,Python,463,6,3,kept,,,
Kometa-Team,Kometa,Python,5436,24,4,kept,,,
heshengtao,comfyui_LLM_party,Python,27,4,0,no_ci,,,
pytorch,ao,Python,15096,30,20,kept,,,
pytorch,torchtitan,Python,36880,30,23,kept,,,
TagStudioDev,TagStudio,Python,1938,12,2,kept,,,
pydantic,logfire,Python,5656,12,2,kept,,,
pyrevitlabs,pyRevit,Python,1089,13,1,kept,,,
Shubhamsaboo,awesome-llm-apps,Python,448,5,0,no_test_workflow,,,
google-deepmind,torax,Python,3297,3,1,kept,,,
kagisearch,smallweb,Python,2,3,0,no_ci,,,
rackslab,Slurm-web,Python,868,9,2,kept,,,
UKGovernmentBEIS,inspect_ai,Python,7760,14,3,kept,,,
swingmx,swingmusic,Python,5,2,0,no_ci,,,
google-parfait,tensorflow-federated,Python,177,3,0,no_test_workflow,,,
Taiko2k,Tauon,Python,1439,11,1,kept,,,
liutaocode,TTS-arxiv-daily,Python,303,3,0,no_test_workflow,,,
TransformerLensOrg,TransformerLens,Python,866,6,0,no_test_workflow,,,
huggingface,lerobot,Python,14846,26,5,kept,,,
narwhals-dev,narwhals,Python,8828,22,9,kept,,,
rio-labs,rio,Python,220,3,0,no_test_workflow,,,
pipecat-ai,pipecat,Python,11011,17,3,kept,,,
microsoft,semantic-link-labs,Python,400,6,1,kept,,,
modelscope,FunASR,Python,430,9,3,kept,,,
opsmill,infrahub,Python,37011,30,5,kept,,,
thunderbird,appointment,Python,1079,14,1,kept,,,
Jeffser,Alpaca,Python,0,2,1,no_ci,,,
isaac-sim,IsaacLab,Python,74228,30,9,kept,,,
KellerJordan,modded-nanogpt,Python,1,2,0,no_ci,,,
eclipse-sumo,sumo,Python,5487,24,5,kept,,,
unclecode,crawl4ai,Python,13032,9,0,no_test_workflow,,,
writer,writer-framework,Python,156,9,5,kept,,,
modelscope,DiffSynth-Studio,Python,9,3,0,no_ci,,,
LazyAGI,LazyLLM,Python,911,6,1,kept,,,
patroni,patroni,Python,208,6,2,kept,,,
mikel-brostrom,boxmot,Python,566,15,4,kept,,,
ModelCloud,GPTQModel,Python,1523,9,3,kept,,,
apify,crawlee-python,Python,1343,17,4,kept,,,
vllm-project,llm-compressor,Python,2399,13,2,kept,,,
pallets-eco,flask-admin,Python,343,8,1,kept,,,
opendatalab,MinerU,Python,1185,11,1,kept,,,
ClownsharkBatwing,RES4LYF,Python,3,2,0,no_ci,,,
g0ldyy,comet,Python,122,7,0,no_test_workflow,,,
ScrapeGraphAI,Scrapegraph-ai,Python,191,9,1,kept,,,
Faugus,faugus-launcher,Python,120,3,0,no_test_workflow,,,
ok-oldking,ok-wuthering-waves,Python,1200,12,2,kept,,,
earthians,marley,Python,2264,13,1,kept,,,
axolotl-ai-cloud,axolotl,Python,3274,20,4,kept,,,
bitsandbytes-foundation,bitsandbytes,Python,840,12,6,kept,,,
OpenBB-finance,OpenBB,Python,3812,30,18,kept,,,
mem0ai,mem0,Python,4331,30,6,kept,,,
crewAIInc,crewAI,Python,21378,24,6,kept,,,
exo-explore,exo,Python,980,7,3,kept,,,
OpenRLHF,OpenRLHF,Python,2,3,0,no_ci,,,
amnweb,yasb,Python,530,12,2,kept,,,
thiswillbeyourgithub,WDoc,Python,5,1,0,no_ci,,,
yym68686,uni-api,Python,564,5,1,kept,,,
DjangoCRM,django-crm,Python,175,4,0,no_test_workflow,,,
Sollumz,Sollumz,Python,101,3,1,kept,,,
gpustack,gpustack,Python,4355,10,1,kept,,,
arabcoders,ytptube,Python,549,8,3,kept,,,
kvcache-ai,ktransformers,Python,516,11,2,kept,,,
fastapi,fastapi,Python,15934,30,6,kept,,,
containers,ramalama,Python,2993,10,1,kept,,,
pallets-eco,flask-security,Python,255,7,1,kept,,,
av,harbor,Python,362,9,2,kept,,,
roxy-wi,roxy-wi,Python,35,3,1,no_ci,,,
SpudGunMan,meshing-around,Python,102,5,0,no_test_workflow,,,
XiaoYouChR,Ghost-Downloader-3,Python,477,8,0,no_test_workflow,,,
LMCache,LMCache,Python,29585,30,13,kept,,,
modelscope,ms-swift,Python,4087,11,3,kept,,,
KIYI671,AhabAssistantLimbusCompany,Python,394,11,2,kept,,,
BasedHardware,Omi,Python,75307,30,0,no_test_workflow,,,
aboutcode-org,scancode-toolkit,Python,396,10,1,kept,,,
fastapi,typer,Python,6713,21,4,kept,,,
MODSetter,SurfSense,Python,1746,13,3,kept,,,
fastapi,sqlmodel,Python,2731,20,3,kept,,,
aboutcode-org,vulnerablecode,Python,1079,9,3,kept,,,
nerfstudio-project,gsplat,Python,371,9,4,kept,,,
trustgraph-ai,trustgraph,Python,747,5,1,kept,,,
syrupy-project,syrupy,Python,784,7,1,kept,,,
hanruihua,ir-sim,Python,702,11,1,kept,,,
Recol,DLSS-Updater,Python,851,20,1,kept,,,
comet-ml,opik,Python,56043,30,14,kept,,,
lumina37,aiotieba,Python,331,6,2,kept,,,
dottxt-ai,outlines,Python,855,11,3,kept,,,
Akkudoktor-EOS,EOS,Python,2040,10,1,kept,,,
microsoft,data-formulator,Python,370,7,1,kept,,,
sktime,pytorch-forecasting,Python,691,5,1,kept,,,
AI-Hypercomputer,maxtext,Python,56914,30,12,kept,,,
keras-team,keras-hub,Python,5057,12,1,kept,,,
jax-ml,jax,Python,229363,30,20,kept,,,
Shasnow,StarRailAssistant,Python,92,8,1,no_ci,,,
probabl-ai,skore,Python,10129,14,1,kept,,,
prospector-dev,prospector,Python,186,7,1,kept,,,
vacanza,holidays,Python,1830,17,4,kept,,,
pallets-eco,wtforms,Python,174,5,1,kept,,,
bugsink,bugsink,Python,437,10,1,kept,,,
HKUDS,LightRAG,Python,4205,16,5,kept,,,
bayesflow-org,bayesflow,Python,1132,13,2,kept,,,
globaleaks,globaleaks-whistleblowing-software,Python,1316,8,2,kept,,,
bpwhelan,GameSentenceMiner,Python,876,20,6,kept,,,
D4Vinci,Scrapling,Python,250,9,1,kept,,,
skforecast,skforecast,Python,399,10,2,kept,,,
cartography-cncf,cartography,Python,2838,9,1,kept,,,
UKGovernmentBEIS,inspect_evals,Python,14055,30,5,kept,,,
django-commons,django-debug-toolbar,Python,700,7,1,kept,,,
0xMarcio,cve,Python,555,3,0,no_test_workflow,,,
emby-keeper,emby-keeper,Python,103,12,1,kept,,,
Kiln-AI,Kiln,Python,9028,15,5,kept,,,
letta-ai,letta,Python,614,30,12,kept,,,
Screenly,Anthias,Python,8299,23,3,kept,,,
zhaochenyang20,Awesome-ML-SYS-Tutorial,Python,0,1,0,no_ci,,,
bespokelabsai,curator,Python,71,4,1,no_ci,,,
NVIDIA,garak,Python,3058,18,5,kept,,,
DrewThomasson,ebook2audiobook,Python,527,12,2,kept,,,
nv-legate,cupynumeric,Python,16,20,8,no_ci,,,
ag2ai,ag2,Python,11192,16,2,kept,,,
PBH-BTN,BTN-Collected-Rules,Python,1426,2,0,no_test_workflow,,,
pydantic,pydantic-ai,Python,60395,30,5,kept,,,
stanfrbd,cyberbro,Python,219,10,1,kept,,,
modelcontextprotocol,python-sdk,Python,11364,26,3,kept,,,
Guovin,iptv-api,Python,43,9,1,no_ci,,,
uxlfoundation,scikit-learn-intelex,Python,4413,12,1,kept,,,
emcie-co,parlant,Python,5,4,1,no_ci,,,
SWE-agent,SWE-agent,Python,308,9,1,kept,,,
dedsec1121fk,DedSec,Python,176,2,1,kept,,,
onyx-dot-app,onyx,Python,166898,30,11,kept,,,
googleapis,python-genai,Python,7017,10,3,kept,,,
process-intelligence-solutions,pm4py,Python,59,3,0,no_ci,,,
astral-sh,python-build-standalone,Python,1042,10,0,no_test_workflow,,,
langgenius,dify-official-plugins,Python,1823,8,0,no_test_workflow,,,
heurist-network,heurist-agent-framework,Python,22,2,0,no_ci,,,
browser-use,browser-use,Python,7437,15,2,kept,,,
open-webui,open-webui,Python,6881,13,2,kept,,,
huggingface,smolagents,Python,394,9,3,kept,,,
microsoft,Multi-Agent-Custom-Automation-Engine-Solution-Accelerator,Python,2024,30,3,kept,,,
cnwikee,CheckTMDB,Python,184,1,0,no_test_workflow,,,
fla-org,flash-linear-attention,Python,6643,23,9,kept,,,
crestalnetwork,intentkit,Python,93,7,0,no_ci,,,
airweave-ai,airweave,Python,384,22,5,kept,,,
Tencent,AI-Infra-Guard,Python,389,7,0,no_test_workflow,,,
clearml,clearml,Python,39,5,0,no_ci,,,
hyperledger-cello,cello,Python,450,9,2,kept,,,
suitenumerique,docs,Python,5640,18,3,kept,,,
eitchtee,WYGIWYH,Python,130,8,0,no_test_workflow,,,
OliBomby,Mapperatorinator,Python,6,4,0,no_ci,,,
Olshansk,rss-feeds,Python,7303,9,1,kept,,,
morettt,my-neuro,Python,17,4,0,no_ci,,,
tile-ai,tilelang,Python,3999,11,2,kept,,,
django-components,django-components,Python,720,20,2,kept,,,
google,meridian,Python,2503,4,1,kept,,,
willmiao,ComfyUI-Lora-Manager,Python,407,5,2,kept,,,
bterwijn,memory_graph,Python,118,2,0,no_test_workflow,,,
AgentEra,Agently,Python,90,5,1,no_ci,,,
TorchIO-project,torchio,Python,1703,12,1,kept,,,
oumi-ai,oumi,Python,2854,13,5,kept,,,
agno-agi,agno,Python,15532,13,2,kept,,,
suitenumerique,meet,Python,4643,12,1,kept,,,
vladmandic,sdnext,Python,537,6,0,no_test_workflow,,,
deepspeedai,DeepSpeed,Python,5412,30,4,kept,,,
LearningCircuit,local-deep-research,Python,74054,30,7,kept,,,
funstory-ai,BabelDOC,Python,86,12,0,no_ci,,,
unfoldadmin,django-unfold,Python,615,5,1,kept,,,
i-am-bee,beeai-framework,Python,900,13,5,kept,,,
ironicbadger,infra,Python,0,1,0,no_ci,,,
dbfixtures,pytest-postgresql,Python,1487,15,8,kept,,,
ROCm,aiter,Python,68940,30,13,kept,,,
SolaceLabs,solace-agent-mesh,Python,590,30,8,kept,,,
xorq-labs,xorq,Python,17307,30,19,kept,,,
evalstate,fast-agent,Python,2122,12,1,kept,,,
birdnet-team,BirdNET-Analyzer,Python,297,11,1,kept,,,
gptme,gptme,Python,32307,21,3,kept,,,
dapr,dapr-agents,Python,4539,13,3,kept,,,
openai,openai-agents-python,Python,2923,12,1,kept,,,
basicmachines-co,basic-memory,Python,8363,14,1,kept,,,
MaxLastBreath,nx-optimizer,Python,7,1,1,no_ci,,,
agentuniverse-ai,agentUniverse,Python,10,2,0,no_ci,,,
docling-project,docling,Python,5801,18,3,kept,,,
thu-pacman,chitu,Python,99,4,0,no_ci,,,
mustbeperfect,definitive-opensource,Python,212,5,0,no_test_workflow,,,
pipeshub-ai,pipeshub-ai,Python,20264,19,7,kept,,,
autoscrape-labs,pydoll,Python,254,8,3,kept,,,
confident-ai,deepteam,Python,221,5,3,kept,,,
mesop-dev,mesop,Python,33,7,1,no_ci,,,
amd,gaia,Python,61477,30,7,kept,,,
NVIDIA,physicsnemo,Python,6559,19,6,kept,,,
open-edge-platform,datumaro,Python,1691,19,1,kept,,,
Vexa-ai,vexa,Python,4695,17,2,kept,,,
google-deepmind,mujoco_warp,Python,2637,6,1,kept,,,
ROCm,TheRock,Python,51358,30,14,kept,,,
open-edge-platform,anomalib,Python,3629,30,3,kept,,,
element-hq,ess-helm,Python,6877,16,4,kept,,,
inclusionAI,AWorld,Python,150,8,3,kept,,,
AstrBotDevs,AstrBot,Python,11529,19,7,kept,,,
awslabs,mcp,Python,80311,30,2,kept,,,
pushingkarmaorg,python-plexapi,Python,370,8,2,kept,,,
ag2ai,faststream,Python,2566,19,1,kept,,,
open-edge-platform,training_extensions,Python,20743,30,4,kept,,,
Comfy-Org,ComfyUI-Manager,Python,404,8,2,kept,,,
oraios,serena,Python,4794,15,1,kept,,,
RoboVerseOrg,RoboVerse,Python,68,6,1,no_ci,,,
zhenxun-org,zhenxun_bot,Python,524,11,0,no_test_workflow,,,
turboderp-org,exllamav3,Python,43,2,0,no_ci,,,
chonkie-inc,chonkie,Python,1140,15,2,kept,,,
aws-solutions-library-samples,cloud-intelligence-dashboards-framework,Python,245,7,1,kept,,,
aliasrobotics,cai,Python,47,7,1,no_ci,,,
google,adk-python,Python,13273,23,1,kept,,,
ModelTC,lightx2v,Python,1390,2,0,no_test_workflow,,,
OpenPipe,ART,Python,1440,8,1,kept,,,
JudgmentLabs,judgeval,Python,598,19,5,kept,,,
facebookresearch,fairchem,Python,5646,28,5,kept,,,
stickerdaniel,linkedin-mcp-server,Python,2525,9,1,kept,,,
PrimeIntellect-ai,prime-rl,Python,16290,19,5,kept,,,
ReturnFI,Blitz,Python,55,4,0,no_ci,,,
open-edge-platform,geti,Python,20743,30,4,kept,,,
authlib,authlib,Python,222,8,2,kept,,,
NousResearch,atropos,Python,16,3,2,no_ci,,,
TEN-framework,ten-framework,Python,3242,30,3,kept,,,
MAA1999,M9A,Python,1075,17,0,no_test_workflow,,,
newton-physics,newton,Python,19600,30,8,kept,,,
567-labs,instructor,Python,606,13,3,kept,,,
cvs-health,uqlm,Python,169,7,1,kept,,,
NPC-Worldwide,npcpy,Python,183,4,1,kept,,,
NovaSky-AI,SkyRL,Python,5417,17,8,kept,,,
Furglitch,modorganizer2-linux-installer,Python,891,10,2,kept,,,
bytedance,deer-flow,Python,28027,23,7,kept,,,
google,tunix,Python,5442,13,7,kept,,,
EvoAgentX,EvoAgentX,Python,131,5,1,kept,,,
ag-ui-protocol,ag-ui,Python,16838,30,2,kept,,,
taylorwilsdon,google_workspace_mcp,Python,2062,13,1,kept,,,
cognizant-ai-lab,neuro-san-studio,Python,3314,13,3,kept,,,
attendee-labs,attendee,Python,1259,7,1,kept,,,
Pipelex,pipelex,Python,12499,23,4,kept,,,
EbookFoundation,free-programming-books,Python,887,11,0,no_test_workflow,,,
NeptuneHub,AudioMuse-AI,Python,14404,29,8,kept,,,
IBM,mcp-context-forge,Python,38350,30,3,kept,,,
ZHangZHengEric,Sage,Python,587,5,1,kept,,,
mpfaffenberger,code_puppy,Python,1225,6,1,kept,,,
langchain-ai,open-swe,Python,5197,11,2,kept,,,
ModelEngine-Group,nexent,Python,10348,28,2,kept,,,
OneDragon-Anything,ZenlessZoneZero-OneDragon,Python,6104,20,5,kept,,,
datalab-to,marker,Python,154,6,2,kept,,,
datalab-to,surya,Python,133,6,2,kept,,,
Vector-Wangel,XLeRobot,Python,0,0,0,no_ci,,,
PurpleAILAB,Decepticon,Python,3571,12,2,kept,,,
luxonis,oak-examples,Python,223,7,3,kept,,,
OHF-Voice,intents,Python,1550,8,2,kept,,,
NVIDIA,NeMo-Agent-Toolkit,Python,1259,6,2,kept,,,
awesome-android-root,awesome-android-root,Python,114,4,0,no_test_workflow,,,
django-commons,django-simple-history,Python,259,7,1,kept,,,
NVIDIA-NeMo,RL,Python,63836,30,5,kept,,,
stumpy-dev,stumpy,Python,236,4,1,kept,,,
barry-far,V2ray-Config,Python,1075,1,0,no_test_workflow,,,
rush86999,atom,Python,753,10,3,kept,,,
agentic-community,mcp-gateway-registry,Python,5516,20,8,kept,,,
itcharge,AlgoNote,Python,7,1,0,no_ci,,,
vipshop,cache-dit,Python,909,10,3,kept,,,
vulnerability-lookup,vulnerability-lookup,Python,2384,9,2,kept,,,
THUDM,slime,Python,3293,7,2,kept,,,
mbailey,voicemode,Python,874,10,1,kept,,,
ggozad,haiku.rag,Python,1036,9,2,kept,,,
feldroy,air,Python,126,7,1,kept,,,
hesreallyhim,awesome-claude-code,Python,1328,9,0,no_test_workflow,,,
PaddlePaddle,PaddleFormers,Python,19299,30,14,kept,,,
github,awesome-copilot,Python,21706,30,1,kept,,,
IBM,AssetOpsBench,Python,1232,7,0,no_test_workflow,,,
OpenDCAI,DataFlow,Python,8,5,1,no_ci,,,
maxdorninger,MediaManager,Python,224,9,0,no_test_workflow,,,
hsliuping,TradingAgents-CN,Python,14,3,0,no_ci,,,
OneDragon-Anything,StarRailOneDragon,Python,125,8,1,kept,,,
bitwire-it,ipblocklist,Python,1821,3,0,no_test_workflow,,,
NVIDIA-NeMo,Automodel,Python,63705,30,7,kept,,,
davila7,claude-code-templates,Python,1547,22,2,kept,,,
langbot-app,LangBot,Python,5223,18,6,kept,,,
reader-dict,monolingual,Python,122,3,0,no_test_workflow,,,
vllm-project,guidellm,Python,2442,15,2,kept,,,
Open-Source-Legal,OpenContracts,Python,20939,20,7,kept,,,
OWASP,mastg,Python,4345,23,4,kept,,,
flashinfer-ai,flashinfer,Python,49252,27,4,kept,,,
blade-build,blade-build,Python,2920,6,2,kept,,,
agent0ai,agent-zero,Python,302,5,0,no_test_workflow,,,
Teyliu,PVZF-Translation,Python,0,1,0,no_ci,,,
AvenCores,goida-vpn-configs,Python,1172,3,0,no_test_workflow,,,
SWE-agent,mini-swe-agent,Python,711,12,1,kept,,,
nlweb-ai,NLWeb,Python,183,8,1,kept,,,
package-url,purl-spec,Python,17,2,0,no_ci,,,
BlueArchiveArisHelper,BAAH,Python,66,6,0,no_ci,,,
rllm-org,rllm,Python,2127,10,4,kept,,,
Nezreka,SoulSync,Python,1308,6,2,kept,,,
pchalasani,claude-code-tools,Python,45,3,0,no_ci,,,
mfat,sshpilot,Python,2235,17,9,kept,,,
l429609201,misaka_danmu_server,Python,310,1,0,no_test_workflow,,,
pytorch,helion,Python,26992,30,5,kept,,,
openagents-org,openagents,Python,1721,18,8,kept,,,
FalkorDB,QueryWeaver,Python,1749,16,2,kept,,,
NVIDIA-NeMo,Megatron-Bridge,Python,61598,30,6,kept,,,
roryclear,clearcam,Python,66,1,0,no_ci,,,
cfregly,ai-performance-engineering,Python,2,1,0,no_ci,,,
django-oauth,django-oauth-toolkit,Python,2120,8,1,kept,,,
torchgeo,torchgeo,Python,3337,11,1,kept,,,
SukramJ,homematicip_local,Python,2244,12,1,kept,,,
diodiogod,TTS-Audio-Suite,Python,45,1,0,no_ci,,,
machinewrapped,llm-subtrans,Python,59,6,0,no_ci,,,
su-kaka,gcli2api,Python,73,3,0,no_ci,,,
langchain-ai,deepagents,Python,147762,30,3,kept,,,
dragon1086,prism-insight,Python,489,1,1,kept,,,
SanPen,VeraGrid,Python,117,7,0,no_test_workflow,,,
Giskard-AI,giskard-oss,Python,4227,12,5,kept,,,
NVIDIA-NeMo,NeMo,Python,30484,30,7,kept,,,
teorth,erdosproblems,Python,881,5,0,no_test_workflow,,,
promptdriven,pdd,Python,30220,13,2,kept,,,
Kludex,uvicorn,Python,1139,9,1,kept,,,
github,spec-kit,Python,16594,22,2,kept,,,
Kludex,starlette,Python,1086,12,1,kept,,,
ev-flow,quark-engine,Python,931,13,3,kept,,,
sunyink,MFABD2,Python,2384,13,0,no_test_workflow,,,
matt-kempster,m2c,Python,154,2,0,no_test_workflow,,,
NVIDIA-NeMo,Guardrails,Python,10027,30,8,kept,,,
chunkhound,chunkhound,Python,610,10,2,kept,,,
PrimeIntellect-ai,verifiers,Python,13465,10,1,kept,,,
cenodude,CrossWatch,Python,1119,9,1,kept,,,
gimli-org,pyGIMLi,Python,41,4,1,no_ci,,,
meta-pytorch,torchrec,Python,7520,15,5,kept,,,
meta-pytorch,tnt,Python,27,1,0,no_ci,,,
meta-pytorch,captum,Python,1198,10,3,kept,,,
mujocolab,mjlab,Python,1428,14,2,kept,,,
microsoft,agent-framework,Python,47178,30,10,kept,,,
darthnorse,dockmon,Python,51,5,1,no_ci,,,
anki-geo,ultimate-geography,Python,35,2,0,no_ci,,,
maziyarpanahi,openmed,Python,15632,30,7,kept,,,
4thfever,cultivation-world-simulator,Python,232,2,1,kept,,,
MicroPythonOS,MicroPythonOS,Python,3533,9,5,kept,,,
NVIDIA-NeMo,Skills,Python,1369,10,2,kept,,,
GetStream,Vision-Agents,Python,1340,9,2,kept,,,
666ghj,BettaFish,Python,5,3,0,no_ci,,,
bouob,tickets_hunter,Python,98,3,0,no_ci,,,
pollen-robotics,reachy_mini,Python,2288,17,4,kept,,,
baserow,baserow,Python,7900,14,4,kept,,,
ChesterRa,cccc,Python,335,5,1,kept,,,
alirezarezvani,claude-skills,Python,2776,16,1,kept,,,
huggingface,sentence-transformers,Python,1305,8,2,kept,,,
wecode-ai,Wegent,Python,22818,11,2,kept,,,
duino-coin,duino-coin,Python,4,1,0,no_ci,,,
lightly-ai,lightly-studio,Python,13331,11,4,kept,,,
RachelForster,Shinsekai,Python,4585,13,1,kept,,,
OpenHands,OpenHands,Python,54161,30,7,kept,,,
DRYTRIX,TimeTracker,Python,468,15,5,kept,,,
MoonshotAI,kimi-cli,Python,2108,22,7,kept,,,
fossasia,eventyay,Python,24118,22,4,kept,,,
decoderesearch,SAELens,Python,583,9,2,kept,,,
OpenHands,software-agent-sdk,Python,63481,30,5,kept,,,
aqlaboratory,openfold-3,Python,1380,18,1,kept,,,
Priivacy-ai,spec-kitty,Python,20247,27,5,kept,,,
karanhudia,borg-ui,Python,3573,12,1,kept,,,
massgen,MassGen,Python,750,14,1,kept,,,
Mai-with-u,MaiBot,Python,2302,19,1,kept,,,
VisoMasterFusion,VisoMaster-Fusion,Python,54,2,0,no_ci,,,
homeassistant-ai,ha-mcp,Python,32594,30,7,kept,,,
KurimuzonAkuma,kurigram,Python,96,4,0,no_ci,,,
kaifcodec,user-scanner,Python,1299,8,3,kept,,,
coveragepy,coveragepy,Python,1498,10,2,kept,,,
flagos-ai,FlagGems,Python,35420,29,9,kept,,,
datachain-ai,datachain,Python,2621,11,2,kept,,,
BEDOLAGA-DEV,remnawave-bedolaga-telegram-bot,Python,2177,8,0,no_test_workflow,,,
Project-N-E-K-O,N.E.K.O,Python,31138,19,6,kept,,,
HolmesGPT,holmesgpt,Python,4876,18,4,kept,,,
GetBindu,Bindu,Python,416,7,1,kept,,,
apache,cassandra-python-driver,Python,20,4,0,no_ci,,,
radixark,miles,Python,21182,21,7,kept,,,
electric-capital,open-dev-data,Python,26,4,1,no_ci,,,
NVIDIA-NeMo,ProRL-Agent-Server,Python,3,3,0,no_ci,,,
realsenseai,realsense-ros,Python,351,7,2,kept,,,
PierreGode,Ragnar,Python,120,5,0,no_test_workflow,,,
treeverse,dvc,Python,476,7,4,kept,,,
SuanmoSuanyangTechnology,MemoryBear,Python,4380,7,0,no_test_workflow,,,
TimeCopilot,timecopilot,Python,105,9,1,kept,,,
materialyzeai,matgl,Python,718,7,2,kept,,,
opensteno,plover,Python,32,3,1,no_ci,,,
gadievron,raptor,Python,6171,24,3,kept,,,
vllm-project,vllm-omni,Python,23617,10,4,kept,,,
vectorize-io,hindsight,Python,3711,16,4,kept,,,
RosettaCommons,foundry,Python,633,8,2,kept,,,
hyperactive-project,Hyperactive,Python,33,7,3,no_ci,,,
EmilStenstrom,justhtml,Python,350,6,1,kept,,,
anthropics,claude-plugins-official,Python,23247,12,0,no_test_workflow,,,
NVIDIA,Model-Optimizer,Python,32356,21,5,kept,,,
mesa,mesa,Python,290,10,2,kept,,,
dusklinux,dusky,Python,0,0,0,no_ci,,,
endurain-project,endurain,Python,128,6,0,no_test_workflow,,,
hugohe3,ppt-master,Python,27,4,0,no_ci,,,
ossf,cve-bin-tool,Python,1786,21,3,kept,,,
dsphper,lanhu-mcp,Python,844,4,0,no_test_workflow,,,
pcqpcq,open-source-android-apps,Python,115,3,0,no_test_workflow,,,
jeremylongshore,claude-code-plugins-plus-skills,Python,7585,30,6,kept,,,
langflow-ai,openrag,Python,25267,30,7,kept,,,
lncrawl,lightnovel-crawler,Python,1422,9,1,kept,,,
HKUDS,DeepTutor,Python,438,7,1,kept,,,
Comfy-Org,ComfyUI,Python,23249,30,8,kept,,,
maziggy,bambuddy,Python,4125,14,1,kept,,,
xarray-contrib,xarray-spatial,Python,14969,12,3,kept,,,
murtaza-nasir,speakr,Python,114,6,1,kept,,,
hiyouga,LlamaFactory,Python,1246,15,3,kept,,,
ksenxx,kiss_ai,Python,124,4,1,kept,,,
Git-on-my-level,codex-autorunner,Python,2628,5,1,kept,,,
sublimehq,package_control,Python,18,2,1,no_ci,,,
CodeGraphContext,CodeGraphContext,Python,6729,17,3,kept,,,
teng-lin,notebooklm-py,Python,26151,16,2,kept,,,
chopratejas,headroom,Python,43248,30,3,kept,,,
sickn33,antigravity-awesome-skills,Python,5643,15,1,kept,,,
netalertx,NetAlertX,Python,814,11,1,kept,,,
torch-uncertainty,torch-uncertainty,Python,359,8,1,kept,,,
smittix,intercept,Python,234,5,1,kept,,,
Soju06,codex-lb,Python,39724,15,2,kept,,,
mensfeld,code-on-incus,Python,851,9,2,kept,,,
jhd3197,ServerKit,Python,868,15,5,kept,,,
ziwenhahaha,daily-paper-reader,Python,851,13,0,no_test_workflow,,,
mvanhorn,last30days-skill,Python,4547,15,1,kept,,,
dimensionalOS,dimos,Python,26444,29,4,kept,,,
openedx,openedx-platform,Python,30400,30,8,kept,,,
django,djangoproject.com,Python,1205,10,3,kept,,,
Q00,ouroboros,Python,22276,12,1,kept,,,
volcengine,OpenViking,Python,14568,30,9,kept,,,
verl-project,verl,Python,68377,30,3,kept,,,
pst-group,pysystemtrade,Python,155,8,3,kept,,,
ace-step,ACE-Step-1.5,Python,183,7,1,kept,,,
openakita,openakita,Python,646,9,2,kept,,,
HKUDS,nanobot,Python,3882,3,1,kept,,,
Scottcjn,Rustchain,Python,66880,29,7,kept,,,
splunk,attack_range,Python,175,4,0,no_test_workflow,,,
kort0881,vpn-vless-configs-russia,Python,991,4,0,no_test_workflow,,,
Cranot,roam-code,Python,1993,11,2,kept,,,
ginlix-ai,LangAlpha,Python,2754,7,3,kept,,,
jundot,omlx,Python,1351,6,2,kept,,,
microsoft,apm,Python,27180,30,6,kept,,,
AndyTheFactory,newspaper4k,Python,45,5,1,no_ci,,,
SpaceTimee,Fusion-JetBrainsMapleMono,Python,1106,1,0,no_test_workflow,,,
onnxsim,onnxsim,Python,3419,22,7,kept,,,
PrefectHQ,fastmcp,Python,14125,29,3,kept,,,
SemiAnalysisAI,InferenceX,Python,41537,30,7,kept,,,
hkjarral,AVA-AI-Voice-Agent-for-Asterisk,Python,2992,13,2,kept,,,
LibreYOLO,libreyolo,Python,3712,10,1,kept,,,
askui,python-sdk,Python,124,4,0,no_test_workflow,,,
github-community-projects,issue-metrics,Python,1308,21,0,no_test_workflow,,,
ormar-orm,ormar,Python,1723,11,1,kept,,,
Azure,GPT-RAG,Python,526,13,2,kept,,,
earthaccess-dev,earthaccess,Python,2234,15,4,kept,,,
NVIDIA,NeMo-Retriever,Python,7963,30,6,kept,,,
Nikolay-Shirokov,cc-1c-skills,Python,60,1,1,no_ci,,,
ClawBio,ClawBio,Python,631,5,1,kept,,,
harbor-framework,harbor,Python,29265,27,3,kept,,,
microsoft,agent-governance-toolkit,Python,74741,30,1,kept,,,
ChrisDKN,Amethyst-Mod-Manager,Python,193,5,2,kept,,,
NousResearch,hermes-agent,Python,262522,30,6,kept,,,
jgravelle,jcodemunch-mcp,Python,1473,10,1,kept,,,
NoDeskAI,nodeskclaw,Python,249,4,0,no_test_workflow,,,
dataelement,Clawith,Python,109,2,0,no_test_workflow,,,
poco-ai,poco-claw,Python,625,12,5,kept,,,
1CatAI,1Cat-vLLM,Python,721,7,1,kept,,,
SQLMesh,sqlmesh,Python,670,10,0,no_test_workflow,,,
mindsdb,anton,Python,2500,19,2,kept,,,
PennyLaneAI,demos,Python,3126,21,5,kept,,,
MicrosoftDocs,powerapps-docs,Python,0,1,0,no_ci,,,
fim-ai,fim-one,Python,123,3,1,kept,,,
lsdefine,GenericAgent,Python,7,3,0,no_ci,,,
LearnPrompt,ai-news-radar,Python,1923,2,0,no_test_workflow,,,
flwrlabs,flower,Python,27878,30,2,kept,,,
marin-community,marin,Python,100015,30,1,kept,,,
KKeygen,idv-login,Python,118,10,2,kept,,,
raullenchai,Rapid-MLX,Python,14122,16,2,kept,,,
greyhaven-ai,autocontext,Python,1061,5,1,kept,,,
turnstonelabs,turnstone,Python,6563,11,1,kept,,,
osprey-oss,deptry,Python,809,6,1,kept,,,
qlustered,deepdiff,Python,68,5,1,no_ci,,,
HKUSTDial,flash-sparse-attention,Python,155,9,1,kept,,,
rohitg00,ai-engineering-from-scratch,Python,340,4,1,kept,,,
wanshuiyin,Auto-claude-code-research-in-sleep,Python,708,9,3,kept,,,
jjang-ai,vmlx,Python,447,3,0,no_test_workflow,,,
hyperquest-hq,hyperbase,Python,26,3,0,no_ci,,,
openswarm-ai,openswarm,Python,2200,18,5,kept,,,
PacificAI,langtest,Python,29,6,2,no_ci,,,
latent-to,bittensor,Python,1236,17,5,kept,,,
nesquena,hermes-webui,Python,23811,10,1,kept,,,
openstack,kolla-ansible,Python,4,2,0,no_ci,,,
jshn9515,deep-learning-notes,Python,62,11,3,no_ci,,,
gmickel,flow-next,Python,2007,5,1,kept,,,
The-PR-Agent,pr-agent,Python,2432,16,2,kept,,,
debpalash,OmniVoice-Studio,Python,5389,10,2,kept,,,
droidrun,mobilerun,Python,843,7,0,no_test_workflow,,,
WebODM,WebODM,Python,207,7,0,no_test_workflow,,,
microsoft,PyRIT,Python,16325,12,2,kept,,,
emersonfelipesp,netbox-proxbox,Python,5399,15,2,kept,,,
ascending-llc,jarvis-registry,Python,2643,14,1,kept,,,
fuyuxiang,echo-agent,Python,469,3,1,kept,,,
zhayujie,CowAgent,Python,727,8,1,kept,,,
whiteguo233,OpenBiliClaw,Python,1876,11,2,kept,,,
xerrors,Yuxi,Python,533,12,1,kept,,,
MemPalace,mempalace,Python,2422,9,1,kept,,,
optiland,optiland,Python,415,10,1,kept,,,
jessielw,Reclaimerr,Python,651,11,2,kept,,,
FloatingPragma,observer-patch-holography,Python,1341,6,2,kept,,,
stevesolun,ctx,Python,1038,11,1,kept,,,
HKUDS,Vibe-Trading,Python,1486,6,1,kept,,,
agentscope-ai,QwenPaw,Python,35717,30,7,kept,,,
omicverse,omicverse,Python,2383,14,1,kept,,,
shenminglinyi,PlotPilot,Python,16,3,2,no_ci,,,
foryourhealth111-pixel,Vibe-Skills,Python,83,3,0,no_ci,,,
xbtlin,ai-berkshire,Python,0,0,0,no_ci,,,
rai-opensource,spatialmath-python,Python,19,5,1,no_ci,,,
sipyourdrink-ltd,bernstein,Python,73828,30,5,kept,,,
future-agi,future-agi,Python,21563,30,4,kept,,,
Cyberdrop-DL,cyberdrop-dl,Python,3771,13,3,kept,,,
heymrun,heym,Python,1146,5,0,no_test_workflow,,,
ogx-ai,ogx,Python,41959,30,19,kept,,,
django-commons,django-polymorphic,Python,265,13,1,kept,,,
Tracer-Cloud,opensre,Python,53845,30,7,kept,,,
BlazeUp-AI,Observal,Python,14847,18,1,kept,,,
Genesis-Embodied-AI,genesis-world,Python,8949,11,0,no_test_workflow,,,
microsoft,Biodiversity,Python,88,7,0,no_ci,,,
chirpz-ai,pandaprobe,Python,510,8,3,kept,,,
torchgeo,terratorch,Python,225,13,1,kept,,,
YoungCan-Wang,WyckoffTradingAgent,Python,2698,27,5,kept,,,
noonghunna,club-3090,Python,54,1,0,no_ci,,,
OpenSquilla,opensquilla,Python,7715,20,3,kept,,,
SeemSeam,claude_codex_bridge,Python,1824,8,2,kept,,,
Ontos-AI,knowhere,Python,1408,5,1,kept,,,
pydantic,httpx2,Python,2266,9,2,kept,,,
liuzi6612,awesome-web-editor,Python,95,2,1,no_ci,,,
qualcomm,aimet,Python,1452,24,5,kept,,,
openJiuwen-ai,jiuwenswarm,Python,36,2,0,no_ci,,,
apache,caldera,Python,329,12,0,no_test_workflow,,,
unilabsim,UniLab,Python,872,5,1,kept,,,
Klotzkette,claude-fuer-deutsches-recht,Python,484,3,0,no_test_workflow,,,
semantica-agi,semantica,Python,4114,17,1,kept,,,
Open-Source-Legal,cite,Python,20939,20,7,kept,,,
KoStard,forgecad-public-kit,Python,1,1,0,no_ci,,,
huggingface,OpenEnv,Python,4882,18,5,kept,,,
microsoft,azurelinux,Python,42455,30,3,kept,,,
pewdiepie-archdaemon,odysseus,Python,21781,17,3,kept,,,
strands-agents,harness-sdk,Python,35880,30,6,kept,,,
zhnt,loushang,Python,1384,6,0,no_test_workflow,,,
opensandbox-group,OpenSandbox,Python,10630,29,9,kept,,,
scverse,gget,Python,472,9,2,kept,,,
fivetran,great_expectations,Python,4802,17,2,kept,,,
linyuan0213,nexus-media,Python,1164,8,1,kept,,,
eddyzzl,marvis-risk-agent,Python,103,2,1,kept,,,
jupytext,jupytext,Python,1637,17,5,kept,,,
altmenorg,HAsmartirrigation,Python,927,10,1,kept,,,
headroomlabs-ai,headroom,Python,43248,30,3,kept,,,
astroautomata,PySR,Python,2503,20,7,kept,,,
Observal,Observal,Python,14847,18,1,kept,,,
vitali87,code-graph-rag,Python,9896,18,2,kept,,,
NVIDIA-NeMo,Speech,Python,30484,30,7,kept,,,
data-privacy-stack,presidio,Python,2647,13,1,kept,,,
aTrainTranscription,aTrain,Python,128,5,1,kept,,,
feyninc,chonkie,Python,1140,15,2,kept,,,
Graphify-Labs,graphify,Python,1495,10,2,kept,,,
omnigent-ai,omnigent,Python,332373,30,8,kept,,,
Osmantic,ODS,Python,30731,30,4,kept,,,
mozilla,policy-templates,Python,28,2,0,no_ci,,,
sickn33,agentic-awesome-skills,Python,5643,15,1,kept,,,
RaoFoundation,bittensor,Python,1236,17,5,kept,,,
LaQuay,TDTChannels,Python,379,1,0,no_test_workflow,,,
bojieli,ai-agent-book,Python,1343,8,3,kept,,,
QuipNetwork,quip-miner,Python,3,1,1,no_ci,,,
fancyboi999,ai-engineering-from-scratch-zh,Python,136,1,1,kept,,,
datawhalechina,deep-learning-notes,Python,632,7,2,kept,,,
odysseus-dev,odysseus,Python,21781,17,3,kept,,,
