owner,repo,lang,stars,commits,default_branch,n_runs_90d,test_workflow_ids,license,reserve_rank
essentialsx,essentials,Java,2276,6706,2.x,275,214763;8698297;7123315,GNU General Public License v3.0,1
apache,incubator-kie-optaplanner,Java,3507,9063,main,1553,128521601;11455881;3975509;2327223,Apache License 2.0,2
spring-cloud,spring-cloud-consul,Java,823,1380,main,345,245821773,Apache License 2.0,3
operator-framework,java-operator-sdk,Java,935,3404,main,2959,150911;131741236;19260859;53453808,Apache License 2.0,4
sonarsource,sonarqube,Java,10838,39538,master,158,182936232,GNU Lesser General Public License v3.0,5
enginehub,worldedit,Java,3486,4596,version/7.4.x,414,6562292,Other,6
akto-api-security,akto,Java,1497,14085,master,5955,57370149;94919785;310857567;321239451,MIT License,7
apache,causeway,Java,901,30315,main,735,18363;223830112;223834084;223835084;21808405,Apache License 2.0,8
haveno-dex,haveno,Java,1374,2471,master,1673,8301786,GNU Affero General Public License v3.0,9
apache,shiro,Java,4448,4767,main,1681,247473793;4708987;61251199,Apache License 2.0,10
google,guava,Java,51535,7448,master,1796,6794244;8787697,Apache License 2.0,11
javadev,underscore-java,Java,550,1692,main,290,187709;41227;112527672,MIT License,12
hapifhir,hapi-fhir-jpaserver-starter,Java,536,1165,master,445,6682667;8459647;4055670;56751554;143732937,Apache License 2.0,13
eclipse-milo,milo,Java,1378,1754,main,475,135910927,Eclipse Public License 2.0,14
slackapi,java-slack-sdk,Java,601,2920,main,471,3974759;230243903,MIT License,15
line,line-bot-sdk-java,Java,642,2168,master,1145,250667,Apache License 2.0,16
open-telemetry,opentelemetry-java,Java,2434,5502,main,8327,2384144;7412904;22890896;191194843;212351761,Apache License 2.0,17
paladincloud,ce,Java,568,3987,master,162,29038089;80544070,Apache License 2.0,18
apache,openmeetings,Java,686,3923,master,143,249658754,Other,19
lukas-krecan,jsonunit,Java,1002,2190,master,290,817505,Apache License 2.0,20
portfolio-performance,portfolio,Java,3989,8241,master,707,197262;43230;219617781,Eclipse Public License 1.0,21
rabbitmq,rabbitmq-java-client,Java,1311,6333,main,821,42658992;42658993;50593344;50593345,Other,22
open-telemetry,opentelemetry-java-instrumentation,Java,2596,15930,main,39477,2373546;13267680;13267681;13267682;13267683;16228269;21155462;22122309;22676441;22865424;22865425;38655420;52096567,Apache License 2.0,23
apache,eventmesh,Java,1743,4852,develop,506,9357463,Apache License 2.0,24
TrianguloY,URLCheck,Java,1976,1034,master,160,33080130;33470577,Other,25
1Panel-dev,CordysCRM,Java,2524,5619,main,9843,203273595;203273596;203273599,Other,26
elastic,apm-agent-java,Java,593,3516,main,1694,51902053,Apache License 2.0,27
spring-projects,spring-tools,Java,974,7176,main,225,62372233;63195758;63586888;98649150;106622612;115696201;116055054;132005156,Eclipse Public License 1.0,28
nzymeorg,nzyme,Java,1574,2965,master,104,237327908,Other,29
yegor256,rultor,Java,575,5834,master,3098,29112383,Other,30
plan-player-analytics,plan,Java,1019,7109,master,777,29719666,GNU Lesser General Public License v3.0,31
linkedin,venice,Java,608,6124,main,6403,35600145;36760167;37790079;37904310;73909323;73909324;73909325;128036547;246031006;247135370;254429946;243956709,BSD 2-Clause Simplified License,32
cloudfoundry,uaa,Java,1635,12564,develop,3824,18231427;45276562;45279167;239162669,Apache License 2.0,33
runelite,runelite,Java,5414,15365,master,326,3294977,BSD 2-Clause Simplified License,34
apache,shardingsphere,Java,20749,48988,master,8863,4733338;36881995;36881996;80399043;249838322;288471106,Apache License 2.0,35
spring-projects,spring-data-relational,Java,823,2494,main,493,224973763,Apache License 2.0,36
onthegomap,planetiler,Java,2128,1400,main,319,14386803,Apache License 2.0,37
kaikramer,keystore-explorer,Java,2034,1969,main,155,29718355,GNU General Public License v3.0,38
iterate-ch,cyberduck,Java,4656,45429,master,855,15791309;45695133;200146,GNU General Public License v3.0,39
mwiede,jsch,Java,1049,1821,master,294,1420733,Other,40
ahoo-wang,cosid,Java,640,1479,main,1118,17957476;17981841;26664530;17935058,Apache License 2.0,41
kiltmc,kilt,Java,690,1870,version/1.21.1,372,62187347,GNU Lesser General Public License v2.1,42
nroduit,weasis,Java,1293,3782,master,219,2516901;3773802,Other,43
mendhak,gpslogger,Java,2571,3585,master,110,174899;339787,Other,44
ctripcorp,x-pipe,Java,2091,5278,master,266,12442882,Apache License 2.0,45
osudroid,osu-droid,Java,700,6841,master,697,48139309,Apache License 2.0,46
col-e,recaf,Java,7303,5391,master,117,18740891,MIT License,47
apache,druid,Java,14035,16119,master,10037,40768072;45727616;142706214,Apache License 2.0,48
KouShenhai,KCloud-Platform-IOT,Java,667,14813,master,8925,262998444;52352287;108251672,Apache License 2.0,49
vaadin,flow,Java,746,26913,main,6285,300044205;214410388;293746360,Apache License 2.0,50
google,error-prone,Java,7213,7441,master,1189,3939918,Apache License 2.0,51
deepjavalibrary,djl,Java,4835,4460,master,1451,2283883,Apache License 2.0,52
apache,ozone,Java,1243,10990,master,10872,8247;41740445;75324142;98034205;148805842;70894787;103315041,Apache License 2.0,53
apache,kafka,Java,33328,17961,trunk,31667,113851756;116460169;113331030;115070115;133008744;303483045,Apache License 2.0,54
yuria-shikibe,newhorizonmod,Java,595,2892,main,231,107049103,GNU General Public License v3.0,55
cucumber,cucumber-jvm,Java,2831,6981,main,781,22184993;281052228,MIT License,56
wurst-imperium,wurst7,Java,1350,4839,master,657,125974360;29669605;239930457,GNU General Public License v3.0,57
freerouting,freerouting,Java,1799,2403,master,2130,836676;18150056,GNU General Public License v3.0,58
mapstruct,mapstruct,Java,7673,1891,main,323,165461973;710604;165461974,Other,59
apache,camel,Java,6272,82649,main,39589,45247474;45247767;45247768;235636978;242063599;254032022;257776327;312357709;313954882;319507012,Apache License 2.0,60
apache,skywalking,Java,24896,8578,master,970,21943104,Apache License 2.0,61
apache,datasketches-java,Java,958,3661,main,125,221390020;317019047,Apache License 2.0,62
microsoft,typespec,Java,5794,5786,main,22432,304933954;168263464;251264809;251390956,MIT License,63
mybatis,mybatis-dynamic-sql,Java,1157,3321,master,275,4011373,Apache License 2.0,64
spring-projects,spring-data-commons,Java,831,3428,main,348,224871680,Apache License 2.0,65
terrakube-io,terrakube,Java,930,2202,main,722,11336440;28616619,Apache License 2.0,66
townyadvanced,towny,Java,613,7718,master,615,475200;68161131,Other,67
instancio,instancio,Java,1156,2443,main,998,21885613,Apache License 2.0,68
netease-im,camellia,Java,734,3292,master,101,1096119,MIT License,69
lakesoul-io,LakeSoul,Java,3243,1334,main,1730,300652038;84813516;69244395;40126906;37846826;58586840;68040172;179952393;73550353;63344860,Apache License 2.0,70
mekanism,mekanism,Java,1624,10596,1.21.x,659,93664920,MIT License,71
apache,groovy,Java,5450,23128,master,11829,223657;435780;882219;1717706;1818738;3706131;15003910;15003911;28924749;43232320;156438444;234682855,Apache License 2.0,72
apache,commons-math,Java,651,7439,master,161,27676389;80292076,Apache License 2.0,73
googleapis,google-http-java-client,Java,1439,1548,main,1014,1621340,Apache License 2.0,74
apache,ratis,Java,1467,2067,master,800,143383554;143517327;143517329;143517330,Apache License 2.0,75
fasterxml,jackson-core,Java,2378,5293,3.x,416,37660853;102473902;102473903,Apache License 2.0,76
gregtechceu,gregtech-modern,Java,536,2791,1.20.1,6448,52468720;88851207;119557577;179873294;112741023,GNU Lesser General Public License v3.0,77
apache,jmeter,Java,9482,18550,master,241,220970;196945679;402345;57385,Apache License 2.0,78
clickhouse,clickhouse-java,Java,1610,4905,main,4954,4813799;203888989,Apache License 2.0,79
graphhopper,graphhopper,Java,6595,7041,master,577,36043655,Apache License 2.0,80
codelibs,fess,Java,1122,4856,master,318,689957,Apache License 2.0,81
smithy-lang,smithy,Java,2315,3274,main,1536,4165698;41922898;89369604;129224982,Apache License 2.0,82
moquette-io,moquette,Java,2447,1483,main,118,4048326;10410914,Apache License 2.0,83
consensys,teku,Java,776,6884,master,8632,198598590;145290256;20856527;193750144;54328866,Apache License 2.0,84
spring-projects,spring-batch,Java,2947,7034,main,208,49665064;78023537;150932588,Apache License 2.0,85
apache,commons-io,Java,1078,6245,master,346,76487,Apache License 2.0,86
flowable,flowable-engine,Java,9418,13914,main,883,173120;25529;831754;85179943;25524;13397;12982966;25525;5236801;25526;25528;5726132,Apache License 2.0,87
ical4j,ical4j,Java,835,3728,develop,259,4074600;147795636;116378864,BSD 3-Clause New or Revised License,88
pixelsdb,pixels,Java,908,1669,master,156,198380197;275404784;198380199,GNU Affero General Public License v3.0,89
mockbukkit,mockbukkit,Java,739,4633,minecraft/v26,640,115355192,MIT License,90
appliedenergistics,applied-energistics-2,Java,1757,5533,main,453,17077642;77530518,Other,91
spring-projects,spring-data-mongodb,Java,1684,4298,main,387,225991456,Apache License 2.0,92
pac4j,pac4j,Java,2520,7217,master,1286,5597892,Apache License 2.0,93
eclipse-vertx,vertx-sql-client,Java,912,1384,master,354,50442648;163702412;50469686;163702413;3598326,Apache License 2.0,94
intellectualsites,plotsquared,Java,652,5824,main,643,3792667;45471539,GNU General Public License v3.0,95
microg,gmscore,Java,13906,2510,master,369,4858829,Apache License 2.0,96
osmandapp,osmand,Java,5819,109057,master,2206,57718687;2084420,Other,97
jqno,equalsverifier,Java,740,4342,main,161,3875784;8572216;8572217,Apache License 2.0,98
apache,zookeeper,Java,12783,2718,master,427,4930755;20589301;4930756,Apache License 2.0,99
openwms,org.openwms,Java,707,5270,master,100,7168959;7168960,Apache License 2.0,100
mucommander,mucommander,Java,1249,6478,master,179,42158528;62538053;42154666,Other,101
HMCL-dev,HMCL,Java,9732,4900,main,4149,137075,GNU General Public License v3.0,102
apache,karaf,Java,708,10060,main,943,183184331;247745391;224439791,Apache License 2.0,103
pebbletemplates,pebble,Java,1195,1387,master,252,209427945,BSD 3-Clause New or Revised License,104
objectionary,eo,Java,1371,12896,master,90073,11091615,MIT License,105
redisson,redisson,Java,24376,11714,master,874,14366,Apache License 2.0,106
spring-io,initializr,Java,3696,2685,main,171,84924604;84924231,Apache License 2.0,107
firebase,firebase-android-sdk,Java,2554,3788,main,15869,31707952;32627447;49884055;50382911;53546475;75334827;106932987;139253871,Apache License 2.0,108
spring-projects,spring-data-elasticsearch,Java,2961,2224,main,308,226286866,Apache License 2.0,109
anuken,mindustry,Java,28402,21020,master,1919,173590;91804050;3725882;3725883,GNU General Public License v3.0,110
spring-cloud,spring-cloud-netflix,Java,4968,3629,main,368,245778586,Apache License 2.0,111
dromara,dynamic-tp,Java,4794,1760,master,130,58561156;45498924,Apache License 2.0,112
jreleaser,jreleaser,Java,1231,2990,main,199,3895944;18910519,Apache License 2.0,113
tapdata,tapdata,Java,654,14904,main,561,60792324;68974364;31741590,Apache License 2.0,114
apache,parquet-java,Java,3071,2994,master,1161,54884124;54884125,Apache License 2.0,115
ta-lib,ta-lib,Java,1640,2815,main,419,129094007;129094008,BSD 3-Clause New or Revised License,116
torakiki,pdfsam,Java,4518,1831,master,132,16273037,GNU Affero General Public License v3.0,117
kestra-io,kestra,Java,27431,11257,develop,26988,194907980;194907986;277260036;284282608;304793490,Apache License 2.0,118
freechat-fun,freechat,Java,552,1642,main,342,132151288,Apache License 2.0,119
dnsjava,dnsjava,Java,1068,2238,master,170,34502,BSD 3-Clause New or Revised License,120
creators-of-create,create,Java,4338,5469,mc1.21.1/dev,465,16531065,Other,121
axelor,axelor-open-suite,Java,965,28205,master,1752,1262462,Other,122
spring-cloud,spring-cloud-zookeeper,Java,574,1002,main,355,245817747,Apache License 2.0,123
googlecontainertools,jib,Java,14435,2399,master,227,1990063;5388085,Apache License 2.0,124
fasterxml,jackson-databind,Java,3741,13184,3.x,1351,37644837;102474965;102474966;102474967;102474968;73559852,Apache License 2.0,125
enso-org,enso,Java,7437,7452,develop,1782,108930285;122888373;223483217,Apache License 2.0,126
apache,incubator-seata,Java,25974,2547,2.x,2695,4084151;20092447;68496739;118136689;161846513;309782989;323369607,Apache License 2.0,127
vazkiimods,botania,Java,1461,10360,1.20.x,325,411939;59841292,Other,128
omegat-org,omegat,Java,526,12056,master,4983,126025078;126031384;126031383;126033622;271200776,Other,129
playframework,play1,Java,1565,4636,master,602,18978955,Other,130
hivemq,hivemq-community-edition,Java,1202,1245,master,589,8989425;284541675,Apache License 2.0,131
apache,commons-lang,Java,2988,9684,master,1318,184198;43298,Apache License 2.0,132
yegor256,cactoos,Java,777,3220,master,1057,32360100,MIT License,133
graylog2,graylog2-server,Java,8091,29454,master,22491,3953015;76191802;74500611,Other,134
jhy,jsoup,Java,11380,2470,master,414,4157220;15683731,MIT License,135
ta4j,ta4j,Java,2472,2888,master,4297,5257634;271684797;271684798;271691438,Other,136
spring-projects,spring-data-rest,Java,950,1903,main,280,226326597,Apache License 2.0,137
jooby-project,jooby,Java,1779,7361,main,271,11691;261829128,Apache License 2.0,138
micrometer-metrics,micrometer,Java,4874,8846,main,2753,460111,Apache License 2.0,139
jodaorg,joda-time,Java,4981,2314,main,102,724623;40932448,Apache License 2.0,140
apache,ignite,Java,5074,30317,master,5692,108385154;281576319,Apache License 2.0,141
vavr-io,vavr,Java,6159,4572,main,680,112834074;136431781,Apache License 2.0,142
forge,roaster,Java,688,1108,master,119,250244,Other,143
resteasy,resteasy,Java,1142,6878,main,1972,98602024;34378380;34378381;1076184;55060583;13420383,Apache License 2.0,144
apache,dubbo,Java,41546,8893,3.3,776,38056936;79406284;38149857;38149858,Apache License 2.0,145
optimatika,ojalgo,Java,501,2226,develop,318,4301702,MIT License,146
apache,httpcomponents-client,Java,1532,4030,master,413,35835706,Apache License 2.0,147
apache,geode,Java,2374,11353,develop,249,40972920,Apache License 2.0,148
bluemap-minecraft,bluemap,Java,2770,1626,master,127,38378345,MIT License,149
grapheneos,auditor,Java,679,1076,main,261,4424242;13694833,MIT License,150
pig-mesh,pig,Java,6661,2767,master,169,288564416,Apache License 2.0,151
besu-eth,besu,Java,1822,7078,main,9288,30834323;77751917;77780023;82893072;82893074;153620316;236381700;308267620,Apache License 2.0,152
supertokens,supertokens-core,Java,15239,1717,master,937,11547274;155185466;22171368;151857180,Other,153
apache,amoro,Java,1153,1907,master,1496,64195774;64275814;202910093;205301152;96614438;318027007;204618242;202966010;30530248,Apache License 2.0,154
apache,nutch,Java,3273,3660,master,442,2085068,Apache License 2.0,155
glowroot,glowroot,Java,1354,4546,main,1298,22727706;22729331,Apache License 2.0,156
fcl-team,foldcraftlauncher,Java,4369,2567,main,261,200966783,GNU General Public License v3.0,157
teammates,teammates,Java,1839,19399,master,10319,4807916;4807917;48208050;53745081;94321093;229571678,GNU General Public License v2.0,158
sakaiproject,sakai,Java,1222,55248,master,2484,3813720;239727314;14452037;90505388,Educational Community License v2.0,159
wgzhao,addax,Java,1422,2016,master,116,11861912,Apache License 2.0,160
git-commit-id,git-commit-id-maven-plugin,Java,1712,1773,master,100,338741,GNU Lesser General Public License v3.0,161
anddea,revanced-patches,Java,1803,4633,main,295,97821241;100170006,GNU General Public License v3.0,162
openlineage,openlineage,Java,2567,3329,main,3194,123123382;306504973,Apache License 2.0,163
apache,helix,Java,503,4927,master,245,2122214;47347775;2087616;35677278,Apache License 2.0,164
google,conscrypt,Java,1398,4524,master,285,35535,Apache License 2.0,165
pgjdbc,pgjdbc,Java,1727,4292,master,4455,1996151;14218593;18992308;165588015;27547738;656566;9019958,BSD 2-Clause Simplified License,166
basexdb,basex,Java,765,15720,main,389,140885189,BSD 3-Clause New or Revised License,167
mybatis,jpetstore-6,Java,605,2213,master,760,3966351,Apache License 2.0,168
quarkusio,quarkus-quickstarts,Java,2180,2256,main,393,170760;177963117;403322;269373142,Apache License 2.0,169
booklore-app,BookLore,Java,669,2009,develop,172,215792590;215792582;215792594;215792585;215792581;215623053;215792559;215792591;213601093;215792586;215587578;194783308;215487505;215608514;215753382;215753385;215792578;215792561;215587576;215487506,GNU Affero General Public License v3.0,170
grpc,grpc-java,Java,12059,7184,master,1776,142105158;2373624;10525772,Apache License 2.0,171
elastic,elasticsearch,Java,77189,101973,main,71527,648178;140689510;318437659,Other,172
etcd-io,jetcd,Java,1165,1533,main,330,588089;72412897,Apache License 2.0,173
CommandAPI,CommandAPI,Java,649,3831,master,152,3816817,MIT License,174
SkinsRestorer,SkinsRestorer,Java,710,3637,dev,460,13061253,GNU General Public License v3.0,175
valkey-io,valkey-glide,Java,769,4212,main,29949,30896947;30896948;71468610;85815339;123816995;126280392;167218639;190471530;190473048,Apache License 2.0,176
netflix,mantis,Java,1468,1256,master,151,6355792;24123605,Apache License 2.0,177
indy256,codelibrary,Java,2027,1495,main,148,1351121;1351148;8887260,The Unlicense,178
orcid,orcid-source,Java,585,27987,main,676,57626695;126883009;126883010,Other,179
nextcloud,notes-android,Java,1094,5534,main,2306,620834;48342200,GNU General Public License v3.0,180
google,j2cl,Java,1372,8311,master,845,4288536,Apache License 2.0,181
apache,drill,Java,2022,4595,master,376,499716;235829150;231302463,Apache License 2.0,182
geonetwork,core-geonetwork,Java,510,18286,main,2916,4790020;51829861,GNU General Public License v2.0,183
orientechnologies,orientdb,Java,4975,27070,develop,537,75454534,Apache License 2.0,184
hivemq,hivemq-mqtt-client,Java,1107,1593,master,243,9146946,Apache License 2.0,185
asamk,signal-cli,Java,4824,2282,master,216,189671;240640504,GNU General Public License v3.0,186
scada-lts,scada-lts,Java,980,5782,develop,103,6685794;12445698,GNU General Public License v2.0,187
spring-projects,spring-amqp,Java,857,3187,main,1019,77660046;77660089;260314376,Apache License 2.0,188
librepdf,openpdf,Java,4305,2184,master,329,4052226,Other,189
apache,tez,Java,517,3125,master,166,48486522,Apache License 2.0,190
bisq-network,bisq,Java,5122,19940,master,1924,7788373;295221521;277206879,GNU Affero General Public License v3.0,191
stefan-niedermann,nextcloud-deck,Java,562,4999,master,447,620909;317694412,GNU General Public License v3.0,192
discord4j,discord4j,Java,1917,4242,master,426,273907196;1369121,GNU Lesser General Public License v3.0,193
internetarchive,heritrix3,Java,3286,2998,master,194,10645843,Other,194
skjolber,3d-bin-container-packing,Java,555,1243,master,482,5627702;196326886,Apache License 2.0,195
nightscoutfoundation,xdrip,Java,1768,9499,master,142,4742816,GNU General Public License v3.0,196
datafaker-net,datafaker,Java,1789,3602,main,758,110947785,Apache License 2.0,197
spring-cloud,spring-cloud-openfeign,Java,1307,3592,main,405,245813641,Apache License 2.0,198
jabref,jabref,Java,4419,24168,main,94359,9814;109227;7280772;36883444,MIT License,199
muntashirakon,appmanager,Java,8419,5915,master,119,9203468,Other,200
resilience4j,resilience4j,Java,10710,1630,master,107,9263947,Apache License 2.0,201
nzymedefense,nzyme,Java,1572,2926,master,104,237327908,Other,202
playtikaoss,testcontainers-spring-boot,Java,877,2877,develop,7254,1408898,MIT License,203
igalia,wolvic,Java,951,3719,main,184,69419365;69416018;69416017,Mozilla Public License 2.0,204
javaparser,javaparser,Java,6130,10138,master,1251,1104750,Other,205
apache,accumulo,Java,1158,15071,main,892,2218046,Apache License 2.0,206
spring-projects,spring-session,Java,1936,3720,main,1956,1990578;13496107;1974017;50377439,Apache License 2.0,207
apache,iceberg,Java,9088,8945,main,48167,45237209;14328864;14284955;3411589;116847482;254547062;75387745;14284954,Apache License 2.0,208
lawnchairlauncher,lawnchair,Java,13208,87566,16-dev,1061,77328059,Other,209
alibaba,fastjson2,Java,4312,5021,main,318,223944342;24321523;223940235;223940234,Apache License 2.0,210
qaiu,netdisk-fast-download,Java,3018,1220,main,147,198690073,MIT License,211
countly,countly-sdk-android,Java,697,2996,master,273,80993442;272525533;84194106,MIT License,212
googlecloudplatform,dataflowtemplates,Java,1306,5839,main,14253,150648334;64494421;165341041;271956364;105157329;132720133;183301999;252582426;267990525;118559362,Apache License 2.0,213
universalmediaserver,universalmediaserver,Java,2635,10999,main,1050,310350932;1852697,GNU General Public License v2.0,214
softinstigate,restheart,Java,881,5713,master,158,2967825,GNU Affero General Public License v3.0,215
primefaces,primefaces,Java,1928,17183,master,1614,2961993;10212479;11632246;11169772,MIT License,216
LFDT-web3j,web3j,Java,5391,2581,main,277,5221521,Other,217
openhab,openhab-core,Java,1132,3478,main,1346,14623772;157607825;252108098,Eclipse Public License 2.0,218
btraceio,btrace,Java,5985,1918,develop,2420,7458683;235061687;215610873,Apache License 2.0,219
apache,storm,Java,6696,11876,master,2044,255282514;50442072,Apache License 2.0,220
spring-projects,spring-shell,Java,816,1377,main,126,16446715;16447433;117487866;259072724,Apache License 2.0,221
jmonkeyengine,jmonkeyengine,Java,4272,8989,master,1434,223707;282941533;5032,BSD 3-Clause New or Revised License,222
seed4j,seed4j,Java,614,25398,main,6025,11553379,Apache License 2.0,223
teamnewpipe,newpipeextractor,Java,1920,3244,dev,389,4622437,GNU General Public License v3.0,224
hawtio,hawtio,Java,1462,10616,main,2494,47887417;60819564;144553832;14696954,Apache License 2.0,225
beehive-lab,tornadovm,Java,1477,10779,master,1527,210937414;213251640;213967851;214011538;232907594;238034967;238035731;310596764;328737183,Apache License 2.0,226
debezium,debezium,Java,12958,14363,main,6662,188739;375647;7026004;18270429;88148000;88323210;153322814;153322815;153322816;153322817;153322818;153322819;153322820;224867157;247512134;328404599,Apache License 2.0,227
tony19,logback-android,Java,1265,4530,main,783,308283616,Apache License 2.0,228
neoforged,NeoForge,Java,2004,10237,26.2.x,2858,74476759;77383498,GNU Lesser General Public License v2.1,229
mockito,mockito,Java,15442,6351,main,119,3295268,MIT License,230
oracle,graal,Java,21651,97809,master,1442,236640344;217944221;186539198;191394136;85853199;118451938;202336816;186231770;191394137;2243394;230189592;314564557;186531697;309252034;309252033;191394138;89922987;186312087;191394139;88298806,Other,231
tsantalis,refactoringminer,Java,500,6194,master,1423,85612871;147151948,MIT License,232
cap-go,capacitor-updater,Java,814,3397,main,1717,44565259,Mozilla Public License 2.0,233
apache,ofbiz-framework,Java,1096,30034,trunk,3698,1683489;1591489,Apache License 2.0,234
awspring,spring-cloud-aws,Java,1111,2398,main,203,3878856,Apache License 2.0,235
openapitools,openapi-generator,Java,26498,22746,master,19079,37856078;13926736;57863570;251125685;37856079;223818410;37554392;9328925;184991786,Apache License 2.0,236
ReChronoRain,HyperCeiler,Java,5113,4641,main,290,98748714,GNU Affero General Public License v3.0,237
steve-community,steve,Java,1088,3425,master,354,13344644,GNU General Public License v3.0,238
junit-team,junit-examples,Java,1616,1316,main,898,184746;170189086;395128,Eclipse Public License 2.0,239
jbangdev,jbang,Java,1844,2348,main,1516,73994;16203157;210040683;210696997;301956383,MIT License,240
meteordevelopment,meteor-client,Java,3672,4740,master,257,5031900;30372617,GNU General Public License v3.0,241
catimaloyalty,android,Java,1646,8170,main,657,3115940;312570038,GNU General Public License v3.0,242
niumoo,bing-wallpaper,Java,3633,3060,main,466,5659174,Apache License 2.0,243
rstudio,rstudio,Java,5038,45223,main,2568,280957053;287957610;287957613;287957615;287957616;287957617;289244576;290006723;294062198;296400427;296400432;296422540;305669140;306153107;314476504;318373995;318373996,Other,244
janssenproject,jans,Java,643,36252,main,1432,127909732;127909744;127909745;268850331;268850332;287610829;290305492;297595643,Apache License 2.0,245
spring-cloud,spring-cloud-contract,Java,732,5253,main,425,245824715,Apache License 2.0,246
viaversion,viaproxy,Java,628,1437,main,479,72929512,GNU General Public License v3.0,247
awsdocs,aws-doc-sdk-examples,Java,10437,17114,main,11099,103701772,Apache License 2.0,248
ben-manes,caffeine,Java,17776,2739,master,8700,2832517;3447689;195222185;222666383,Apache License 2.0,249
swagger-api,swagger-core,Java,7531,4542,master,884,1881454;1964865,Apache License 2.0,250
prometheus,client_java,Java,2284,1835,main,9838,122429434;119689729;226826118;223979783;126969508,Apache License 2.0,251
wso2,product-apim,Java,1003,12388,master,534,3398339;241401806,Apache License 2.0,252
apache,logging-log4j2,Java,3612,14695,2.x,1518,77519216,Apache License 2.0,253
seleniumhq,selenium,Java,34328,34705,trunk,11632,21037163;21040357;21041075;21041076;41822278;44841879;45257983;60689893;134291134;219064399,Apache License 2.0,254
lukas-krecan,shedlock,Java,4200,6240,master,712,1860362,Apache License 2.0,255
incendo,cloud,Java,537,1185,master,679,11016507;82756427,MIT License,256
microcks,microcks,Java,2003,2592,master,1324,175983902;148084116;15568931;157774221;86716685,Apache License 2.0,257
broadinstitute,gatk,Java,1978,4765,master,727,3245265;217931865;21978645;324614536,Other,258
teamgalacticraft,galacticraft,Java,598,1900,main,125,172593;7928349,MIT License,259
netflix,hollow,Java,1364,1324,master,134,6355688,Apache License 2.0,260
julow,unexpected-keyboard,Java,3145,1293,master,188,19855659,GNU General Public License v3.0,261
apache,artemis,Java,1034,12304,main,711,1595770,Apache License 2.0,262
alibaba,spring-cloud-alibaba,Java,29143,2668,2025.1.x,504,20429336,Apache License 2.0,263
react-native-share,react-native-share,Java,3891,1203,main,322,221183326;220827300,MIT License,264
allure-framework,allure2,Java,5420,1487,main,1745,188606;3814198;9115306,Apache License 2.0,265
iqss,dataverse,Java,1067,36794,develop,4953,268393512;308926287;313925064;8738817;10425143,Other,266
awslabs,aws-athena-query-federation,Java,610,3156,master,5921,29681,Apache License 2.0,267
questdb,questdb,Java,17179,6222,master,23706,141792909;172987613;120662269;124862309;192144800;106922052;202870612;239517993,Apache License 2.0,268
damianszczepanik,cucumber-reporting,Java,566,1531,master,131,30343132,GNU Lesser General Public License v2.1,269
spring-attic,spring-cloud-contract,Java,732,5255,main,425,245824715,Apache License 2.0,270
bndtools,bnd,Java,556,18608,master,1633,50192;14488825,Other,271
infinispan,infinispan,Java,1340,19044,main,10546,71563302;120501817;120896640;132885480;180542707;181354508;192156113,Apache License 2.0,272
greenmail-mail-test,greenmail,Java,740,1694,master,426,43854917,Apache License 2.0,273
openidentityplatform,openam,Java,879,9723,master,557,12817408,Other,274
apache,pinot,Java,6116,15665,master,17412,12187894;30076908;100895045;269672897;269672899;269672901,Apache License 2.0,275
vespa-engine,vespa,Java,7034,97965,master,2652,174512366;271151946;113573082,Apache License 2.0,276
apache,celeborn,Java,1059,2665,main,5099,155956924;167246075;56920069;17004960;64422816,Apache License 2.0,277
threeten,threetenbp,Java,566,3299,main,120,724441,BSD 3-Clause New or Revised License,278
prestodb,presto,Java,16719,26004,master,57257,132159423;19703107;201748918;132986041;132986042;132736683;286559626;286559627;286559628;161389657;132986043;19703110;19703111;68682399;19703109,Apache License 2.0,279
iflytek,astron-agent,Java,9388,3180,main,1847,192639433;191739930,Apache License 2.0,280
peergos,peergos,Java,2435,7205,master,265,5982,GNU Affero General Public License v3.0,281
apache,incubator-kie-drools,Java,6275,26790,main,3501,2033918;14136847;48264072;48264073;233798626;270015995;270401665,Apache License 2.0,282
dadoonet,fscrawler,Java,1447,4601,main,1586,185929226;10662463,Apache License 2.0,283
konsoletyper,teavm,Java,3075,3804,master,100,76126772,Apache License 2.0,284
alibaba,spring-ai-alibaba,Java,10457,3223,main,3386,143015139,Apache License 2.0,285
line,armeria,Java,5126,5126,main,2193,8553555;78511368;93280782;67273929,Apache License 2.0,286
tronprotocol,java-tron,Java,4132,18820,develop,2596,247172293;247172294;247870595;280065335,GNU Lesser General Public License v3.0,287
intellectualsites,fastasyncworldedit,Java,795,7264,main,1206,199427;45538980;3792937,Other,288
spring-projects,spring-graphql,Java,1592,1826,main,347,106764919,Apache License 2.0,289
spring-projects,spring-security,Java,9587,21061,main,2221,1582604;1583135;2271820;71670029;175543157,Apache License 2.0,290
karatelabs,karate,Java,8907,6173,main,552,250057978;264816197,MIT License,291
belaban,jgroups,Java,1074,21063,master,278,14860477,Apache License 2.0,292
apache,calcite,Java,5159,6752,main,2576,402340;3481;140653967,Apache License 2.0,293
apache,incubator-kie-kogito-runtimes,Java,611,21095,main,700,128518652;48407557,Apache License 2.0,294
liquibase,liquibase,Java,5569,14359,main,5187,30566320;39983973;40825230;40910094;67727901;68790774,Other,295
langchain4j,langchain4j,Java,12723,3793,main,5217,62268081;128569281;128569282;192235322;216288908,Apache License 2.0,296
libgdx,libgdx,Java,25259,15637,master,352,6563421;22394542,Apache License 2.0,297
swagger-api,swagger-parser,Java,861,2944,master,399,2826687;2826857,Apache License 2.0,298
sap,sapmachine,Java,616,150790,sapmachine,1149,114934908;28911245;28911246;28911247;28911248;28911249,GNU General Public License v2.0,299
opensearch-project,opensearch,Java,13407,61278,main,57228,64453955;250488847;272915279;208009441;28936663;181631288;251439752;16052658,Apache License 2.0,300
projectnessie,nessie,Java,1484,11535,main,2736,43180147;53024652;206684384,Apache License 2.0,301
roaringbitmap,roaringbitmap,Java,3898,2623,master,213,4567241;8859143;54973489;70105778;179278279;179278280,Apache License 2.0,302
uyuni-project,uyuni,Java,568,94478,master,21270,14428245;20657599;90446851;113250989;148159928;150908061;150916550;154989545;194866531;195786243;195786245;213363611,GNU General Public License v2.0,303
JetBrains,intellij-community,Java,20285,521090,master,696,131799600;198517156,Other,304
jacoco,jacoco,Java,4594,2235,master,793,219947;82968004,Other,305
aeron-io,agrona,Java,3228,3133,master,278,101065345;116854,Apache License 2.0,306
googleapis,google-cloud-java,Java,2076,104247,main,113774,32454839;60053135;218337070;221199747;223659705;226180660;236843604;236843609;236843631;236843633;238261132;246982734,Apache License 2.0,307
apache,opennlp,Java,1604,2557,main,1821,142847305;17924063,Apache License 2.0,308
spring-cloud,spring-cloud-gateway,Java,4897,3796,main,480,245826401;17486917,Apache License 2.0,309
vert-x3,vertx-web,Java,1151,4036,master,606,50442718;163702514;50468332;163702515;3594452,Apache License 2.0,310
purpurmc,purpur,Java,2394,3827,ver/26.2,106,13764973,MIT License,311
apache,avro,Java,3290,5069,main,4287,4380982;4381113;4381114;4636103;4636104;4636105;4636106;4636107;4636108;7521601;9365368;9365369;9365370;61694155;61694156;61694157;61694158;153472508,Apache License 2.0,312
cgeo,cgeo,Java,1527,20376,master,5222,91493534;76488815;163148106;161280937;91516927,Apache License 2.0,313
apache,wicket,Java,794,22261,master,274,167101;25625,Apache License 2.0,314
buildfarm,buildfarm,Java,767,2504,main,337,81918704,Apache License 2.0,315
redis,jedis,Java,12344,2821,master,5358,56569681;20795190;265890450;251201673,MIT License,316
logisim-evolution,logisim-evolution,Java,7369,6448,main,3602,10903415,GNU General Public License v3.0,317
spring-cloud,spring-cloud-function,Java,1065,2506,main,593,245754448,Apache License 2.0,318
zxing,zxing,Java,34040,3908,master,405,20920166;84302599;95083705,Apache License 2.0,319
apache,ranger,Java,1068,5392,master,1192,174385900;174385895;168591123;48395950,Apache License 2.0,320
aklivity,zilla,Java,693,3557,develop,5278,16380626,Other,321
micronaut-projects,micronaut-core,Java,6422,16438,5.2.x,1794,11911;354636;3553826;57112046;57257018;322118046,Apache License 2.0,322
fabric8io,kubernetes-client,Java,3667,7649,main,4600,2081016;68083550;120172875;21622691;93369549;1512912;10716821,Apache License 2.0,323
pinpoint-apm,pinpoint,Java,13837,16002,master,3731,160906628,Apache License 2.0,324
apache,shardingsphere-elasticjob,Java,8208,2499,master,122,2356878;109602242,Apache License 2.0,325
googlecloudplatform,bank-of-anthos,Java,1443,2307,main,225,35946560,Apache License 2.0,326
dotcms,core,Java,951,28406,main,34275,93526962;111516686;112281637;112417361;112417362;112417363;112417364;112417366;112417367;112417368;112417370;112417372;112417375,Other,327
freeplane,freeplane,Java,4256,19485,1.13.x,278,65387163,GNU General Public License v2.0,328
moneymanagerex,android-money-manager-ex,Java,696,7224,master,339,45130507,GNU General Public License v3.0,329
Suwayomi,Suwayomi-Server,Java,7350,2284,master,668,7748865;7748866,Mozilla Public License 2.0,330
helidon-io,helidon,Java,3802,4832,main,865,164868112,Apache License 2.0,331
googleapis,google-api-java-client,Java,1460,1691,main,252,1826357,Apache License 2.0,332
openrefine,openrefine,Java,11929,9116,master,833,60191802;60199808,BSD 3-Clause New or Revised License,333
joml-ci,joml,Java,840,2191,main,147,38900635;252033055,MIT License,334
wiremock,wiremock,Java,7309,4769,master,517,8416881,Apache License 2.0,335
reactor,reactor-netty,Java,2778,7050,main,1295,206977;69213798,Apache License 2.0,336
rieckpil,blog-tutorials,Java,809,1057,master,102,85582;83234260;44027,MIT License,337
wmixvideo,nfe,Java,761,3070,master,252,173849,Apache License 2.0,338
apache,polaris,Java,2023,3630,main,6457,160275973;212046942;227211378;229031619;229054191;230332097;230442530;257450365;265863538,Apache License 2.0,339
viaversion,viaversion,Java,1603,4980,master,214,111197558,GNU General Public License v3.0,340
janusgraph,janusgraph,Java,5815,7402,master,1566,3870856;4192914;4192915;4192916;4553726;26007066;46546010;46546011;46546012;46546013;46546014;48118228;48118229;304859638;304859639,Other,341
graalvm,graalvm-demos,Java,678,1320,master,948,130032219;130137334;130140285;130154853;130157151;130444718;132266976;132266977;132277508;132404944;132497345;132497346,Universal Permissive License v1.0,342
PBH-BTN,PeerBanHelper,Java,6139,6618,dev,1618,95744307;112353212;113055193;113061185;117720806;117732269;117732270;119889562;125384221;208041327,GNU General Public License v3.0,343
apache,pulsar,Java,15300,14603,master,5160,497930;3478062;34331187;34331536;36936240;252010837;275321940,Apache License 2.0,344
datadog,dd-trace-java,Java,727,17668,master,37669,5918376;102684223;160070053;161384410;215107777;244823520,Apache License 2.0,345
lucee,lucee,Java,915,14624,7.0,554,10437517;10460872;12529943;43253975;295030421,GNU Lesser General Public License v2.1,346
jolokia,jolokia,Java,848,3140,main,161,42502019,Apache License 2.0,347
apache,seatunnel,Java,9512,5877,dev,14371,69455245;69455246;69455247,Apache License 2.0,348
hibernate,hibernate-search,Java,536,16408,main,768,69758979;124573713;124525585,Apache License 2.0,349
mybatis,generator,Java,5314,3341,master,395,3918447;48301982,Apache License 2.0,350
eclipse-xtext,xtext,Java,827,38585,main,461,52327453,Eclipse Public License 2.0,351
relativitymc,c2me-fabric,Java,787,1619,dev/26.2.0,338,5870098;10977518,Other,352
flyingsaucerproject,flyingsaucer,Java,2231,3953,main,295,68585227,Other,353
corretto,corretto-11,Java,675,58550,develop,227,48417592;48417593;48417595;48417596;48417597,GNU General Public License v2.0,354
apache,sedona,Java,2370,2726,master,6075,4024110;4024111;4638545;9004603;48315792;151525117;245890884,Apache License 2.0,355
apache,bookkeeper,Java,2009,3697,master,1063,1190764;45276604;94822642;94822643;200545493,Apache License 2.0,356
quickfix-j,quickfixj,Java,1142,3231,master,1088,3071532,Other,357
mixpanel,mixpanel-android,Java,1046,2306,master,507,9172811;271397616,Apache License 2.0,358
apache,paimon,Java,3354,6897,master,54457,154363957;154387639;174480452;219273257;241824565;276021575,Apache License 2.0,359
assertj,assertj,Java,2838,6240,main,1691,28373;289801485;289894053;290332893,Apache License 2.0,360
maxmind,geoip2-java,Java,860,1938,main,1681,2866565,Apache License 2.0,361
scalar-labs,scalardb,Java,640,1986,master,3224,221284018;221284017;260558607;23226565;168067841;207616263;171799589;258890586;273091261;226248109,Apache License 2.0,362
apache,inlong,Java,1494,5250,master,799,11523418;24097416;41481270;13311944;28222936;25855433;11714035;25861802;11523417;92276663;61586598;109312623,Apache License 2.0,363
terrafirmacraft,terrafirmacraft,Java,678,6533,1.21.x,329,477884;9037155,European Union Public License 1.2,364
bonigarcia,webdrivermanager,Java,2688,4214,master,428,6281826,Apache License 2.0,365
arcadedata,arcadedb,Java,1019,7463,main,24270,266056241;315855964;315421235;265194269;265194270;12255737;199633993;200928807,Apache License 2.0,366
apache,hudi,Java,6186,7605,master,60437,311931030;16574172;87108250;1973151;282928396,Apache License 2.0,367
dtinit,data-transfer-project,Java,3617,1997,master,156,13011290,Apache License 2.0,368
tencentblueking,bk-job,Java,860,9294,master,284,11152875;11152876,Other,369
ls1intum,artemis,Java,791,11693,develop,79571,231824887;231850392;252328928,MIT License,370
owasp,wrongsecrets,Java,1451,7463,master,4158,49784092;51074173;93924675;13536535;20173695;20173696;190109601,GNU Affero General Public License v3.0,371
fabric8io,docker-maven-plugin,Java,1932,2431,master,1459,45253177;45031047;7392981;84838504;45031048;6434739;7392980,Apache License 2.0,372
conductor-oss,conductor,Java,31997,5775,main,3841,78730791;244802584;275741120;326501697;245234551,Apache License 2.0,373
hibernate,hibernate-validator,Java,1269,5050,main,754,126347407;184882406;126092611,Apache License 2.0,374
yegor256,takes,Java,876,3876,master,2973,30014230,MIT License,375
frostwire,frostwire,Java,593,9505,master,704,257050140;210991415;48415313,GNU General Public License v3.0,376
apache,orc,Java,769,2246,main,717,3899653;179568149,Apache License 2.0,377
alibaba,nacos,Java,33163,6162,develop,5044,10507346;60889677;261050705;274371439,Apache License 2.0,378
spring-projects,spring-data-jpa,Java,3266,2793,main,658,224970938,Apache License 2.0,379
apache,tinkerpop,Java,2140,22382,master,1785,13746977,Apache License 2.0,380
wildfly,wildfly,Java,3181,44023,main,5592,66297765;42092988;116167054;32432464;125011197;4760468;234053376;65502222;147038747;76772901;55055012,Apache License 2.0,381
stripe,stripe-java,Java,996,3012,master,723,271638,MIT License,382
killbill,killbill,Java,5641,10341,master,204,11493999,Apache License 2.0,383
spring-projects,spring-ai,Java,9208,4069,main,5382,214658614;227186832;241400564;302862648,Apache License 2.0,384
netflix,zuul,Java,14051,1961,master,711,2526260;6355518,Apache License 2.0,385
archimatetool,archi,Java,1245,3358,master,469,76820;198329;42793618;119685279,MIT License,386
mezz,justenoughitems,Java,1002,2727,26.2,1723,60632637;322836773;322836775,MIT License,387
keycloak,keycloak,Java,35877,31673,main,37330,1507662;17282405;46860387;180974823;291154347;299997558,Apache License 2.0,388
traccar,traccar,Java,7536,9868,master,397,1791812,Apache License 2.0,389
quarkusio,quarkus,Java,15793,60960,main,10965,1766779;2247259;5853632;7084496;57588928;94156969;149723506;218836364;327049726;327049729,Apache License 2.0,390
docile-alligator,infinity-for-reddit,Java,5401,3053,master,414,12638354,GNU Affero General Public License v3.0,391
ebean-orm,ebean,Java,1530,8056,master,882,14667209;15822020,Apache License 2.0,392
OpenFeign,querydsl,Java,632,10805,master,1023,299740340,Apache License 2.0,393
netty,netty,Java,35015,14305,4.2,5726,162085809;4436972;5645653;4451519;154084828,Apache License 2.0,394
checkstyle,checkstyle,Java,8982,17311,master,74335,10674344;11117576,GNU Lesser General Public License v2.1,395
dependencytrack,dependency-track,Java,4049,8661,main,10077,20731106;25706283;25706284;88066489;271465910;285059677;286036479;301350699,Apache License 2.0,396
aws,aws-sdk-java-v2,Java,2607,21779,master,9092,176365701;27005052;226191818;172628504,Apache License 2.0,397
tng,archunit,Java,3786,2686,main,714,1354485;4040119;12813732,Apache License 2.0,398
apache,flink-kubernetes-operator,Java,1020,1102,main,513,20126775;125715453,Apache License 2.0,399
haehnchen,idea-php-symfony2-plugin,Java,930,4106,master,145,11124927,MIT License,400
inria,spoon,Java,1949,5712,master,1452,4113732,Other,401
blazebit,blaze-persistence,Java,857,2524,main,211,3884368;75182900;1218901,Apache License 2.0,402
jplag,jplag,Java,1927,5707,main,4287,9589193;141199656;181521523;192743126;192744070;192744071;192744072;203340767;203716432,GNU General Public License v3.0,403
kubernetes-client,java,Java,3991,5259,master,779,990350,Apache License 2.0,404
apache,systemds,Java,1096,9227,main,3776,24904446;876568;304230707;55003581;32827632;876566,Apache License 2.0,405
apache,doris,Java,15606,31270,master,465907,16232194;41307105;60186535;76915948,Apache License 2.0,406
papermc,velocity,Java,2222,2417,dev/4.0.0,153,5323462,GNU General Public License v3.0,407
vazkiimods,quark,Java,639,7785,master,183,59918068,Other,408
jar-analyzer,jar-analyzer,Java,2141,1451,master,792,82025134;167418992;222821821;278889234,GNU General Public License v3.0,409
inception-project,inception,Java,708,21685,main,557,266348287;80922623,Apache License 2.0,410
corretto,corretto-8,Java,2126,50916,develop,262,28124651,GNU General Public License v2.0,411
powernukkitx,powernukkitx,Java,647,9246,master,4050,154219092,GNU Lesser General Public License v3.0,412
apache,tomcat,Java,8214,28863,main,3729,184834425;1725337,Apache License 2.0,413
geotools,geotools,Java,1914,10536,main,7106,72480301;130151630;5942532;15192635;829193;24995361;26438144;168841168;407312;66723762;7804937;12569363;78869183;193325225;189350700;88486;3830160;3828662;3834131;829339;7804938;259122069;88355,GNU Lesser General Public License v2.1,414
jcabi,jcabi-aspects,Java,533,1077,master,946,30047879,Other,415
m66b,fairemail,Java,4486,31674,master,212,74403099,GNU General Public License v3.0,416
apache,iotdb,Java,6363,13992,master,26469,16329500;62423474;283173703,Apache License 2.0,417
reactor,reactor-core,Java,5230,5322,main,920,4009489;2393957,Apache License 2.0,418
apache,maven,Java,5378,16192,master,3938,1752954;15436328,Apache License 2.0,419
fasterxml,jackson-dataformat-xml,Java,626,2815,3.x,405,102621876;102621878,Apache License 2.0,420
winder,universal-g-code-sender,Java,2240,3487,master,124,41690822;44479209,GNU General Public License v3.0,421
exercism,java,Java,833,3220,main,213,193031025,MIT License,422
apolloconfig,apollo,Java,29794,3033,master,1267,941632;234322269,Apache License 2.0,423
spring-projects,spring-boot,Java,81170,61958,main,2940,58269746;87959605;94486960,Apache License 2.0,424
google,truth,Java,2786,2286,master,378,6759409,Apache License 2.0,425
authme,authmereloaded,Java,866,4333,master,131,200106;61923,GNU General Public License v3.0,426
spring-projects,spring-data-neo4j,Java,866,2238,main,268,199983097,Apache License 2.0,427
kong,unirest-java,Java,2703,2296,main,131,185142,MIT License,428
apereo,java-cas-client,Java,946,2054,master,104,10852471,Other,429
apache,nifi,Java,6177,11950,main,3470,255869988;71961108;12346173,Apache License 2.0,430
apache,streampipes,Java,730,12045,dev,4056,15684981;119821998;244039427;204484903,Apache License 2.0,431
geysermc,geyser,Java,5720,4914,master,607,49323753;94608767,MIT License,432
ant-media,ant-media-server,Java,4714,9236,master,650,104969379,Other,433
AutoMQ,automq,Java,10336,15320,main,1168,66931405;84078270;84187100;91483950;254207850,Apache License 2.0,434
testcontainers,testcontainers-java,Java,8693,8691,main,1432,7646;2951568;45309608;113568844;39667718,MIT License,435
react-native-webrtc,react-native-webrtc,Java,4984,1112,master,108,45594375;36503210;45594376,MIT License,436
finmath,finmath-lib,Java,572,4910,main,106,36216815,Apache License 2.0,437
apache,netbeans,Java,3083,12232,master,337,5273792;71302842;79989803,Apache License 2.0,438
apache,fory,Java,4424,2195,main,6982,181672437;181569642;182105607;181966380;237213186;182105608;181966379;57261066,Apache License 2.0,439
naver,fixture-monkey,Java,697,1164,main,330,13732957;261062116;70140333,Apache License 2.0,440
eclipse-openvsx,openvsx,Java,2004,2004,main,1699,232289880;458616;101092716,Eclipse Public License 2.0,441
matteobaccan,owner,Java,935,1171,master,530,76498441,BSD 3-Clause New or Revised License,442
apache,skywalking-java,Java,918,7146,main,535,12559509;12559510;12559511;12559512;12564912;14527773;30686757;45797590;49715603;75646886;78954501;214557907,Apache License 2.0,443
ibotpeaches,apktool,Java,25133,2349,main,215,10345001;61940712,Apache License 2.0,444
eclipse-ditto,ditto,Java,913,12804,master,859,57645857;13667;119738296;63784521,Eclipse Public License 2.0,445
nextcloud,news-android,Java,767,4182,master,410,798575,GNU Affero General Public License v3.0,446
MorpheApp,morphe-patches,Java,3032,1545,main,3188,211342026,GNU General Public License v3.0,447
apicurio,apicurio-registry,Java,835,5871,main,25588,61520302;214615958;214615959;214615960;214615966,Apache License 2.0,448
viaversion,viafabricplus,Java,650,2374,ver/26.2,321,50112283,GNU General Public License v3.0,449
athenz,athenz,Java,998,3863,master,778,121963327,Apache License 2.0,450
cdapio,cdap,Java,788,53203,develop,1250,117331447;8798994;7282314;232423812;55937656,Other,451
haraldk,twelvemonkeys,Java,2135,2165,master,332,17308471,BSD 3-Clause New or Revised License,452
spring-projects,spring-integration,Java,1625,13062,main,1994,73599812;262024378;78046582,Apache License 2.0,453
minio,minio-java,Java,1299,1375,master,199,197870;7124,Apache License 2.0,454
raphw,byte-buddy,Java,6864,7829,master,172,230448;21903,Apache License 2.0,455
elastic,elasticsearch-hadoop,Java,1975,2346,main,156,140703594,Apache License 2.0,456
soot-oss,sootup,Java,811,8843,develop,2479,193904701;196224375,GNU Lesser General Public License v2.1,457
strimzi,strimzi-kafka-operator,Java,5889,7447,main,3496,185037541;199940551;158133371;182157729,Apache License 2.0,458
spring-cloud,spring-cloud-stream,Java,1069,4471,main,273,69312402;245764646,Apache License 2.0,459
azure,azure-sdk-for-java,Java,2564,34968,main,487766,298647573;305106515;305106516,MIT License,460
togglz,togglz,Java,1015,1711,master,316,284900,Apache License 2.0,461
apache,stormcrawler,Java,989,2637,main,579,116037350;14097486;209447640,Apache License 2.0,462
dapr,quickstarts,Java,1109,2342,master,687,33436,Apache License 2.0,463
openems,openems,Java,1479,6634,develop,817,6037612,GNU Affero General Public License v3.0,464
wallabag,android-app,Java,583,2426,master,170,4071045;653299,GNU General Public License v3.0,465
grimmory-tools,grimmory,Java,3817,2684,develop,7051,250606132;248252806;248706461;248702207;248706466;247701045,GNU Affero General Public License v3.0,466
rememberber,MooTool,Java,1998,1917,master,168,289964033;314486477,MIT License,467
morphiaorg,morphia,Java,1677,5238,master,133,3819610,Apache License 2.0,468
ollama4j,ollama4j,Java,506,1243,main,315,144662344;154317853,MIT License,469
apache,plc4x,Java,1701,10045,develop,1451,59479445;59479446;17463720,Apache License 2.0,470
spring-projects,spring-modulith,Java,1146,1154,main,301,61831151;29692946;49305145,Apache License 2.0,471
google,gson,Java,24229,2215,main,862,186457098;13520568;15666991,Apache License 2.0,472
spinnaker,spinnaker,Java,9757,50884,main,9800,154082047;154086867;154086874;154086882;154086885;154088733,Apache License 2.0,473
adobe,aem-core-wcm-components,Java,790,2960,main,448,2656558,Apache License 2.0,474
knowm,xchange,Java,4069,14352,develop,1749,11792088;11795063,MIT License,475
corfudb,corfudb,Java,665,3625,master,325,14851387;14851385;14851386;14851383;14851384,Other,476
oshi,oshi,Java,5253,3864,master,4223,3917129;5128868;11991551;11991552;11991555;290586639;317592226,MIT License,477
i2p,i2p.i2p,Java,2649,18425,master,521,19756098,Other,478
MojoLauncher,MojoLauncher,Java,898,7545,v3_openjdk,103,151036762,GNU Lesser General Public License v3.0,479
spring-io,start.spring.io,Java,2662,4658,main,600,120232646;62476384,Apache License 2.0,480
mybatis,spring,Java,2933,2967,master,233,4565002,Apache License 2.0,481
mybatis,spring-boot-starter,Java,4250,1997,master,353,4070500,Apache License 2.0,482
pivovarit,parallel-collectors,Java,679,1229,main,439,269905;3105262,Apache License 2.0,483
mcmmo-dev,mcmmo,Java,1102,7312,master,101,2286497,GNU General Public License v3.0,484
allegro,hermes,Java,862,2314,master,397,218194;14830148,Other,485
apache,activemq,Java,2444,12511,main,1593,190908550;222300491;216393683;233629660,Apache License 2.0,486
apache,solr,Java,1645,39079,main,15350,21319761;6569181;200747246;6579352;46292183,Apache License 2.0,487
jonasoreland,runnerup,Java,943,3295,master,107,220922056,GNU General Public License v3.0,488
jdbi,jdbi,Java,2132,6062,master,444,14084625;14084626;41330256;67024557;16459622;70221038;16563930,Apache License 2.0,489
aeron-io,aeron,Java,8762,19231,master,1352,418914;116216,Apache License 2.0,490
liferay,liferay-portal,Java,2260,971451,master,274,154052147;269087973;284833167;292983930;292983934;292983936;292983937;292983938;292983940;292983941;292983942;292983943;297076369;297076370;297076372;306490125;323236626;323236627,Other,491
dependency-check,DependencyCheck,Java,7637,11181,main,1169,241869630,Apache License 2.0,492
OpenAEV-Platform,openaev,Java,1747,6198,main,31744,205608499;211843707;240840282;245579469;247641507;328579173,Other,493
mybatis,mybatis-3,Java,20420,6033,master,356,2998617,Apache License 2.0,494
FabricMC,fabric-api,Java,3122,2558,26.2,600,1640506,Apache License 2.0,495
psi-probe,psi-probe,Java,1330,9306,master,987,3819592,GNU General Public License v2.0,496
trinodb,trino,Java,13078,46635,master,34072,1077735;41786791;118959956,Apache License 2.0,497
apache,hive,Java,6004,18227,master,2884,32081252,Apache License 2.0,498
spring-projects,spring-hateoas,Java,1087,1534,main,229,40691943;49628637,Apache License 2.0,499
haifengl,smile,Java,6406,6275,master,532,266717009;269506146,Other,500
emanuele-f,pcapdroid,Java,4289,1629,master,181,12835967;5640183;18303788;16273885,GNU General Public License v3.0,501
cabaletta,baritone,Java,9056,4303,1.19.4,103,10371165;10371166,GNU Lesser General Public License v3.0,502
apache,shenyu,Java,8814,3836,master,4206,4847795;10341968;62600423;278652253,Apache License 2.0,503
Arcticons-Team,Arcticons,Java,1519,13038,main,337,140877690,GNU General Public License v3.0,504
spigotmc,bungeecord,Java,1721,2320,master,224,431793,Other,505
google,mug,Java,528,8536,master,3181,220533587,Apache License 2.0,506
codecentric,spring-boot-admin,Java,12847,5067,master,1010,5211951;5252596,Apache License 2.0,507
asynchttpclient,async-http-client,Java,6392,4413,main,1070,44891529;3840475,Apache License 2.0,508
google,auto,Java,10560,2108,main,323,6799434,Apache License 2.0,509
nationalsecurityagency,ghidra,Java,71538,18100,master,117,280067716,Apache License 2.0,510
eclipse-jkube,jkube,Java,850,2543,master,1195,123912481;123965300;208711518,Eclipse Public License 2.0,511
bastillion-io,bastillion,Java,3539,1076,main,2251,17923605,Other,512
tinylog-org,tinylog,Java,770,1348,v2.8,453,6582592,Apache License 2.0,513
googlecloudplatform,spring-cloud-gcp,Java,548,3235,main,5019,5341433;5341755;60008677;60510198,Apache License 2.0,514
apache,lucene,Java,3526,39397,main,11013,86215337;101320175;144491401;149095493;169742645,Apache License 2.0,515
neamar,kiss,Java,3456,6318,master,162,6041591,GNU General Public License v3.0,516
smallrye,smallrye-mutiny,Java,926,3837,main,227,16943;6816635;26736655;33655569,Apache License 2.0,517
igniterealtime,spark,Java,600,5078,master,542,8743505,Apache License 2.0,518
reactivex,rxjava,Java,48222,6550,4.x,2408,395010;3741588;5435035;3742203;251470392;3742592,Apache License 2.0,519
rsksmart,rskj,Java,692,9909,master,4490,301585557;94078017;163825451;204896088;321353465;298446795;112364974;294296389,GNU Lesser General Public License v3.0,520
sksamuel,scrimage,Java,1185,1885,master,1500,2782598,Apache License 2.0,521
apache,flink-cdc,Java,6450,1640,master,1845,134198995;134216537,Apache License 2.0,522
quantumbadger,redreader,Java,2588,2453,master,107,2332735,GNU General Public License v3.0,523
vassalengine,vassal,Java,620,14529,master,442,6717481,GNU Lesser General Public License v2.1,524
thelastpickle,cassandra-reaper,Java,519,1937,master,388,158463,Apache License 2.0,525
activiti,activiti,Java,10541,11500,develop,1988,81357138;6108115;82163476,Apache License 2.0,526
geoserver,geoserver,Java,4410,15883,main,7292,407382;407383;3827465;5275546;72682138;88232067;126852992;189369916;211795898;236035891,Other,527
dlsc-software-consulting-gmbh,gemsfx,Java,619,1762,master,151,2536003,Apache License 2.0,528
selenide,selenide,Java,1908,6103,main,814,50180166;66124893;3474508,MIT License,529
hapifhir,hapi-fhir,Java,2367,10893,master,4713,166053462;61374588,Apache License 2.0,530
magefree,mage,Java,2321,51774,master,5188,236887117,MIT License,531
pinterest,teletraan,Java,1834,1893,master,177,186296;275513,Apache License 2.0,532
apache,cxf,Java,927,19770,main,1643,51453247,Apache License 2.0,533
athou,commafeed,Java,3576,6019,master,1233,112014973,Apache License 2.0,534
etar-group,etar-calendar,Java,2558,7347,master,107,5625303,GNU General Public License v3.0,535
spring-cloud,spring-cloud-kubernetes,Java,3536,3689,main,502,230244102,Apache License 2.0,536
sherlock-project,sherlock,Python,87449,2921,master,178,100631281,MIT License,1
firedrakeproject,firedrake,Python,664,14375,main,1454,153712584;155465976,Other,2
rdflib,rdflib,Python,2483,5177,main,576,33085223,BSD 3-Clause New or Revised License,3
feyninc,chonkie,Python,4613,2201,main,1140,154059823;217990452,MIT License,4
bunkerity,bunkerweb,Python,10766,10322,master,1588,27446371;40708065;49963374;55797045;55797479;57262241;57981504;57981512;74425641;74425642,GNU Affero General Public License v3.0,5
hanruihua,ir-sim,Python,1106,1620,main,702,180192787,MIT License,6
pvlib,pvlib-python,Python,1630,1945,main,1753,28258119;13068563,BSD 3-Clause New or Revised License,7
scverse,gget,Python,1180,3634,main,472,299852133;25652254,BSD 2-Clause Simplified License,8
netflix,metaflow,Python,10204,1643,master,1818,29642;83730935;147835566;147875032;167104696;242824216;269576964,Apache License 2.0,9
nvidia,warp,Python,6921,7100,main,2304,317948336;212040039;275820498;105302571,Apache License 2.0,10
basetenlabs,truss,Python,1183,2818,main,1971,35722640;43810376;58983657;113144628;136656428;138587128;158154013;160824169;163926500;176855816,MIT License,11
stevenblack,hosts,Python,30781,4530,master,341,1162270,MIT License,12
nvidia,megatron-lm,Python,17286,9386,main,97843,182486287;192046429;193994303;194179106;211957887;241592955,Other,13
scikit-build,scikit-build-core,Python,504,1139,main,853,299935157;32570200,Apache License 2.0,14
slackapi,python-slack-sdk,Python,4008,1575,main,562,3974171;230244056,MIT License,15
python-jsonschema,jsonschema,Python,4966,3080,main,386,53234,MIT License,16
exo-explore,exo,Python,45569,2353,main,980,217047978;217859128;233523744,Apache License 2.0,17
infer-actively,pymdp,Python,723,1443,main,369,248262655;187754300,MIT License,18
borgbackup,borg,Python,13563,10581,master,5136,197635245;3347412;204927636;204253579;38686113,Other,19
cupy,cupy,Python,12225,31699,main,8871,303709423;303713518;15863760;3539113;118915416,MIT License,20
dbcli,mycli,Python,11948,3533,main,1242,4696459,BSD 3-Clause New or Revised License,21
ceph,ceph-ansible,Python,1786,6149,main,265,3155344,Apache License 2.0,22
SemiAnalysisAI,InferenceX,Python,1306,1893,main,41537,195698854;202452638;204419935;207352912;242233829;265496168;287152954,Apache License 2.0,23
trailofbits,manticore,Python,3855,1124,master,149,20680;1052700,GNU Affero General Public License v3.0,24
modoboa,modoboa,Python,3526,6331,master,561,249008915,ISC License,25
NousResearch,hermes-agent,Python,223699,19967,main,262522,242054771;253552341;259501074;259850701;290219563;294368247,MIT License,26
stuffanthings,qbit_manage,Python,1583,1106,develop,3446,303364343;303322721;281218882;314821520,MIT License,27
astropy,astroquery,Python,784,10992,main,1082,24998874;24998873;102824584;4864214,BSD 3-Clause New or Revised License,28
hacks-guide,Guide_3DS,Python,1830,4027,master,120,53730309,MIT License,29
mhdzumair,MediaFusion,Python,915,2255,main,336,234410000;99702136,MIT License,30
onnxsim,onnxsim,Python,4375,1031,master,3419,29499520;322730077;321164672;294497648;324328401;317220679;323660730,Apache License 2.0,31
lablup,backend.ai,Python,661,5690,main,39106,41356778;44243277;60997930;107666584;128916867;139523192,GNU Lesser General Public License v3.0,32
pyca,bcrypt,Python,1499,1033,main,330,829786;831769,Apache License 2.0,33
syrupy-project,syrupy,Python,870,1037,main,784,113337694,MIT License,34
developmentseed,titiler,Python,1138,1012,main,1260,34827540;327824228,MIT License,35
vllm-project,vllm-omni,Python,5778,2398,main,23617,215058287;228795948;249965709;255229284,Apache License 2.0,36
gdsfactory,gdsfactory,Python,999,15798,main,2466,18549240,MIT License,37
libgit2,pygit2,Python,1724,2592,master,225,7420954,Other,38
feast-dev,feast,Python,7186,4674,master,18466,1168479;2011201;6837146;29103824;30037705;30054845;116697193;128012318;136914890;155923324;178057938;224345854,Apache License 2.0,39
python-gitlab,python-gitlab,Python,2469,3841,main,1192,40022121;5323598,Other,40
dimagi,commcare-hq,Python,523,195727,master,7279,129733893;250878921;14568730,BSD 3-Clause New or Revised License,41
pydata,xarray,Python,4181,6478,main,4551,3763034;4480615;4480763;92006214;112920048,Apache License 2.0,42
jcmgray,quimb,Python,654,2488,main,128,41126737,Other,43
OHF-Voice,intents,Python,612,3112,main,1550,43200951;193638193,Creative Commons Attribution 4.0 International,44
ethereum,consensus-specs,Python,3953,11450,master,3084,36970982;252641603;261432977,Creative Commons Zero v1.0 Universal,45
bashtage,linearmodels,Python,1060,1219,main,104,23460351,University of Illinois/NCSA Open Source License,46
kdeldycke,meta-package-manager,Python,610,5732,main,7598,712158;255249741;303598810;328738712,GNU General Public License v2.0,47
PrimeIntellect-ai,verifiers,Python,4423,2125,main,13465,174890260,MIT License,48
inclusionAI,AWorld,Python,1215,4362,main,150,329142853;321376005;187612663,MIT License,49
googlecloudplatform,gsutil,Python,917,2694,master,167,3744011,Apache License 2.0,50
rohitg00,ai-engineering-from-scratch,Python,45400,1665,main,340,320425789,MIT License,51
kivy,buildozer,Python,2016,1204,master,555,58973,MIT License,52
pyvista,pyvista,Python,3757,6020,main,12429,33834082;306246157,MIT License,53
home-assistant-libs,pytradfri,Python,960,1147,master,366,2421938,MIT License,54
tile-ai,tilelang,Python,7086,1776,main,3999,138759592;217923503,Other,55
pythonot,pot,Python,2828,1630,master,2474,1090662;1189524;1189598;8166362;8287861,MIT License,56
freqtrade,freqtrade,Python,52795,32463,develop,2560,9176;95726109,GNU General Public License v3.0,57
datawhalechina,deep-learning-notes,Python,579,1179,main,632,295535881;325906448,Other,58
py-mine,mcstatus,Python,597,1824,main,267,99477996;153555565,Apache License 2.0,59
hhyo,archery,Python,6989,2097,master,1233,15965588,Apache License 2.0,60
ipspace,netlab,Python,714,4013,dev,4112,103926761;103923345;151891282;57402087;172884157;172883985;57390369;9291704,Other,61
neurotechx,moabb,Python,1028,1026,develop,761,143663120;68776812;4358054,BSD 3-Clause New or Revised License,62
scikit-build,scikit-build,Python,534,1385,main,195,10959619,Other,63
mne-tools,mne-python,Python,3474,18858,main,25365,55286865;80148773;299419741;303254874;303254875,BSD 3-Clause New or Revised License,64
LazyAGI,LazyLLM,Python,3858,1087,main,911,102323066,Apache License 2.0,65
python,mypy,Python,20559,13730,master,2006,13087301;180797857;435030;4829387,Other,66
frida,frida-python,Python,867,1290,main,353,314349666,Other,67
YoungCan-Wang,WyckoffTradingAgent,Python,558,1853,main,2698,238817490;241409638;277096083;309690963;320143786,GNU Affero General Public License v3.0,68
turnstonelabs,turnstone,Python,1010,1742,main,6563,240742258,Apache License 2.0,69
roboflow,inference,Python,2399,11392,main,35095,72967429;72985847;72985849;88612971;88612972;88612974;88650179;88650181;88650183;96241961;96258778;97880097;97882982;97882983;97882984,Other,70
stanford-crfm,helm,Python,2868,6298,main,209,82646721;245408906;245413909;245413910;252074109;252074112,Apache License 2.0,71
pylops,pylops,Python,533,2080,dev,1358,286315115;187026856;256180777;13061203;289381425;169331770;256124379;303679858,GNU Lesser General Public License v3.0,72
bloomberg,memray,Python,15182,1510,main,1875,23854624;23980627;198364088;198366466,Apache License 2.0,73
soxoj,maigret,Python,35993,1473,main,1355,4821838;313325471,MIT License,74
hummingbot,hummingbot,Python,19288,27932,master,569,2347327,Apache License 2.0,75
pyload,pyload,Python,3824,8285,develop,186,156141134,Other,76
zigpy,zigpy,Python,1054,1478,dev,1009,3254197,GNU General Public License v3.0,77
mpi4py,mpi4py,Python,920,3671,master,372,497301;51394518;51394520;51394985;57598665;147263817;319598532,BSD 3-Clause New or Revised License,78
google,tunix,Python,2391,1686,main,5442,192265414;204012771;192271344;190512421;200409883;190512429;190505495,Apache License 2.0,79
python-social-auth,social-core,Python,917,4044,master,3797,4810917,BSD 3-Clause New or Revised License,80
otto-torino,django-baton,Python,994,1249,master,252,305372050,MIT License,81
dipy,dipy,Python,833,15888,master,2444,20061647;20061651;20061652;78669600,Other,82
pytorch,pytorch,Python,100735,106020,main,632063,21985715;21985716;21985717;21985718;21985719;21985720;21985721;22293008;30263319,Other,83
jupyter,nbgrader,Python,1369,3470,main,182,40649050,BSD 3-Clause New or Revised License,84
wanshuiyin,Auto-claude-code-research-in-sleep,Python,14086,1058,main,708,275885514;282486853;305743794,MIT License,85
av,harbor,Python,3149,1581,main,362,314099166;266299672,Apache License 2.0,86
mic92,nix-update,Python,851,1089,main,322,293623935;830211,MIT License,87
intelowlproject,intelowl,Python,4642,3178,master,939,4146839,GNU Affero General Public License v3.0,88
spcl,dace,Python,592,10376,main,4628,12660170;12660172;12660311;87654863;206248478;266436763;316922590;323676361;325085200;326161241;326161243;326353491;326353492;326353497;327368911;328012114;328012115,BSD 3-Clause New or Revised License,89
geospatialpython,pyshp,Python,1154,1025,master,335,176546735;118312889;177571876,MIT License,90
weblateorg,weblate,Python,6005,89107,main,97968,579038,GNU General Public License v3.0,91
ciromattia,kcc,Python,5447,1851,master,106,45469658;45469659;179062897;45469660;183427907,ISC License,92
netbox-community,netbox,Python,21229,15530,main,6353,214044,Apache License 2.0,93
netbox-community,devicetype-library,Python,1570,5683,master,2123,63663937,Creative Commons Zero v1.0 Universal,94
hips,autograd,Python,7518,1563,master,439,64329961;300750187,MIT License,95
mongodb,motor,Python,2527,1917,master,351,20070724,Apache License 2.0,96
ipython,ipython,Python,16751,28639,main,3968,15094049;57964366;7764014,BSD 3-Clause New or Revised License,97
eskerda,pybikes,Python,605,1926,master,121,29968920,GNU Affero General Public License v3.0,98
ag-ui-protocol,ag-ui,Python,15085,2918,main,16838,178329129;244265076,MIT License,99
python-visualization,folium,Python,7388,2168,main,1558,3528705;3603148;41890461;150065292;150099026;161251850;15209501,Other,100
openvinotoolkit,nncf,Python,1183,3062,develop,3690,55557541;255689560;120337031;127634629,Apache License 2.0,101
mindsdb,anton,Python,704,1461,main,2500,322075438;252508435,MIT License,102
scikit-hep,awkward,Python,973,2860,main,3687,259092819;259171957;263585535;263585540;263585541;263585542;298445629;300492546,BSD 3-Clause New or Revised License,103
derek73,python-nameparser,Python,713,1158,master,1032,17297073,Other,104
openwpm,openwpm,Python,1416,2208,master,779,5401850,Other,105
gentoo,portage,Python,661,18789,master,933,4640630,GNU General Public License v2.0,106
openmdao,openmdao,Python,759,20871,master,551,48274881;214094227;78013882,Other,107
confident-ai,deepteam,Python,2312,1159,main,221,178911749;204243451;195124196,Apache License 2.0,108
i-am-bee,beeai-framework,Python,3337,1712,main,900,145090701;145090703;145090704;145099276;149845578,Apache License 2.0,109
open-edge-platform,training_extensions,Python,1232,2439,develop,20743,182281815;188668744;188668745;188668746,Apache License 2.0,110
saleweaver,python-amazon-sp-api,Python,668,3430,master,244,111880279,MIT License,111
truenas,middleware,Python,2577,41202,master,5328,34378735,GNU Lesser General Public License v3.0,112
sagemath,sage,Python,2486,140993,develop,18891,47524208;47524218;49031851;49102451;74353151;159604913;175730433;187184808;273686565;281252042,Other,113
privacyidea,privacyidea,Python,1748,14529,master,16039,240469920;240991241;240464964;5505393;240469919;240549955;294593625;304028698;265247976,GNU Affero General Public License v3.0,114
wkentaro,labelme,Python,16074,3190,main,3770,176489;261803852,GNU General Public License v3.0,115
jelmer,xandikos,Python,592,1996,master,1095,205913339;26138852;26138853,GNU General Public License v3.0,116
splunk,security_content,Python,1669,28229,develop,2894,105444137;106475032;212389170,Apache License 2.0,117
gitguardian,ggshield,Python,1976,2991,main,2133,57283182,MIT License,118
edcd,edmarketconnector,Python,1245,6632,main,367,4121025,GNU General Public License v2.0,119
neuml,txtai,Python,12770,2018,master,497,3345328,Apache License 2.0,120
spotdl,spotify-downloader,Python,25608,3063,master,758,310970605;277658376;238078806;28162569,MIT License,121
bradyajohnston,molecularnodes,Python,1327,2025,main,195,136917936;198374092;199677279,GNU General Public License v3.0,122
xonsh,xonsh,Python,9580,11941,main,1464,22076566;152269095;262074422;263105226,Other,123
feldroy,air,Python,906,2513,main,126,235609747,MIT License,124
kvcache-ai,ktransformers,Python,19108,1305,main,516,143879477;210179725,Apache License 2.0,125
dext0r,yandex_smart_home,Python,1075,1000,dev,105,12858590,MIT License,126
pytest-dev,pluggy,Python,1673,1014,main,226,40560114,MIT License,127
hkjarral,AVA-AI-Voice-Agent-for-Asterisk,Python,1162,3492,main,2992,193415734;312044835,MIT License,128
gam-team,gam,Python,4249,5831,main,947,4008207,Apache License 2.0,129
conda,conda,Python,7477,17982,main,6889,17777622;39265760;228931432;257624376,Other,130
wireservice,csvkit,Python,6404,2082,master,202,11237076,MIT License,131
keras-team,keras-hub,Python,986,1575,master,5057,16379942,Apache License 2.0,132
nfstream,nfstream,Python,1218,1940,master,272,24042438;35547608;35547609;40933181,GNU Lesser General Public License v3.0,133
public-apis,public-apis,Python,453688,4975,master,1004,18145845;18145846,MIT License,134
kubeflow,katib,Python,1695,1377,master,1106,7736171;7736172;13520179;41308227;41308230;41308231;41308232;41308233;41308234;41310949;110393352,Apache License 2.0,135
oraios,serena,Python,27356,3214,main,4794,151551122,MIT License,136
vispy,vispy,Python,3582,7492,main,121,4950297;5148906,Other,137
cowrie,cowrie,Python,6482,4142,main,2893,204443604;189245661,Other,138
allegro,ralph,Python,2511,3426,ng,152,3283876,Apache License 2.0,139
thunderbird,appointment,Python,547,1406,main,1079,317715998,Mozilla Public License 2.0,140
karrioapi,karrio,Python,738,5764,main,521,88688807;130186366;140551074;140551076;14448462,Other,141
aiqm,torchani,Python,553,1055,main,196,36774;179193593;179193594;206469163,MIT License,142
google-deepmind,concordia,Python,1592,1317,main,477,78023466;78023470;78023471,Apache License 2.0,143
meltano,meltano,Python,2577,12904,main,2855,27411993;27883557;29099511,MIT License,144
microsoftgraph,msgraph-sdk-python,Python,622,1906,main,1750,81969121,MIT License,145
python-pillow,pillow,Python,13728,20968,main,5955,192227;4806069;16166673;13065170;45344952;162241510;6215540;23005;23001,Other,146
yt-project,yt,Python,556,34818,main,351,3558710;10708190;11055093,Other,147
openadaptai,openadapt,Python,1662,1102,main,1167,60420091,MIT License,148
djlint,djLint,Python,941,3189,master,2884,114572567,GNU General Public License v3.0,149
MemPalace,mempalace,Python,57926,1537,develop,2422,256348802,MIT License,150
tmux-python,libtmux,Python,1199,3088,master,1941,2159261,MIT License,151
osm-search,nominatim,Python,4396,5695,master,150,233996521;3240415;219463043,GNU General Public License v3.0,152
kozea,weasyprint,Python,9453,6550,main,929,209175323;173331742;20517518;946200,BSD 3-Clause New or Revised License,153
jerbouma,financetoolkit,Python,5179,1243,main,595,58821390,MIT License,154
treeverse,dvc,Python,15784,9566,main,476,2319249;2442271;2698886;46931732,Apache License 2.0,155
py-pdf,pypdf,Python,10139,2406,main,2483,303653528;24221404,Other,156
taverntesting,tavern,Python,1149,1208,master,288,3422188,MIT License,157
streamlit,streamlit,Python,45444,10250,develop,117547,31736870;34920480;37173405;62989519;67575560;92859711;96954761;99269848;101147828;158371874,Apache License 2.0,158
mitogen-hq,mitogen,Python,2522,4185,master,105,119293515,BSD 3-Clause New or Revised License,159
crazyguitar,pysheeet,Python,8148,1657,master,174,57855,MIT License,160
LearningCircuit,local-deep-research,Python,8830,7395,main,74054,242662339;180380096;180366253;164190337;237291639;273532959;180379288,MIT License,161
pydata,pydata-sphinx-theme,Python,771,1317,main,883,97578223;138252822,BSD 3-Clause New or Revised License,162
scitools,iris,Python,722,6552,main,3869,80118247;152192098;54700096;152142710;17948930;29444773,BSD 3-Clause New or Revised License,163
Mai-with-u,MaiBot,Python,5627,6983,main,2302,310605107,GNU General Public License v3.0,164
mkorpela,pabot,Python,506,1475,main,122,8404547,Apache License 2.0,165
earthians,marley,Python,520,1628,develop,2264,12774398,GNU General Public License v3.0,166
Pipelex,pipelex,Python,693,1263,main,12499,190728396;174230249;164253171;315121158,MIT License,167
lxml,lxml,Python,3044,7048,master,312,212994743;9173206;14827824,BSD 3-Clause New or Revised License,168
iommirocks,iommi,Python,1083,3992,master,197,3514763,BSD 3-Clause New or Revised License,169
Nezreka,SoulSync,Python,2102,5945,main,1308,263169106;264274983,MIT License,170
laggykiller,sticker-convert,Python,565,1784,master,121,43205748,GNU General Public License v2.0,171
microsoft,agent-governance-toolkit,Python,5546,2343,main,74741,240747110,MIT License,172
freedomofpress,dangerzone,Python,5644,2045,main,1419,117879681;79020568;44579309;225295264;248390682;149356599,GNU Affero General Public License v3.0,173
chemprop,chemprop,Python,2422,3664,main,410,88828203,Other,174
ModelCloud,GPTQModel,Python,1220,3328,main,1523,111091574;261141014;263860341,Other,175
roboflow,supervision,Python,48524,5033,develop,5717,137053962;222215190;222760980;228320661,MIT License,176
microsoft,msticpy,Python,1983,1589,main,191,4123278,Other,177
mikf,gallery-dl,Python,19052,7997,master,293,3673411,GNU General Public License v2.0,178
timbrel,gitsavvy,Python,1943,5144,master,162,3338552;3338551,MIT License,179
kovidgoyal,kitty,Python,34171,18605,master,1702,664293,GNU General Public License v3.0,180
blocklistproject,lists,Python,4984,1642,main,639,217405456,The Unlicense,181
keylime,keylime,Python,551,2238,master,516,109946670;4194852,Apache License 2.0,182
verl-project,verl,Python,22755,2828,main,68377,162650708;167266440;167742371,Apache License 2.0,183
angr,angr-management,Python,1164,2498,master,516,24490226;202520730;41218881;24490772;99305173,BSD 2-Clause Simplified License,184
pydantic,pydantic,Python,28437,5627,main,4514,52902;44283286;61060346;134437700,MIT License,185
patroni,patroni,Python,8635,2645,master,208,194846927;4033736,MIT License,186
OWASP,mastg,Python,13092,10721,master,4345,1292197;107802156;139523769;167260933,Creative Commons Attribution Share Alike 4.0 International,187
shedskin,shedskin,Python,985,5460,main,540,51023539;226592945;226622086;230507760,Other,188
breakthrough,pyscenedetect,Python,5058,1678,main,608,63276708;63310091;317832529,BSD 3-Clause New or Revised License,189
conda-forge,staged-recipes,Python,841,172974,main,17174,117608520;205319304;271325201,BSD 3-Clause New or Revised License,190
david-lev,pywa,Python,573,1478,master,243,125689004,MIT License,191
fastapi,sqlmodel,Python,18240,1311,main,2731,278741231;91597451;12487694,MIT License,192
mem0ai,mem0,Python,62258,2541,main,4331,280811689;63281757;254414892;254414893;276145272;246926678,Apache License 2.0,193
pytorch,tutorials,Python,9263,2900,main,1222,203621238;202078341;50406927,BSD 3-Clause New or Revised License,194
quay,quay,Python,2812,13264,master,32933,60472180;1154038;305301453;298347664;305334289;298347666;298347668;27123538;210585929,Apache License 2.0,195
frappe,frappe,Python,10492,59242,develop,26200,8876389;8876410;9890901;42478280;122261692;238450771;287069390;307004561,MIT License,196
harbor-framework,harbor,Python,3731,1390,main,29265,304349472;242427424;189624851,Apache License 2.0,197
weewx,weewx,Python,1175,8221,master,143,46785205,GNU General Public License v3.0,198
python-trio,trio,Python,7306,6632,main,357,1131721,Other,199
coleifer,peewee,Python,11979,5240,master,228,4562888;221317195,MIT License,200
sunlabuiuc,pyhealth,Python,1641,1010,master,216,163697450,MIT License,201
ETS2LA,Euro-Truck-Simulator-2-Lane-Assist,Python,673,4308,main,269,255801203,GNU General Public License v3.0,202
dgtlmoon,changedetection.io,Python,32569,2398,master,893,7408521;13854725;36971592;103097408;135307845;203079962,Apache License 2.0,203
FalkorDB,QueryWeaver,Python,1053,1519,staging,1749,214704257;178716093,GNU Affero General Public License v3.0,204
gradio-app,gradio,Python,43262,8709,main,47534,84427114;84427115;84430525;84437279;110959641;110959642;110959643;120393070,Apache License 2.0,205
ledfx,ledfx,Python,2009,5152,main,483,5261336;85142251,GNU General Public License v3.0,206
efroemling,ballistica,Python,685,3939,main,803,218908;20714;102441004,Other,207
zarr-developers,zarr-python,Python,2028,2997,main,12756,113753110;101008250;154750230;4287314;95346425;4423544,MIT License,208
dgunning,edgartools,Python,2536,4088,main,463,44027081;96143949;188824603,MIT License,209
astronomer,astronomer-cosmos,Python,1235,1797,main,6129,291899709;54736801,Apache License 2.0,210
domainaware,parsedmarc,Python,1270,1619,master,1215,211695046;16049122,Apache License 2.0,211
ZHangZHengEric,Sage,Python,1220,2333,main,587,254832427,MIT License,212
ivre,ivre,Python,4096,4352,master,3653,270267114;272275038;11294355;11303782;11294356;268588746;259514205;11348297,GNU General Public License v3.0,213
open-edge-platform,anomalib,Python,5996,1111,main,3629,136979422;136979430;223192538,Apache License 2.0,214
secureblue,secureblue,Python,1021,2141,live,6367,128497512;170803450;179110753;180665087;181357134;181357135;181357136;181357137;183978265;183978266,Apache License 2.0,215
traceloop,openllmetry,Python,7304,1411,main,5901,70629176,Apache License 2.0,216
nerfstudio-project,gsplat,Python,5472,1205,main,371,72583227;71033367;302651587;283646054,Apache License 2.0,217
plotly,dash,Python,24361,9948,dev,2013,272696505;164597032,MIT License,218
netket,netket,Python,693,4007,main,343,2948880;175074292,Apache License 2.0,219
espressif,esptool,Python,6430,1665,master,2023,9218266;9218268,GNU General Public License v2.0,220
zentralopensource,zentral,Python,874,3227,main,2350,3520320,Other,221
flwrlabs,flower,Python,7063,5444,main,27878,234126921;234126922,Apache License 2.0,222
django,django,Python,88245,34838,main,22031,4693886;21767459;60327543;60546079;168124294;195128015;212890232;309154214,BSD 3-Clause New or Revised License,223
target,strelka,Python,993,1655,master,1194,6191436;6191437;6191438;43429558;106653205,Other,224
realsenseai,realsense-ros,Python,3403,2271,ros2-master,351,303974339;14087642,Apache License 2.0,225
kivy,kivy,Python,18991,13198,master,2785,30812;263781272;30813;30814,MIT License,226
artisan-roaster-scope,artisan,Python,1201,6168,master,508,62330966,GNU Affero General Public License v3.0,227
openwisp,openwisp-controller,Python,764,1250,master,6115,242513369;3891382,Other,228
agentic-community,mcp-gateway-registry,Python,838,2126,main,5516,218313174;230574239;241114424;230574240;218313176;218313172;218313175;218313173,Apache License 2.0,229
celery,celery,Python,28749,13141,main,2029,184022133;184022134,Other,230
holoviz,datashader,Python,3558,1634,main,252,4010893;23311595;3594190,BSD 3-Clause New or Revised License,231
google-deepmind,torax,Python,702,2396,main,3297,89532707,Other,232
exo-lang,exo,Python,734,1256,main,124,36633299;9243264,MIT License,233
lichess-bot-devs,lichess-bot,Python,1053,1494,master,427,6493992;16339491,GNU Affero General Public License v3.0,234
abrignoni,aleapp,Python,868,2672,main,959,299852895,MIT License,235
skypilot-org,skypilot,Python,10430,5578,master,30734,15346414;23214081;89709523;154884732;155817996;156182050;156685085;164458733;166669261;168033960;206503036,Apache License 2.0,236
huggingface,trl,Python,18976,3310,main,15198,43629336;44066473;44215506;81980184;201878463;231324728;325748404,Apache License 2.0,237
pytorch,vision,Python,17847,4243,main,5158,2674067;38836865;39450921;55533585;56904657;56905118;65738554;147373045,BSD 3-Clause New or Revised License,238
volatilityfoundation,volatility3,Python,4280,6527,develop,246,138552324;5378834;68457392;30349697,Other,239
paperless-ngx,paperless-ngx,Python,43818,11752,dev,15302,19916021;220921119;220921120;220921122;253499469,GNU General Public License v3.0,240
pathwaycom,pathway,Python,62566,2160,main,854,83371277;83371278;227457929;83371279,Other,241
mushroomrl,mushroom-rl,Python,941,2124,dev,242,22266259,MIT License,242
pycord-development,pycord,Python,2953,6684,master,3795,38817578,MIT License,243
marimo-team,marimo,Python,22180,6505,main,31877,188503610;161791919;116078374;66216419;280855856;116078375;233518742;197911723;235583522;144709884,Apache License 2.0,244
beetbox,beets,Python,15474,15116,master,4685,1478102;1801087,MIT License,245
spesmilo,electrum,Python,8535,20343,master,1558,283546431;283546435;283546440,MIT License,246
jazzband,django-redis,Python,3078,1296,master,193,7497453,Other,247
prody,prody,Python,554,10388,main,130,11814672,Other,248
pthom,imgui_bundle,Python,1334,3950,main,1364,74909339,MIT License,249
dstackai,dstack,Python,2203,3713,master,784,22011039;153275390;182699733;296222068,Mozilla Public License 2.0,250
Skyvern-AI,skyvern,Python,22641,6244,main,27716,88272470;159540491,GNU Affero General Public License v3.0,251
allenai,open-instruct,Python,3814,1451,main,1907,182102779;107344760,Apache License 2.0,252
requests-cache,requests-cache,Python,1501,1656,main,122,6346605,BSD 2-Clause Simplified License,253
drakkar-software,octobot,Python,6282,5864,master,568,3554568;229098584;250318631,GNU General Public License v3.0,254
nicolargo,glances,Python,33222,7231,develop,395,8280431;89102060;8314940,Other,255
tencentblueking,bk-sops,Python,1269,11594,release_humming_bird,2377,13620838,Other,256
scverse,anndata,Python,761,1790,main,3484,149017110;64547114;220834798,BSD 3-Clause New or Revised License,257
aboutcode-org,scancode-toolkit,Python,2578,12735,develop,396,22516116,Other,258
eddyzzl,marvis-risk-agent,Python,514,1014,main,103,306462264,MIT License,259
invoke-ai,InvokeAI,Python,27705,19085,main,24230,38800278;88140903;88140905;153946415,Apache License 2.0,260
gptme,gptme,Python,4373,4197,master,32307,52243104;248185213;167131571,MIT License,261
mckinsey,vizro,Python,3767,1268,main,10758,68286431;68286432;74496474;124964397;128819619;138651477;139842044;144826496;160249863;176739708;182732540;222146884,Apache License 2.0,262
pypa,setuptools,Python,2844,16705,main,287,16202224;4075325;325727076,MIT License,263
rush86999,atom,Python,788,9050,main,753,218937329;243075497;243075502,GNU Affero General Public License v3.0,264
mbailey,voicemode,Python,1301,2147,master,874,167981211,MIT License,265
appdaemon,appdaemon,Python,959,5900,dev,611,224963938,Other,266
Q00,ouroboros,Python,5239,1887,main,22276,234241396,MIT License,267
manimcommunity,manim,Python,39813,6274,main,688,1818476,MIT License,268
weecology,deepforest,Python,752,1315,main,282,195657025,MIT License,269
griptape-ai,griptape,Python,2568,1752,main,545,69428782,Apache License 2.0,270
jerbouma,financedatabase,Python,8275,1498,main,269,154032410,MIT License,271
jelmer,dulwich,Python,2264,6499,main,2284,34193067;76692222;185325941,Other,272
Canner,WrenAI,Python,16765,2629,main,4819,92197683;106379662;270583496;270583509;270583510;272599933;274498253,Other,273
saturday06,vrm-addon-for-blender,Python,1675,6507,main,1522,2381634,MIT License,274
torchgeo,terratorch,Python,836,3810,main,225,228317420,Apache License 2.0,275
has2k1,plotnine,Python,4737,2901,main,178,3602332;37962600,MIT License,276
eosphoros-ai,DB-GPT,Python,19605,3385,main,514,103850904;79873988,MIT License,277
awslabs,mcp,Python,9528,1711,main,80311,173896511;171107182,Apache License 2.0,278
sourmash-bio,sourmash,Python,553,2377,latest,1608,3855315;28488614;517168;4099792,Other,279
shapely,shapely,Python,4484,2490,main,304,5408094,BSD 3-Clause New or Revised License,280
chirpz-ai,pandaprobe,Python,716,1454,main,510,243757791;243757790;243757788,Apache License 2.0,281
paddlepaddle,paddleocr,Python,86589,6925,main,1167,167613484;263892550,Apache License 2.0,282
fronzbot,blinkpy,Python,775,1991,dev,1542,101656281;1016311,MIT License,283
johnmarktaylor91,torchlens,Python,653,3114,main,8840,320487967;266058112,Apache License 2.0,284
opsmill,infrahub,Python,500,15293,stable,37011,61939765;81023843;95274381;99053776;258161145,Apache License 2.0,285
moj-analytical-services,splink,Python,2308,10777,master,2842,220264917;220265700;220266691;220266692,MIT License,286
osandov,drgn,Python,2080,3123,main,245,4616805;8785925;60393879,Other,287
NVIDIA,TransformerEngine,Python,3461,2002,main,21234,36838256;37176067;38959580;38959581,Apache License 2.0,288
googlecloudplatform,click-to-deploy,Python,774,2264,master,1107,3960776,Apache License 2.0,289
kvesteri,sqlalchemy-utils,Python,1338,1496,master,112,7598354,Other,290
openshot,openshot-qt,Python,6121,5491,develop,483,4074574;1200332,Other,291
pallets-eco,flask-security,Python,698,1604,main,255,4809129,MIT License,292
GetBindu,Bindu,Python,7944,1520,main,416,250404055,Other,293
atsushisakai,pythonrobotics,Python,30197,2223,master,373,1228873;1228872;46779842;1853534,Other,294
pablosnt,rekono,Python,529,1269,main,1227,78764301;325061158;20263789;165579401,GNU General Public License v3.0,295
fuyuxiang,echo-agent,Python,825,1032,master,469,246317226,MIT License,296
internlm,lmdeploy,Python,7983,2014,main,4755,83251259;87730122;92023613;164227166;188596978;239742531,Apache License 2.0,297
element-hq,ess-helm,Python,905,4025,main,6877,126521070;140487707;247874215;128954205,GNU Affero General Public License v3.0,298
anthropics,anthropic-sdk-python,Python,3783,1213,main,1193,75320047,MIT License,299
graphql-python,graphql-core,Python,527,1415,main,315,12640164,MIT License,300
robocorp,robocorp,Python,643,1185,master,124,55098661;56569539;56583185;56583186;56583187;56694650;59745030;60695705;63505133;70797199,Apache License 2.0,301
lk-geimfari,mimesis,Python,4834,2721,master,111,3685184,MIT License,302
dit,dit,Python,578,2082,main,237,8507905,BSD 3-Clause New or Revised License,303
bitsandbytes-foundation,bitsandbytes,Python,8377,1199,main,840,82135990;82128221;209260032;260010587;209234951;209212127,MIT License,304
apache,tvm,Python,13635,14169,main,8600,158873,Apache License 2.0,305
stratosphereips,stratospherelinuxips,Python,880,15876,master,240,115443469;115443470;306913536,GNU General Public License v2.0,306
RosettaCommons,foundry,Python,916,1185,production,633,287224668;297874804,BSD 3-Clause New or Revised License,307
KKeygen,idv-login,Python,671,1158,main,118,96324137;114362599,GNU General Public License v3.0,308
camel-ai,camel,Python,17520,2280,master,3001,78815500;54473538;54473539;161763596,Apache License 2.0,309
beeware,toga,Python,5397,10976,main,2529,225269;55040,BSD 3-Clause New or Revised License,310
OneDragon-Anything,ZenlessZoneZero-OneDragon,Python,6809,2125,main,6104,204565074;205066628;322669949;267839271;198936770,GNU General Public License v3.0,311
apify,crawlee-python,Python,9378,1734,master,1343,215970502;216069579;216069580;216069581,Apache License 2.0,312
copier-org,copier,Python,3500,2275,master,827,641447;105067180,MIT License,313
django-commons,django-polymorphic,Python,1830,1460,main,265,77072077,Other,314
modelscope,FunASR,Python,19579,5530,main,430,299227784;314344858;313477732,MIT License,315
sunpy,sunpy,Python,1028,20100,main,1882,21424560;22403178;142979977,BSD 2-Clause Simplified License,316
NVIDIA-NeMo,RL,Python,1866,1272,main,63836,285361710;320599236;285361711;150588141;284575658,Apache License 2.0,317
home-assistant-libs,pychromecast,Python,2675,1098,master,278,1061537,MIT License,318
pyro-ppl,numpyro,Python,2730,1440,master,187,1574403,Apache License 2.0,319
dj-stripe,dj-stripe,Python,1785,3501,main,216,2567201,MIT License,320
buffer,thug,Python,1035,6310,master,178,85076984;85076985,GNU General Public License v2.0,321
gns3,gns3-server,Python,1013,5565,master,373,1696316,GNU General Public License v3.0,322
tomerfiliba,plumbum,Python,3053,1398,master,150,4178436,MIT License,323
vllm-project,vllm,Python,85426,18407,main,86251,207055592;297297594;322620555;322680072;323629866;323630948,Apache License 2.0,324
mdanalysis,mdanalysis,Python,1620,7338,develop,751,17136246;3793283,Other,325
django-components,django-components,Python,1514,2187,master,720,286150884;5605325,MIT License,326
ott-jax,ott,Python,747,1040,main,157,144164728;18640997,Apache License 2.0,327
chardet,chardet,Python,2650,1054,main,125,240347834,BSD Zero Clause License,328
pdm-project,pdm,Python,8672,3279,main,249,629286,MIT License,329
mujocolab,mjlab,Python,2758,1081,main,1428,172785448;185027774,Apache License 2.0,330
facebookincubator,cinder,Python,3791,127756,meta/3.14,1084,7927317;197879924;230669765,Other,331
errbotio,errbot,Python,3293,3012,master,250,273454375,GNU General Public License v3.0,332
topoteretes,cognee,Python,29662,8961,main,17592,130883936;145202939;155174731;157106179;157106180;157106181;157106182;157106183;157106185;157106186;165372336;171621062;171621063;174041360;177036095;182274019;184508003,Apache License 2.0,333
mitmproxy,mitmproxy,Python,44535,11194,main,848,203251177;41682128;31035,MIT License,334
azure,azure-sdk-for-python,Python,5580,23116,main,390109,119408175;168317866;294236118;268539817,MIT License,335
pandas-dev,pandas,Python,49387,38506,main,27940,17032045;33431716;54497638,BSD 3-Clause New or Revised License,336
lorexxar,kunlun-m,Python,2401,1289,master,684,272415266,MIT License,337
pychess,pychess,Python,805,6736,master,714,51906221;51906222;50657911;50931637,GNU General Public License v3.0,338
encode,django-rest-framework,Python,30114,9027,main,293,7517546,Other,339
data-privacy-stack,presidio,Python,10286,1620,main,2647,180969655,MIT License,340
comet-ml,opik,Python,21016,6598,main,56043,77609967;77609968;115369691;115369699;115369704;117189572;117613453;127978627;133116835;133810216;134942441;135299367;143465813;145515588,Apache License 2.0,341
paddlepaddle,paddlex,Python,6173,4387,release/3.7,268,264005427;264539687;220532912,Apache License 2.0,342
ogx-ai,ogx,Python,8419,4321,main,41959,146000381;147977328;149087135;153301601;156821948;168151390;170997758;173134888;173135126;176569892;178403211;178407258;180616488;182146099;198563741;212723252;213296695;221059576;232654693,MIT License,343
sympy,sympy,Python,14818,62487,master,13158,12505021;220224874;3753242,Other,344
pymc-labs,pymc-marketing,Python,1210,1446,main,7837,110119271;111328845;233342325,Apache License 2.0,345
ascend,pytorch,Python,558,8239,master,25042,75147141;265720942;265231674;255351608;319369737;272063224;257368712;267846357;255613368;262121692;287085552;266092210;268251968;273169899;283333026,Other,346
OpenPipe,ART,Python,10557,1307,main,1440,293130191,Apache License 2.0,347
pingcap,docs-cn,Python,1833,10734,master,5633,15146668,Other,348
diaoul,subliminal,Python,2651,1428,main,164,118577307;129477396,MIT License,349
microsoft,semantic-link-labs,Python,557,2347,main,400,100068523,MIT License,350
mandiant,flare-floss,Python,4105,2012,master,574,307157530;58142000;5568048;185028424;3444705,Apache License 2.0,351
aws,aws-parallelcluster,Python,887,6876,develop,5040,4412113,Apache License 2.0,352
dagster-io,dagster,Python,15920,27836,master,4433,176466833;300663382,Apache License 2.0,353
Zipstack,unstract,Python,7080,1683,main,3541,102173931;230311054,GNU Affero General Public License v3.0,354
cisagov,malcolm,Python,2464,6761,main,299,14682907;14682910;14682911;14682912;14682913;14682916;14682918;14682919;14682920;14682921;16058742;16058743;16058744;17419289;26069955;37910750;37910751;63646293;150571870;212731196;228865307,Other,355
dmoj,judge-server,Python,974,4055,master,172,212462;705331,GNU Affero General Public License v3.0,356
pyscf,pyscf,Python,1643,9861,master,638,314875727;2539926;124827118,Apache License 2.0,357
GetStream,Vision-Agents,Python,7998,1153,main,1340,185170406;185300295,Apache License 2.0,358
fonttools,fonttools,Python,5186,13088,main,165,3552204,MIT License,359
1Panel-dev,MaxKB,Python,22345,7381,v2,2647,89757759;89757760;84338411,GNU General Public License v3.0,360
jesse-ai,jesse,Python,8272,3417,master,170,296293109,MIT License,361
tensorflow,model-analysis,Python,1267,1572,master,184,163175558;112632686,Apache License 2.0,362
holoviz,panel,Python,5727,5114,main,885,4006965;24224736;3357535,BSD 3-Clause New or Revised License,363
HKUDS,nanobot,Python,45230,3426,main,3882,245464933,MIT License,364
pytorch,tensordict,Python,1034,1456,main,3343,117108346;106171639;172064486;68647110;106171638;236105242;37984912;192161788;72001722;72006792;72006790,MIT License,365
canonical,cloud-init,Python,3774,7768,main,3057,25862480;45299944;114465212;236824105,Other,366
pydantic,httpx2,Python,841,2217,main,2266,274543991;288756462,BSD 3-Clause New or Revised License,367
kk7ds,chirp,Python,572,6400,master,439,35003939,GNU General Public License v3.0,368
bugsink,bugsink,Python,1970,2326,main,437,120815371,Other,369
psycopg,psycopg,Python,2464,3801,master,719,45957790;197171152;43573251;17283837;43573252;6280939,GNU Lesser General Public License v3.0,370
sartography,spiffworkflow,Python,1908,2250,main,131,58404672,GNU Lesser General Public License v3.0,371
Soju06,codex-lb,Python,2560,1018,main,39724,221321801;313494093,MIT License,372
xdslproject,xdsl,Python,573,5369,main,12933,39307466;40482870;41654931;47390038;133152261;169925667;191381084;267766656,Other,373
coreruleset,coreruleset,Python,3222,5713,main,5644,1275419;69807230;125883472;284030813,Apache License 2.0,374
cog-creators,red-discordbot,Python,5651,3068,V3/develop,1106,429447,GNU General Public License v3.0,375
SWE-agent,SWE-agent,Python,19972,2182,main,308,96613560,MIT License,376
xorq-labs,xorq,Python,538,1568,main,17307,243532804;264648388;74638223;313687773;270739184;258394170;275149024;113068989;155466609;213223032;173257141;113035704;306282157;114184354;281199478;172055758;114141933;282954452;74638225,Apache License 2.0,377
pydantic,logfire,Python,4402,1901,main,5656,95258717;222046290,MIT License,378
certbot,certbot,Python,33168,11423,main,1025,250419791;268625554;262097870;250305968;250354240,Other,379
TagStudioDev,TagStudio,Python,7071,1055,main,1938,309799051;102618468,GNU General Public License v3.0,380
custom-components,ble_monitor,Python,2226,2908,master,148,11379204,MIT License,381
wemake-services,wemake-django-template,Python,2266,2963,master,867,884169,MIT License,382
stumpy-dev,stumpy,Python,4137,1490,main,236,4687717,Other,383
uxlfoundation,scikit-learn-intelex,Python,1354,2779,main,4413,108781101,Apache License 2.0,384
attendee-labs,attendee,Python,691,4477,main,1259,136366788,Other,385
stanfordnlp,dspy,Python,36505,4602,main,1194,328959275;87407400,MIT License,386
google,timesketch,Python,3382,3926,master,2150,3709972;17057256,Apache License 2.0,387
Git-on-my-level,codex-autorunner,Python,856,2073,main,2628,221248438,MIT License,388
antsx,antspy,Python,880,2109,main,239,89566528;22890029,Apache License 2.0,389
ungoogled-software,ungoogled-chromium,Python,27278,2403,master,2027,274975133,BSD 3-Clause New or Revised License,390
aws,sagemaker-python-sdk,Python,2257,4474,master,3208,88960177;317066117;318453025,Apache License 2.0,391
alisaifee,limits,Python,640,1371,master,183,1304336,MIT License,392
jhd3197,ServerKit,Python,662,1602,main,868,296666136;305721484;328356390;302132190;232563735,MIT License,393
asahilinux,m1n1,Python,4150,2629,main,923,9547301;157229882,MIT License,394
mvt-project,mvt,Python,12808,1214,main,873,120047054,Other,395
autoscrape-labs,pydoll,Python,6985,1429,main,254,164709598;127144123;142202798,MIT License,396
schemathesis,schemathesis,Python,3496,4609,master,7081,34231;31948243;85327276;85327277,MIT License,397
gsa,data.gov,Python,1074,5181,main,838,108199063;43208947;43119390,Other,398
great-expectations,great_expectations,Python,11556,13657,develop,4719,62746808;199406792,Apache License 2.0,399
gadievron,raptor,Python,3467,3064,main,6171,282968358;282460313;226357880,Other,400
stripe,stripe-python,Python,2027,1914,master,844,28279070,MIT License,401
freedomofpress,securedrop,Python,3864,14479,develop,2288,112227099;71319692;200737418,Other,402
huggingface,diffusers,Python,34209,6753,main,20939,76422722;30182209;29235626;296674956;61017083;175923787;76708712;33339183;146051502;75244641;33356363;48221948;57616815,Apache License 2.0,403
getsentry,sentry-python,Python,2201,4333,master,24941,4697576;43559674;78377751;78377752;104325782;128788270;128788271;128788272;128788273;128788274;128788275;128788276;137241209;139115903;189973594;203444078;210270676;210270679;210270682;287981601,MIT License,404
airbytehq,airbyte,Python,21760,50187,master,321546,2090178;21376050;45852574;83097532;162466529;162980548;164960876;164963605;166075040,Other,405
MicroPythonOS,MicroPythonOS,Python,742,3765,main,3533,250620291;260726584;200820905;250841531;200716564,MIT License,406
saltyorg,saltbox,Python,870,5298,master,676,122010383;10807674,GNU General Public License v3.0,407
jertel,elastalert2,Python,1127,4399,master,220,8478503,Apache License 2.0,408
gboeing,osmnx,Python,5792,4653,main,283,60860070;132083323,MIT License,409
json-schema-org,json-schema-test-suite,Python,739,1504,main,1100,154602907;17582;244371324;96508186;96183759,MIT License,410
mikedh,trimesh,Python,3639,5954,main,138,800691,MIT License,411
fastmachinelearning,hls4ml,Python,2083,2705,main,696,5011720;38652118,Apache License 2.0,412
massgen,MassGen,Python,1060,4027,main,750,232071281,Other,413
qtile,qtile,Python,5289,6348,master,1007,3701711,MIT License,414
whitphx,streamlit-webrtc,Python,1705,1767,main,2378,195286276;195286468,MIT License,415
django-cms,django-cms,Python,10656,16553,main,4492,7351768;77120163,Other,416
aio-libs,yarl,Python,1489,2043,master,2102,62623279;170317128,Apache License 2.0,417
plasma-umass,scalene,Python,13486,3659,master,671,10862695;25070202;90998319,Apache License 2.0,418
ultralytics,ultralytics,Python,59338,4344,main,41009,137919452;232919940,GNU Affero General Public License v3.0,419
mqtt-tools,mqttwarn,Python,978,1476,main,283,10067075,Eclipse Public License 2.0,420
globaleaks,globaleaks-whistleblowing-software,Python,1505,18697,stable,1316,78682323;143183067,GNU Affero General Public License v3.0,421
secdev,scapy,Python,12440,6880,master,395,96620882;721666,GNU General Public License v2.0,422
eventlet,eventlet,Python,1274,2604,master,127,4151978,Other,423
log2timeline,plaso,Python,2126,4083,main,1874,284040336;217998748;3894127;306119656,Apache License 2.0,424
cve-search,cve-search,Python,2615,2849,master,188,4013299,GNU Affero General Public License v3.0,425
modflowpy,flopy,Python,621,4340,develop,943,32724025;66243330,Other,426
ascending-llc,jarvis-registry,Python,2676,1591,main,2643,197334955,Apache License 2.0,427
celery,kombu,Python,3133,3958,main,613,6452370,BSD 3-Clause New or Revised License,428
python-zeroconf,python-zeroconf,Python,732,1726,master,543,7133997,GNU Lesser General Public License v2.1,429
ranaroussi,yfinance,Python,24848,1886,main,451,139553134,Apache License 2.0,430
pylast,pylast,Python,766,1254,main,216,3652287,Apache License 2.0,431
mkdocstrings,griffe,Python,671,1353,main,215,13012780,ISC License,432
jupyter-server,jupyter_server,Python,565,12899,main,635,9480928;22349837,BSD 3-Clause New or Revised License,433
twisted,klein,Python,837,3214,trunk,335,8883,Other,434
amulet-team,amulet-map-editor,Python,2217,2094,0.10,117,256814364;256815957;256815958;256815960;256815961,Other,435
materialyzeai,matgl,Python,564,1826,main,718,270736928;152061000,BSD 3-Clause New or Revised License,436
python-social-auth,social-app-django,Python,2138,2841,master,1077,4818348,BSD 3-Clause New or Revised License,437
NVIDIA-NeMo,Skills,Python,1015,1186,main,1369,109248013;96487850,Apache License 2.0,438
lncrawl,lightnovel-crawler,Python,2523,6105,dev,1422,165592983,GNU General Public License v3.0,439
galaxyproject,galaxy,Python,1825,93796,dev,50849,3514233;121899358;81311690;14791793;294863939;39704309;248081175;209728926;548508;6560623;4714975;107089817;107089818;2388011;187904033;6557,Other,440
kubeflow,pipelines,Python,4173,7235,master,55812,101323878;103383181;103387026;103712829;104535977;105398438;106226032;106463450;106476312;108903315;108903316;108903317;109083901;113436252;113436253;118932887;120343977;122208797;148842593;148842594;169387550,Apache License 2.0,441
baserow,baserow,Python,5481,7224,develop,7900,322022947;198058432;322022949;322022950,Other,442
pypi,warehouse,Python,4114,8971,main,4998,5761305;49199268;61414284,Apache License 2.0,443
uselotus,lotus,Python,1829,1248,main,217,47935754;47957057,MIT License,444
opensanctions,opensanctions,Python,780,17922,main,14634,12461693;178331566;286907127,MIT License,445
google,budoux,Python,1752,1040,main,1470,15390379;50064716;227331836;15637704,Apache License 2.0,446
slackapi,bolt-python,Python,1320,1006,main,611,3973462;230243783,MIT License,447
huggingface,optimum,Python,3454,1299,main,876,22016549;30431279;43252913;47774453;64589482;99218714;156230777;156265087;157059603;185831748,Apache License 2.0,448
pulp,pulpcore,Python,575,24457,main,1361,3743389;3957861;11363935;76210540;76210543,GNU General Public License v2.0,449
yihong0618,githubposter,Python,1853,2392,main,110,10147564,MIT License,450
procrastinate-org,procrastinate,Python,1352,3450,main,461,2724392,MIT License,451
luxonis,oak-examples,Python,968,2874,main,223,137438492;172861075;178755982,Apache License 2.0,452
pymc-devs,pymc,Python,9694,10566,main,2441,22165790;230421586,Other,453
Ontos-AI,knowhere,Python,2143,1588,main,1408,268689040,Apache License 2.0,454
genericmappingtools,pygmt,Python,870,3468,main,5980,1507251;1960375;34728192;52079094,BSD 3-Clause New or Revised License,455
maziggy,bambuddy,Python,2718,3418,main,4125,215050731,GNU Affero General Public License v3.0,456
sqlfluff,sqlfluff,Python,9842,6882,main,4816,69160598;189929857;51332503;51332504;12887154,MIT License,457
aeon-toolkit,aeon,Python,1419,5302,main,6138,63270796;65120759,BSD 3-Clause New or Revised License,458
linkml,linkml,Python,581,4660,main,6423,6794101;185821226;262491357;297199704,Apache License 2.0,459
tableau,server-client-python,Python,712,1142,development,1110,48322804;35341230;5778291;313397381,MIT License,460
splunk,splunk-sdk-python,Python,741,2039,develop,625,13470212,Apache License 2.0,461
gefyrahq,gefyra,Python,795,2770,main,2021,40229717;20371757;20414771;25313877;24697056,Apache License 2.0,462
freelabz,secator,Python,1305,1116,main,3649,92886342;161481831,Other,463
ethereum,EIPs,Python,13940,7710,master,16886,7518402;32641790,Creative Commons Zero v1.0 Universal,464
cvat-ai,cvat,Python,16437,6263,develop,10491,4880735;5016850;169526322;186472175;279635017,MIT License,465
murtaza-nasir,speakr,Python,3523,1094,master,114,292670063,GNU Affero General Public License v3.0,466
picovoice,rhino,Python,705,1033,master,817,30204499;46066312,Apache License 2.0,467
owasp,cheatsheetseries,Python,32740,2238,master,1851,275643370,Creative Commons Attribution Share Alike 4.0 International,468
zulip,zulip,Python,25590,71400,main,9020,1691644,Apache License 2.0,469
lightly-ai,lightly-studio,Python,871,1527,main,13331,254229893;199569427;253671686;328608442,Apache License 2.0,470
conda,conda-lock,Python,560,2096,main,660,116440680;3582799;60398140,Other,471
xlwings,xlwings,Python,3390,3040,main,265,255404348;467061,Other,472
lilydjwg,nvchecker,Python,557,1136,master,180,5462542,MIT License,473
vgrem,office365-rest-python-client,Python,1715,2160,master,381,278427423;278427424,MIT License,474
aiidateam,aiida-core,Python,576,12414,main,3604,702754;2600425;231161612,Other,475
jundot,omlx,Python,18358,2097,main,1351,311560095;286298485,Apache License 2.0,476
kivy,python-for-android,Python,8904,4071,develop,516,123727777;59079,MIT License,477
mikel-brostrom,boxmot,Python,8260,3828,master,566,57876345;100284087;269370298;269408932,GNU Affero General Public License v3.0,478
aiortc,aiortc,Python,5081,1333,main,122,668518,BSD 3-Clause New or Revised License,479
getsentry,sentry,Python,44423,107860,master,410161,217448125;217468551,Other,480
dbcli,pgcli,Python,13321,2433,main,144,4700226,BSD 3-Clause New or Revised License,481
frappe,frappe_docker,Python,2484,2046,main,882,14741343;14757470;264235272;264235273;264235275;264599693;264599695,MIT License,482
Furglitch,modorganizer2-linux-installer,Python,1739,1200,main,891,230675680;304894814,GNU General Public License v3.0,483
chdb-io,chdb,Python,2852,3368,main,1020,81696627;104353799;104447944;122677805;161506402;220618470;220618472,Apache License 2.0,484
commaai,openpilot,Python,63283,17479,master,13355,5900396;123854397;177578364;177578365;177578366;203896806;228029340,MIT License,485
pur1fying,blue_archive_auto_script,Python,1446,2124,master,113,228474064,GNU General Public License v3.0,486
pallets,quart,Python,3653,1192,main,137,29520106,MIT License,487
django-oscar,django-oscar,Python,6613,9240,master,157,4030315,BSD 3-Clause New or Revised License,488
hikari-py,hikari,Python,910,5475,master,956,3882916,MIT License,489
google-deepmind,mujoco_warp,Python,1380,2057,main,2637,150562532,Apache License 2.0,490
posit-dev,great-tables,Python,2708,3438,main,372,27646518,MIT License,491
aTrainTranscription,aTrain,Python,1189,1028,develop,128,283269017,GNU Affero General Public License v3.0,492
ricequant,rqalpha,Python,6627,3755,master,147,6521414,Other,493
pymeasure,pymeasure,Python,760,5136,master,390,3138235,MIT License,494
bleachbit,bleachbit,Python,6478,7748,master,952,312775640;320582270;266514539;299554828;310054982,GNU General Public License v3.0,495
ROCm,aiter,Python,510,2612,main,68940,196430649;179476100;254193132;307853967;221652456;307849562;324657854;324332961;291870736;286482462;198495556;243889074;259962384,MIT License,496
pallets-eco,wtforms,Python,1577,1850,main,174,1086271,BSD 3-Clause New or Revised License,497
Graphify-Labs,graphify,Python,100099,1342,v8,1495,311181856;256250642,Apache License 2.0,498
binref,refinery,Python,866,6221,master,103,10788507,Other,499
intel,auto-round,Python,1520,1288,main,4013,210090466,Apache License 2.0,500
a13xp0p0v,kernel-hardening-checker,Python,2111,1460,master,143,50842389;96432497;50842591;96433384;171941475,GNU General Public License v3.0,501
kozea,radicale,Python,4864,4587,master,359,241648014;633488,GNU General Public License v3.0,502
oppia,oppia,Python,6749,16833,develop,33157,131181570;131274848;131274850;190287662;191802701;211746568;310080189,Apache License 2.0,503
flashinfer-ai,flashinfer,Python,6079,2680,main,49252,223682798;226788881;317970453;190804065,Apache License 2.0,504
frappe,education,Python,588,1054,develop,119,157485100;27299172,Other,505
rasbt,mlxtend,Python,5166,1692,master,193,290080770,Other,506
SWE-agent,mini-swe-agent,Python,6157,1019,main,711,171891149,MIT License,507
smittix,intercept,Python,2164,1724,main,234,245348344,Apache License 2.0,508
apache,superset,Python,74089,21809,master,384829,1024930;2508632;2508635;4722038;10929587;19163777;25834206,Apache License 2.0,509
yt-dlp,yt-dlp,Python,181298,23945,master,8297,3404366;4770954;5235551;5235552;186972465;200918906,The Unlicense,510
PrimeIntellect-ai,prime-rl,Python,1790,2241,main,16290,164436103;164436104;212042343;276441963;322898182,Apache License 2.0,511
pydicom,pydicom,Python,2189,1817,main,106,18280038;18280039;62491219,Other,512
microsoft,data-formulator,Python,15992,1394,main,370,121943885,MIT License,513
aws-samples,serverless-patterns,Python,1812,8273,main,478,83002713,Other,514
ethereum,pm,Python,1885,4478,master,6142,281139093,Other,515
archivebox,archivebox,Python,28064,6051,dev,5707,1780415;3890357;219381247;318945656,MIT License,516
sdv-dev,sdv,Python,3536,2272,main,1219,199693875;98312577;15036820;15036819;170795242;15036816,Other,517
pwr-solaar,solaar,Python,9097,2997,master,434,85579913,GNU General Public License v2.0,518
altmenorg,HAsmartirrigation,Python,538,1274,master,927,166599235,MIT License,519
cvs-health,uqlm,Python,1187,1022,main,169,159723472,Apache License 2.0,520
meshtastic,python,Python,832,2403,master,366,15850166;313135193,GNU General Public License v3.0,521
hystax,optscale,Python,2149,2089,integration,178,187716665;66412934;219314940;66864839;67055843;67055838;66864840;67060677;67055842;68273345;68273339;68273344;67055851;67055845;67650135;66864841;68273342;67055856;67055837;67055835;70671968;70671969;68273346;68273337;67650134,Apache License 2.0,522
pytest-dev,pytest,Python,14379,17573,main,1404,243640513;284631838;199013219;22158026,MIT License,523
letta-ai,letta,Python,24043,7468,main,614,122117231;129272152;131848308;186688253;186688255;186688257;186688258;186688259;186688260;186688261;186688262;187840589,Apache License 2.0,524
pymupdf,PyMuPDF,Python,10368,3440,main,637,28358409;46660394;52098108;55617745;80233956;81224122;171947958,GNU Affero General Public License v3.0,525
ace-step,ACE-Step-1.5,Python,11919,1395,main,183,278849381,MIT License,526
kubernetes-client,python,Python,7633,2245,master,642,1278543;9581105,Apache License 2.0,527
sebp,scikit-survival,Python,1314,1579,main,598,24633653;47238135,GNU General Public License v3.0,528
ardupilot,pymavlink,Python,717,3316,master,410,3824009;200568022,Other,529
opentrons,opentrons,Python,514,18990,edge,30488,2569080;2569082;2757809;8960993;13042111;13213262;13213305;14160475;26681727;34287152;34993089;45307910;47711164;66293195;66293196;79569138;90476496;93376377;100578852,Apache License 2.0,530
colour-science,colour,Python,2631,5457,develop,504,17984189,BSD 3-Clause New or Revised License,531
networktocode,ntc-templates,Python,1283,2165,master,109,34383764,Other,532
miurahr,aqtinstall,Python,1303,2097,master,221,613180;7412312,MIT License,533
rytilahti,python-miio,Python,4272,1028,master,221,8967977,GNU General Public License v3.0,534
bgmi,bgmi,Python,1022,1916,master,615,11058236;11058237,MIT License,535
Ostorlab,oxo,Python,580,5528,main,3202,34067757;34067758,Apache License 2.0,536
crytic,slither,Python,6329,5200,master,383,20586;52027173,GNU Affero General Public License v3.0,537
librephotos,librephotos,Python,8011,7359,dev,1044,264818758;318764940,MIT License,538
mother-of-all-self-hosting,mash-playbook,Python,1092,6046,main,4871,117598270,GNU Affero General Public License v3.0,539
falconry,falcon,Python,9791,2164,master,366,2132961;112048129;119790778;119801895;120842799;120895452;124017292,Apache License 2.0,540
agentscope-ai,QwenPaw,Python,31556,1980,main,35717,316813142;317962818;285364196;278269025;262768103;283942954;312707156,Apache License 2.0,541
CodeGraphContext,CodeGraphContext,Python,4026,1702,main,6729,194844173;231582195;184752024,MIT License,542
newton-physics,newton,Python,5272,2341,main,19600,159114843;206747666;222453388;254672186;254672187;254672188;254672189;174131429,Apache License 2.0,543
marcelotduarte,cx_freeze,Python,1557,2760,main,964,1828553;19064120,Other,544
datadog,integrations-core,Python,1129,20743,master,152516,52268357;52521695;52844903;52851527;52851529;52871748;52903890;53066003;60379674;62037473,BSD 3-Clause New or Revised License,545
python-babel,babel,Python,1459,1774,master,172,71177937,BSD 3-Clause New or Revised License,546
teng-lin,notebooklm-py,Python,18396,1875,main,26151,221914596;221739964,MIT License,547
huggingface,transformers,Python,163218,23547,main,75813,12109666;15558671;21801248;28191071;52470115;73228800;77490895;87838745;90575235;90757569;93797904;95582088;100258139;134001231,Apache License 2.0,548
browser-use,browser-use,Python,107434,9907,main,7437,157803719;232788791,MIT License,549
google,magika,Python,17852,1758,main,761,88628844;91209973;119256708;129143582;154427883;205951553;222178354;222178355,Apache License 2.0,550
mirumee,ariadne,Python,2342,2381,main,105,144822394;144825411,BSD 3-Clause New or Revised License,551
ExtensityAI,symbolicai,Python,1742,1544,main,169,314571747,BSD 3-Clause New or Revised License,552
vulnerability-lookup,vulnerability-lookup,Python,553,3177,main,2384,57402855;109305789,GNU Affero General Public License v3.0,553
googleapis,python-genai,Python,3896,1388,main,7017,292301352;310960085;158049967,Apache License 2.0,554
python-semantic-release,python-semantic-release,Python,1045,1825,master,229,126024799;126024800;126024801,MIT License,555
freeipa,ansible-freeipa,Python,563,2693,master,140,15803633;18089763,GNU General Public License v3.0,556
onyx-dot-app,onyx,Python,31354,9508,main,166898,83730136;115018521;116078456;120407281;128078044;128532840;144497345;150590065;170997843;181466953;199045054,Other,557
ludwig-ai,ludwig,Python,11745,4132,main,357,6742774;46920918;14733708,Apache License 2.0,558
netalertx,NetAlertX,Python,6842,6574,main,814,227933290,GNU General Public License v3.0,559
google,orbax,Python,527,2833,main,17766,40910647;206052030;181132226,Apache License 2.0,560
seedsigner,seedsigner,Python,1150,2322,dev,105,69458480;69425363,MIT License,561
holoviz,param,Python,520,1025,main,274,23315358;25240156;23309975,BSD 3-Clause New or Revised License,562
python-telegram-bot,python-telegram-bot,Python,29370,3215,master,1890,228251;6528515;71177336;71177337;283489925,GNU General Public License v3.0,563
auth0,auth0-python,Python,582,1486,master,494,67729889,MIT License,564
bramstroker,homeassistant-powercalc,Python,1553,7788,master,8394,30795071;130644502,MIT License,565
open-telemetry,opentelemetry-python,Python,2566,2248,main,5424,2200841;74929928;107556837;107633977;107633978;247129513,Apache License 2.0,566
fastapi,fastapi,Python,101130,7607,master,15934,1929523;91591518;175923878;175923880;241192496;278669004,MIT License,567
simonw,llm,Python,12272,1188,main,575,53059715,Apache License 2.0,568
apocas,restai,Python,513,1732,master,846,246217180,Apache License 2.0,569
alandtse,alexa_media_player,Python,1959,2040,dev,1250,1712939,Apache License 2.0,570
google,meridian,Python,1474,1000,main,2503,141923630,Apache License 2.0,571
scrapy,scrapy,Python,63533,11266,master,4028,4548105;4548107;4603726;13878663,BSD 3-Clause New or Revised License,572
gorakhargosh,watchdog,Python,7388,1568,master,162,5885923,Apache License 2.0,573
elastic,detection-rules,Python,2674,3965,main,22999,1735654;142243060,Other,574
kevin1024,vcrpy,Python,2980,1403,master,282,14847576,MIT License,575
stanfordnlp,stanza,Python,7857,5433,main,565,13028118,Other,576
wizarrrr,wizarr,Python,3139,3449,main,1661,71751443;165797371;174884528,MIT License,577
nvidia,nvflare,Python,952,3092,main,13767,25936324;311494132,Apache License 2.0,578
napari,napari,Python,2719,4620,main,30921,55249612;96509538;227866072;111884190;177624676;73436810;71760238;71760239;315363553;4581520,BSD 3-Clause New or Revised License,579
ccxt,ccxt,Python,43280,97363,master,43913,176969402,MIT License,580
nose-devs,nose2,Python,827,1304,main,114,5227970;19815002,Other,581
blazemeter,taurus,Python,2108,5170,master,117,168085854,Apache License 2.0,582
robocorp,rpaframework,Python,1541,2529,master,242,4295318,Apache License 2.0,583
canonical,netplan,Python,846,1651,main,489,16364174;22372536;3150446;58146842;61584947;61062798,GNU General Public License v3.0,584
canonical,subiquity,Python,582,7781,main,673,308766227;71272004,Other,585
hhursev,recipe-scrapers,Python,2206,2025,main,527,5235875,MIT License,586
fairlearn,fairlearn,Python,2264,1049,main,456,25150073;46548833;46548834;46548835;173832880,MIT License,587
kaifcodec,user-scanner,Python,2918,1159,main,1299,208995607;218601273;218618982,MIT License,588
Cranot,roam-code,Python,502,2409,main,1993,269394964;233463242,Apache License 2.0,589
ipython,ipykernel,Python,734,3058,main,584,4177986;7939119;123908836,BSD 3-Clause New or Revised License,590
hail-is,hail,Python,1069,12171,main,956,260335154;233173311;233574251;302251193,MIT License,591
kinto,kinto,Python,4417,9006,main,620,4261015,Other,592
ossf,cve-bin-tool,Python,1741,3881,main,1786,98120162;18702091;35106276,GNU General Public License v3.0,593
element-hq,synapse,Python,4474,25933,develop,5896,260373606;79289714;79290627,GNU Affero General Public License v3.0,594
evalstate,fast-agent,Python,3873,1944,main,2122,144164394,Apache License 2.0,595
ultimaker,cura,Python,7004,38264,main,2988,29796774;41900451;129934164;131366218;168782080,GNU Lesser General Public License v3.0,596
mandiant,capa,Python,6126,6260,master,1443,2098103;1907180;111421499,Apache License 2.0,597
tradingstrategy-ai,web3-ethereum-defi,Python,823,3351,master,5613,217450978;284015124;284015122;284015136;284015116;284015121;284015111;284015134;284015110;284015129;284015108;284015115;284015120;284015127;284015123;284015113;284015112;284015138;284015132;284015117;284015128;284015119;284015118;284015137,MIT License,598
torch-uncertainty,torch-uncertainty,Python,524,2611,main,359,47306884,Apache License 2.0,599
roboflow,roboflow-python,Python,618,1613,main,431,31765807,Apache License 2.0,600
networkx,networkx,Python,17144,8359,main,6104,2053837;4291325;27358353;57965506,Other,601
PrefectHQ,fastmcp,Python,27001,3835,main,14125,130671182;259202022;316392827,Apache License 2.0,602
qualcomm,aimet,Python,2672,4018,develop,1452,146353733;118210904;118219078;187931566;263708356,Other,603
openakita,openakita,Python,1893,3974,main,646,229006137;242047947,GNU Affero General Public License v3.0,604
polarsource,polar,Python,10151,16644,main,68838,49748567;52465600;194595684;237646349;242932740;253716759,Apache License 2.0,605
numpy,numpy,Python,32468,41667,main,32395,1355765;14074893;29381267;43704816;66870421;66948013;66948014;66948015;66948016;67311712;142112472;168847527;177890185;199712749;215492768;220945848;233037308;257267190,Other,606
guardrails-ai,guardrails,Python,7234,3290,main,636,51110423;193593422;120562095,Apache License 2.0,607
AI-Hypercomputer,maxtext,Python,2376,6343,main,56914,94026906;134905047;187794724;188871671;188871672;194437614;216483621;226481778;264355923;277025374;297910401;297948505,Apache License 2.0,608
audreyfeldroy,cookiecutter-pypackage,Python,4591,1174,main,174,234723625,MIT License,609
open-edge-platform,datumaro,Python,683,1989,develop,1691,48077801,MIT License,610
py-why,dowhy,Python,8239,1221,main,2262,33848431;43023557;33385013;310993734;33848433,MIT License,611
unfoldadmin,django-unfold,Python,3605,1528,main,615,59126217,MIT License,612
fim-ai,fim-one,Python,1377,1732,master,123,246964167,Other,613
python-control,python-control,Python,2055,2898,main,110,49041710;43886076;4898595,BSD 3-Clause New or Revised License,614
oauthlib,oauthlib,Python,2974,1838,master,137,67202054,BSD 3-Clause New or Revised License,615
python,pythondotorg,Python,1645,2445,main,853,8554432,Apache License 2.0,616
materialsproject,pymatgen,Python,1933,26425,main,266,6127269,Other,617
Realiserad,fish-ai,Python,551,1040,main,2255,102917642;102917643,MIT License,618
vas3k,vas3k.club,Python,931,1894,master,255,3181285;3181286,MIT License,619
torchgeo,torchgeo,Python,4125,3277,main,3337,11007052,MIT License,620
Kometa-Team,Kometa,Python,3386,4174,master,5436,100572733;231766363;300922085;325256682,MIT License,621
yelp,paasta,Python,1730,15044,master,729,3797064,Apache License 2.0,622
FuzzyGrim,Yamtrack,Python,3213,2697,dev,1417,47663435,GNU Affero General Public License v3.0,623
gpustack,gpustack,Python,5421,3362,main,4355,97665739,Apache License 2.0,624
apache,airflow,Python,46350,40190,main,59094,1029499;89588669;89898002;89898003;89910948;89915226;89948400;89994620;90728856;112233839;128101930;130189529;151178653;153041333;160036866;160038236;176322373;180332539,Apache License 2.0,625
morpheus65535,bazarr,Python,4175,5252,master,644,6998185;10580962,GNU General Public License v3.0,626
ibis-project,ibis,Python,6615,10168,main,5536,17339503,Apache License 2.0,627
pymysql,mysqlclient,Python,2530,1132,main,143,4081066;1761986,GNU General Public License v2.0,628
music-assistant,server,Python,2910,7390,dev,46824,2533430;115768306,Apache License 2.0,629
stevesolun,ctx,Python,565,1537,main,1038,263114299,MIT License,630
koordinates,kart,Python,675,3144,master,226,702750;204001636;60417557;60417558;60417559,Other,631
modal-labs,modal-examples,Python,1252,1348,main,2934,147487699,MIT License,632
google,vizier,Python,1667,1237,main,452,24697404,Apache License 2.0,633
arabcoders,ytptube,Python,989,1479,dev,549,185329445;78086919;172877593,MIT License,634
tatuylonen,wiktextract,Python,1231,5137,master,434,59463306;81064083,Other,635
posthog,posthog,Python,35018,45600,master,1432969,2111769;2111770;15403144;16049724;20370359;37064207;44420503;101501557;104493645;146007794;150100529,Other,636
okfn-brasil,querido-diario,Python,1362,1921,main,201,3610231,MIT License,637
nilearn,nilearn,Python,1422,11651,main,16407,9477046;61451493;71549417;73578137;84344229;92859893;153724520;158259354;260591317,BSD 3-Clause New or Revised License,638
robosats,robosats,Python,1020,3657,main,316,30200647;30263843;76088388;116061197,GNU Affero General Public License v3.0,639
quantumlib,cirq,Python,5029,4809,main,4336,856755;53990406;62387324;223975754,Apache License 2.0,640
pytest-dev,pytest-bdd,Python,1459,1504,master,158,8090979,MIT License,641
rimsort,rimsort,Python,1203,2599,main,5535,98981295;98648903;104234272;98985855,GNU General Public License v3.0,642
exercism,python,Python,2445,4524,main,1129,1224101;5575552,MIT License,643
make-all,tuya-local,Python,3262,7830,main,7397,201910274;1394134;88181859,MIT License,644
apache,libcloud,Python,2122,10456,trunk,1254,164251;224178973;8716777;4225427,Apache License 2.0,645
contextlab,hypertools,Python,1886,1769,master,184,173604671,MIT License,646
metabrainz,listenbrainz-server,Python,985,15604,master,1228,9155587;7922539;7922724;7916856,GNU General Public License v2.0,647
deep-mi,fastsurfer,Python,624,2139,dev,537,91560999;228007625,Apache License 2.0,648
vacanza,holidays,Python,1911,3977,dev,1830,196068653;325274677;327949477;327550052,MIT License,649
nerevu,riko,Python,1601,1435,master,164,317898073,MIT License,650
semantica-agi,semantica,Python,1514,2144,main,4114,209786028,MIT License,651
cloud-custodian,cloud-custodian,Python,6039,5187,main,822,50224849,Apache License 2.0,652
awslabs,gluonts,Python,5222,1506,dev,1379,49152776;48573608;15524667;31439445;54885888;15747890;15747891;1039339,Apache License 2.0,653
locustio,locust,Python,28037,6523,master,340,5216574,MIT License,654
HolmesGPT,holmesgpt,Python,2977,1526,master,4876,188778725;102989231;186136234;234292488,Apache License 2.0,655
alicevision,meshroom,Python,12862,6076,develop,1534,291995321;291995324,Other,656
joblib,joblib,Python,4380,1626,main,312,126882037,BSD 3-Clause New or Revised License,657
pymc-devs,pytensor,Python,632,32113,main,3341,135183018;40772883,Other,658
567-labs,instructor,Python,13658,1567,main,606,62257050;77322134;312006914,MIT License,659
brian-team,brian2,Python,1205,7189,master,244,280175350;18536248;8743904;199980315,Other,660
blacklanternsecurity,badsecrets,Python,810,1126,main,533,37276380,GNU Affero General Public License v3.0,661
cryptoadvance,specter-desktop,Python,837,2074,master,629,259611441;255560106;258958755;261746766,MIT License,662
datalab-to,marker,Python,38031,1392,master,154,128613506;139199214,Apache License 2.0,663
microsoft,agent-framework,Python,12527,2706,main,47178,165237466;237660414;317807155;236792668;237660415;192860397;176320017;180869731;180822977;176205799,MIT License,664
zyddnys,manga-image-translator,Python,10250,2022,main,103,69821554,GNU General Public License v3.0,665
kevoreilly,capev2,Python,3399,8655,master,1498,88068524;51125842,Other,666
amidaware,tacticalrmm,Python,4406,4671,develop,160,23282928,Other,667
linuxcnc,linuxcnc,Python,2383,35671,master,1322,1051903,GNU General Public License v2.0,668
emersonfelipesp,netbox-proxbox,Python,579,3079,main,5399,8579457;316867212,Apache License 2.0,669
urllib3,urllib3,Python,4046,4406,main,2147,922043,MIT License,670
motioneye-project,motioneye,Python,4648,2736,dev,4683,21599993;21541924,GNU General Public License v3.0,671
Screenly,Anthias,Python,3631,4189,master,8299,38654575;267715044;171470390,Other,672
fpgawars,apio,Python,997,3921,main,1392,168299773;168299776;217236416;217236417;217236418,GNU General Public License v3.0,673
olofk,fusesoc,Python,1443,1606,main,124,3554934,BSD 2-Clause Simplified License,674
google-deepmind,dm-haiku,Python,3267,1066,main,306,625714,Apache License 2.0,675
gmickel,flow-next,Python,660,1123,main,2007,223635833,MIT License,676
python-discord,bot,Python,1589,10362,main,355,3699498;50033390,MIT License,677
pytorch,torchtitan,Python,5577,1886,main,36880,87253170;101131236;164727747;164879251;165154433;167044922;174872852;176100280;176100281;176104388;177684730;177684731;196638044;196682740;198834312;201415380;207683699;207903512;209119792;214438221;227343206;235492768;239673288,BSD 3-Clause New or Revised License,678
wger-project,wger,Python,6559,9318,master,974,3265593,GNU Affero General Public License v3.0,679
inkstitch,inkstitch,Python,1300,3901,main,934,32130;170344297;164041537,GNU General Public License v3.0,680
hypothesis,h,Python,3171,18900,main,1004,41799616,BSD 2-Clause Simplified License,681
yym68686,uni-api,Python,1248,1736,main,564,296234830,Apache License 2.0,682
openmined,pysyft,Python,9931,36701,dev,2238,296106133;296106134;296106135;296110111,Apache License 2.0,683
autogluon,autogluon,Python,10577,2940,master,2778,41138460;17138613,Apache License 2.0,684
dmoj,online-judge,Python,1175,9947,master,174,2773,GNU Affero General Public License v3.0,685
modelcontextprotocol,python-sdk,Python,23829,1020,main,11364,120561784;189075587;225371324,MIT License,686
trailofbits,algo,Python,30336,1344,main,353,178780011;178780012;178782158,GNU Affero General Public License v3.0,687
miurahr,py7zr,Python,555,2064,master,166,1497012,GNU Lesser General Public License v2.1,688
mlrun,mlrun,Python,1690,7876,development,9212,62061776;194661866;2660493;1654818;64122154;57281623;254506200;208386763;5882527;5853495;218005889,Apache License 2.0,689
langflow-ai,openrag,Python,4397,4039,main,25267,274695763;264243741;301674958;238243957;244144842;188769990;195789946,Apache License 2.0,690
hyperledger-cello,cello,Python,918,2076,main,450,315858118;259245955,Apache License 2.0,691
authlib,authlib,Python,5387,1808,main,222,224436;160401,BSD 3-Clause New or Revised License,692
Kludex,starlette,Python,12508,1659,main,1086,187017849,BSD 3-Clause New or Revised License,693
lra,mackup,Python,15273,2468,master,329,1483904,GNU General Public License v3.0,694
latent-to,bittensor,Python,1467,9952,master,1236,99187001;174891496;175590743;185199005;205752211,MIT License,695
mozilla,addons-server,Python,899,64374,master,5781,85204303;132552055,BSD 3-Clause New or Revised License,696
open-webui,open-webui,Python,147512,17819,main,6881,274847778;274847780,Other,697
LibreYOLO,libreyolo,Python,544,1949,release,3712,282437009,Other,698
aws-solutions-library-samples,cloud-intelligence-dashboards-framework,Python,531,1508,main,245,28328123,MIT No Attribution,699
jazzband,pip-tools,Python,8009,2691,main,363,332295,BSD 3-Clause New or Revised License,700
sktime,pytorch-forecasting,Python,4960,2116,main,691,2194137,MIT License,701
Giskard-AI,giskard-oss,Python,5727,10622,main,4227,71281482;73843601;224886005;235346740;235346747,Apache License 2.0,702
huggingface,lerobot,Python,26296,1674,main,14846,88485908;175883724;175885116;256794290;257573583,Apache License 2.0,703
bashtage,arch,Python,1548,1335,main,146,187824036,Other,704
probabl-ai,skore,Python,654,1634,main,10129,160547933,MIT License,705
ev-flow,quark-engine,Python,1701,1088,master,931,83266467;12364440;11104784,GNU General Public License v3.0,706
langbot-app,LangBot,Python,17210,3745,master,5223,127174951;194130269;194134755;204824640;258009421;296673457,Apache License 2.0,707
yzhao062,pyod,Python,9947,2089,master,232,13759659;13758641,BSD 2-Clause Simplified License,708
evennia,evennia,Python,2084,10509,main,184,2639807,BSD 3-Clause New or Revised License,709
hyperopt,hyperopt,Python,7594,1240,master,120,299805150,Other,710
pytorch,ignite,Python,4771,2025,master,1765,1205798;1239983;2908032;3420639;20118195;62930677;30512419,BSD 3-Clause New or Revised License,711
firewalld,firewalld,Python,1036,4228,main,291,9030567;3963104;3963105,GNU General Public License v2.0,712
python,typeshed,Python,5101,11894,main,5200,2529544;21270992;26517052;37903416;64217241,Other,713
hypothesisworks,hypothesis,Python,8836,17751,master,933,4632814;5517263,Other,714
bghira,SimpleTuner,Python,2886,9885,main,1249,68234316;195861215,GNU Affero General Public License v3.0,715
librosa,librosa,Python,8531,3499,main,1527,8835823,ISC License,716
TEN-framework,ten-framework,Python,11007,2051,main,3242,158643435;158556957;176905786,Other,717
bindsnet,bindsnet,Python,1690,2352,master,390,13048908,GNU Affero General Public License v3.0,718
kohya-ss,sd-scripts,Python,7189,2618,main,307,130919236,Apache License 2.0,719
oracle,graalpython,Python,1629,28271,master,861,172428625;183191291;214286775;223060891;223060892;224368763;229353565;276044841;276044842,Other,720
ClawBio,ClawBio,Python,1063,1199,main,631,239767709,MIT License,721
inducer,pudb,Python,3249,1358,main,106,784183,Other,722
DRYTRIX,TimeTracker,Python,613,1682,main,468,190631410;196481943;196481944;222537212;222537213,GNU General Public License v3.0,723
strands-agents,harness-sdk,Python,6759,2326,main,35880,195652802;283624140;283624149;284946455;284946464;284946468,Apache License 2.0,724
spyder-ide,spyder,Python,9280,32297,master,4007,995340;995341;995343;995344;65240002;119224232;144155852,MIT License,725
liangliangyy,djangoblog,Python,7416,1305,master,247,1014766;220509004,MIT License,726
ultralytics,yolov3,Python,10588,2978,master,1012,3703000,GNU Affero General Public License v3.0,727
readthedocs,readthedocs.org,Python,8373,21572,main,675,71775;32687129,MIT License,728
Open-Source-Legal,OpenContracts,Python,1421,12565,main,20939,38289522;177263933;38289523;231859049;306714680;183803884;239746004,MIT License,729
TimeCopilot,timecopilot,Python,583,1024,main,105,169175761,MIT License,730
ethereum,execution-specs,Python,1171,5891,forks/amsterdam,5429,11062642;197530285;197530289;231010740,Creative Commons Zero v1.0 Universal,731
TracecatHQ,tracecat,Python,3750,5570,main,13072,103947983;103948127;178153456;178679384;284388021,GNU Affero General Public License v3.0,732
alltheplaces,alltheplaces,Python,799,16173,master,17849,33014946,Other,733
meta-pytorch,captum,Python,5678,1560,master,1198,68255308;68257197;123838043,BSD 3-Clause New or Revised License,734
aryn-ai,sycamore,Python,604,1574,main,124,91407293;69180420,Apache License 2.0,735
fkie-cad,fact_core,Python,1454,5617,master,606,40129554,GNU General Public License v3.0,736
deeplabcut,deeplabcut,Python,5726,2183,main,2003,200842423;172757694,GNU Lesser General Public License v3.0,737
chonkie-inc,chonkie,Python,4285,2182,main,1140,154059823;217990452,MIT License,738
dbfixtures,pytest-postgresql,Python,525,2570,main,1487,313125299;6835420;6835421;162543910;52944303;275584200;57599447;6835422,GNU Lesser General Public License v3.0,739
THUDM,slime,Python,7708,1565,main,3293,185172832;196684247,Apache License 2.0,740
acl-org,acl-anthology,Python,771,5123,master,4350,4119009;235863487,Apache License 2.0,741
etal,cnvkit,Python,616,2205,master,796,180117180;49179921,Other,742
commixproject,commix,Python,5796,2371,master,110,14464411,Other,743
fortra,impacket,Python,15954,4263,master,413,8044406,Other,744
academysoftwarefoundation,opencue,Python,951,1419,master,1775,1136491;186939380,Apache License 2.0,745
BrianPugh,cyclopts,Python,1215,1899,main,183,74822314,Apache License 2.0,746
microsoft,olive,Python,2367,1967,main,3895,319216055;282916352;282785729,MIT License,747
cisagov,pshtt,Python,694,2077,develop,175,21444224,Creative Commons Zero v1.0 Universal,748
inducer,loopy,Python,634,6504,main,151,783886,MIT License,749
ceccopierangiolieugenio,pytermtk,Python,907,2108,main,597,6641974;169163623,MIT License,750
joke2k,faker,Python,19347,4313,master,323,12936021,MIT License,751
Recol,DLSS-Updater,Python,1105,1253,main,851,222577142,GNU Affero General Public License v3.0,752
confident-ai,deepeval,Python,17312,9888,main,4777,275063426;71103691;190541600;66361785;228509839;225040857;178636974;178636156;228087724;225042849;197529927;228504330;296936934;215005815;326070102;228504329;228504328;286883169;309912615,Apache License 2.0,753
pixeltable,pixeltable,Python,1606,1536,main,2464,88167917;170512526,Apache License 2.0,754
pennylaneai,pennylane,Python,3380,7142,main,61501,1948123;31003767;59389282;59389283;117227027;124404532;126172988;184629473;191862970;204315149,Apache License 2.0,755
jellyfin,jellyfin-kodi,Python,1109,5019,master,380,9913103;9913108,GNU General Public License v3.0,756
kartoffeltoby,better_thermostat,Python,1463,1319,master,3723,221556424,GNU Affero General Public License v3.0,757
frappe,press,Python,544,26648,develop,4997,172071794;49766155,GNU Affero General Public License v3.0,758
globalwordnet,english-wordnet,Python,840,2143,main,168,700888,Other,759
BerriAI,litellm,Python,55246,41870,litellm_internal_staging,605663,148406818;152824204;191606315;227659642;228327339;234402738;235084646;241285951;253003563,Other,760
ag2ai,faststream,Python,5289,1865,main,2566,100239634,Apache License 2.0,761
NVIDIA-NeMo,NeMo,Python,17550,9411,main,30484,82199800;144595386;157603866;158320052;158492905;158492909;158623652,Apache License 2.0,762
cognizant-ai-lab,neuro-san-studio,Python,844,4336,main,3314,262029662;208216668;158362213,Apache License 2.0,763
datachain-ai,datachain,Python,2803,1140,main,2621,112549341;106321614,Apache License 2.0,764
numba,numba,Python,11101,28191,main,1779,153462452;155141997;158921371;160169864;160171744;160172035;167484998;175418972;175418973;175418974;229931407;279289991;293622680,BSD 2-Clause Simplified License,765
pablolec,recoverpy,Python,1782,1450,main,305,23084663,GNU General Public License v3.0,766
vyos,vyos-build,Python,1293,3673,rolling,1659,115971759;189806625;248388636,GNU General Public License v2.0,767
swirlai,swirl-search,Python,3038,4958,main,168,51991732;92309953;92743022,Apache License 2.0,768
iterativv,nostalgiaforinfinity,Python,3346,26015,main,2242,170065386;182000853;327114039,GNU General Public License v3.0,769
archlinux,archinstall,Python,8364,4807,master,5349,7782409;17494648;19802833;281164774,GNU General Public License v3.0,770
onionshare,onionshare,Python,7047,5743,main,244,36280079;36267796,Other,771
rongronggg9,rss-to-telegram-bot,Python,2129,1517,dev,101,35285603,GNU Affero General Public License v3.0,772
elastic,ecs,Python,1116,1093,main,886,52586191;5348719,Apache License 2.0,773
kornia,kornia,Python,11298,3291,main,1466,40774995;41163621;45417512;60183984,Apache License 2.0,774
offa,android-foss,Python,10701,1244,master,314,3549172,GNU General Public License v3.0,775
lark-parser,lark,Python,5944,2130,master,218,886876,MIT License,776
microsoft,playwright-python,Python,14865,1073,main,272,1811974,Apache License 2.0,777
astroautomata,PySR,Python,3659,2866,master,2503,5622654;9732565;111001362;19736307;18500916;9732863;225338536,Apache License 2.0,778
ckan,ckan,Python,5083,28402,master,1109,14441024;115996408,Other,779
biopython,biopython,Python,5143,16310,master,106,11822971,Other,780
git-big-picture,git-big-picture,Python,560,1849,main,582,4538347,GNU General Public License v3.0,781
buddy-compiler,buddy-mlir,Python,746,1491,main,941,19011244;240838376;260801763,Apache License 2.0,782
adbar,trafilatura,Python,6380,1635,master,289,11633186,Apache License 2.0,783
deepset-ai,haystack,Python,26074,5930,main,27701,25717011;50357753;156738173;198161562;215330123,Apache License 2.0,784
PennyLaneAI,demos,Python,675,1406,master,3126,146780921;157346985;165073385;165073386;169610482,Apache License 2.0,785
babybuddy,babybuddy,Python,2791,1928,master,211,9214623,BSD 2-Clause Simplified License,786
django,djangoproject.com,Python,2009,3438,main,1205,312376079;215796025;11918852,BSD 3-Clause New or Revised License,787
huggingface,accelerate,Python,9802,1996,main,1403,7167731;21557831;21641970;26849237;36050882;60239755;60240552;102175948;164327715,Apache License 2.0,788
espnet,espnet,Python,9905,26246,master,7332,63984812;63984814;63984815;63984816;185065953;299898647,Apache License 2.0,789
ganeti,ganeti,Python,578,16544,master,276,34450,BSD 2-Clause Simplified License,790
jellyfin,jellycon,Python,529,1854,master,209,15949148;15949153,GNU General Public License v2.0,791
django-guardian,django-guardian,Python,3909,1447,main,143,6981383,Other,792
andreafrancia,trash-cli,Python,4450,2047,master,164,34486185,GNU General Public License v2.0,793
thomaspinder,gpjax,Python,643,1529,main,1691,52100131;60401016,MIT License,794
microsoft,apm,Python,3419,1729,main,27180,249735200;238019698;249845006;237673037;267973438;314298314,MIT License,795
pex-tool,pex,Python,4217,2052,main,895,140339416;5511106;115909487;143081548,Apache License 2.0,796
sipyourdrink-ltd,bernstein,Python,654,3570,main,73828,252795263;252925638;257869004;259267672;273819625,Apache License 2.0,797
voicevox,voicevox_engine,Python,1741,1196,master,232,12408341;96096189;98603547;139363456;163372373,Other,798
voicepaw,so-vits-svc-fork,Python,9328,1070,main,476,51283943,Other,799
translate,translate,Python,963,10306,master,4467,189679026;75257774,GNU General Public License v3.0,800
rapidsai,cuml,Python,5242,16904,main,5282,43668198;43668199,Apache License 2.0,801
quodlibet,quodlibet,Python,1744,12191,main,485,1626392;73410137,GNU General Public License v2.0,802
facebookresearch,detectron2,Python,34639,1564,main,231,1814735,Apache License 2.0,803
fastapi,typer,Python,19847,1720,master,6713,276663482;199391775;91590470;1929572,MIT License,804
xorbitsai,inference,Python,9469,2084,main,2384,315159750;321200809;61985114,Apache License 2.0,805
pythonarcade,arcade,Python,2052,6328,development,278,13866451;35772984,Other,806
sigmahq,sigma,Python,10832,16852,master,2882,76843198;200739096;888112;200097170,Other,807
goauthentik,authentik,Python,22571,23438,main,82381,12671903;12672023;12672776;25758724;128834811;140935204,Other,808
holoviz,holoviews,Python,2898,11251,main,1124,23313261;23987285;23308698,BSD 3-Clause New or Revised License,809
pypa,packaging,Python,745,1107,main,2533,209191;33828,Other,810
mailu,mailu,Python,7400,5161,master,202,303506820,Other,811
quantecon,quantecon.py,Python,2383,1797,main,262,23928562;112296283,MIT License,812
cz-nic,pyoidc,Python,747,2775,master,123,5768632,Other,813
pybamm-team,pybamm,Python,1626,16219,main,2195,1281463;57615785;297648805,BSD 3-Clause New or Revised License,814
nixtla,neuralforecast,Python,4224,1397,main,1097,172343447,Apache License 2.0,815
aiogram,aiogram,Python,5812,2220,dev-3.x,323,78982,MIT License,816
zhayujie,CowAgent,Python,46262,2307,master,727,294437115,MIT License,817
canonical,microk8s,Python,9347,1473,master,548,1338350;692292;19950366,Apache License 2.0,818
getlogbook,logbook,Python,1505,1682,main,286,59786457;64377004,Other,819
modelscope,ms-swift,Python,15016,3528,main,4087,70640339;211093525;70640338,Apache License 2.0,820
mage-ai,mage-ai,Python,8780,5787,master,267,28206778,Apache License 2.0,821
psf,black,Python,41773,2289,main,3220,27023;219511675,MIT License,822
pallets,click,Python,17599,3309,main,1316,281986884;228387040;641345,BSD 3-Clause New or Revised License,823
blade-build,blade-build,Python,2105,1626,master,2920,282931841;277810454,Other,824
django-treebeard,django-treebeard,Python,1216,1003,master,284,6057325,Apache License 2.0,825
pachterlab,gget,Python,1126,3486,main,472,299852133;25652254,BSD 2-Clause Simplified License,826
beeware,briefcase,Python,3326,5273,main,1182,42349;185739,BSD 3-Clause New or Revised License,827
MODSetter,SurfSense,Python,15668,8087,main,1746,212866515;243008981;272846783,Other,828
jwillemsen,daikin_onecta,Python,573,1676,master,984,89229179,GNU General Public License v3.0,829
jessielw,Reclaimerr,Python,535,1319,main,651,259865882;326545113,GNU General Public License v3.0,830
opendatacube,datacube-core,Python,586,8190,develop,887,3155,Apache License 2.0,831
eleutherai,lm-evaluation-harness,Python,13295,4037,main,325,63330626,MIT License,832
centerforopenscience,osf.io,Python,731,56062,develop,653,5836225,Apache License 2.0,833
EvoAgentX,EvoAgentX,Python,3130,1167,main,131,156372744,Other,834
getkeops,keops,Python,1188,4660,main,177,282139043;282139042;282139044;185068209,MIT License,835
omnigent-ai,omnigent,Python,6298,1127,main,332373,297569476;297525619;293851716;318370480;298005416;293851718;293851719;309816866,Apache License 2.0,836
pycqa,isort,Python,6948,4713,main,340,204225298,MIT License,837
tortoise,tortoise-orm,Python,5605,1510,develop,358,3592484,Apache License 2.0,838
ardupilot,mavproxy,Python,588,3436,master,172,226533700;80682366;11651613,GNU General Public License v3.0,839
boto,boto3,Python,9869,7788,develop,1282,254385461;77041194;3275022,Apache License 2.0,840
home-assistant,supervisor,Python,2195,5839,main,4543,3168090;1790541,Apache License 2.0,841
microsoft,pyright,Python,15560,8540,main,753,49425600,Other,842
donkie,spoolman,Python,2656,1430,master,853,62716233,MIT License,843
aws,aws-sdk-pandas,Python,4117,2781,main,2866,45838237;6533826,Apache License 2.0,844
ericsson,codechecker,Python,2592,7332,master,1788,3929973,Apache License 2.0,845
frappe,erpnext,Python,37492,60507,develop,48310,287387938;83650754;169655936;83650755;17226354;17226355,GNU General Public License v3.0,846
deepmodeling,deepmd-kit,Python,1995,3924,master,19163,6129352;5525696;294585426;39919351;70106186;6126933;69983009;5525695,GNU Lesser General Public License v3.0,847
dpkp,kafka-python,Python,5900,2969,master,1097,259502575,Apache License 2.0,848
ansible,awx,Python,15505,34961,devel,4109,11432146;22449369,Other,849
strawberry-graphql,strawberry,Python,4697,4061,main,3986,9785;46659907;152049908,MIT License,850
giampaolo,psutil,Python,11225,6723,master,2185,4336318,BSD 3-Clause New or Revised License,851
reagento,dishka,Python,1224,1830,develop,301,276186098;278655567,Apache License 2.0,852
pipeshub-ai,pipeshub-ai,Python,3027,2427,main,20264,261493494;277862083;277862084;277849995;195465256;195465255;251420790,Apache License 2.0,853
kivymd,kivymd,Python,2456,5086,master,732,1567165;1572178,MIT License,854
openedx,openedx-platform,Python,8151,68574,master,30400,54010187;94521051;12670523;67706541;9519686;13667930;89313156;83379344,GNU Affero General Public License v3.0,855
spesmilo,electrumx,Python,564,2393,master,170,276870344,MIT License,856
ultralytics,yolov5,Python,57781,3025,master,1585,1899402,GNU Affero General Public License v3.0,857
VRSEN,agency-swarm,Python,4511,2626,main,607,223325013;166897933,MIT License,858
kovidgoyal,calibre,Python,25487,54194,master,2220,6052,GNU General Public License v3.0,859
github,awesome-copilot,Python,37316,2137,main,21706,250019796,MIT License,860
skforecast,skforecast,Python,1524,6343,master,399,307607429;30800549,BSD 3-Clause New or Revised License,861
astropy,astropy,Python,5248,41567,main,18510,3569953;3604640;3937789;58952560;80115523;197625502;218101087,BSD 3-Clause New or Revised License,862
greyhaven-ai,autocontext,Python,1258,1978,main,1061,233253954,Apache License 2.0,863
SeemSeam,claude_codex_bridge,Python,3347,1608,main,1824,224118722;222358318,Other,864
twisted,twisted,Python,5973,31695,trunk,413,2745103,Other,865
catalyst-cooperative,pudl,Python,599,11145,main,5963,75976992;289332522,MIT License,866
earthaccess-dev,earthaccess,Python,620,1685,main,2234,121520921;64829664;78426815;12688879,MIT License,867
wireservice,agate,Python,1198,1611,master,188,11270837,MIT License,868
online-ml,river,Python,5899,4239,main,993,130305181,BSD 3-Clause New or Revised License,869
Project-N-E-K-O,N.E.K.O,Python,1974,2445,main,31138,280576545;328441759;238425575;292704720;324435379;321225468,Apache License 2.0,870
datafolklabs,cement,Python,1348,1996,main,148,160306158;98839488,BSD 3-Clause New or Revised License,871
langchain-ai,langsmith-sdk,Python,994,2965,main,7085,131615138;221617609,MIT License,872
nuclia,nucliadb,Python,719,3934,main,3590,64904096;77747195;97059972,Other,873
pgmpy,pgmpy,Python,3304,3650,dev,5125,247882642;65818;242516873;247326107;270114631,MIT License,874
xoolive,traffic,Python,503,1605,master,168,7557565,MIT License,875
enthought,mayavi,Python,1407,3395,main,431,320839407,Other,876
bojieli,ai-agent-book,Python,29051,1292,main,1343,317131043;323797279;318183377,Apache License 2.0,877
microsoft,azurelinux,Python,5302,1119,4.0,42455,2282703;90814402;166071490,MIT License,878
cocotb,cocotb,Python,2461,5434,master,1585,25633767;14810012;26387121;89577466;236777688;2736574,BSD 3-Clause New or Revised License,879
geekcomputers,python,Python,35148,5139,master,103,175678444,MIT License,880
transferwise,pipelinewise,Python,659,1306,master,394,21302556;21302557,Apache License 2.0,881
datalab-to,surya,Python,21183,1008,master,133,134244067;139640896,Apache License 2.0,882
statsmodels,statsmodels,Python,11546,16556,main,2187,194089696;190152596;101421232,BSD 3-Clause New or Revised License,883
crossbario,autobahn-python,Python,2541,3548,master,1097,6805298,Other,884
healthchecks,healthchecks,Python,10202,3877,master,427,3746939;65093040,BSD 3-Clause New or Revised License,885
karlicoss,hpi,Python,1618,1254,master,134,1058069,MIT License,886
pewdiepie-archdaemon,odysseus,Python,82087,1896,dev,21781,288642680;288629783;288629784,GNU Affero General Public License v3.0,887
oliver-zehentleitner,unicorn-binance-websocket-api,Python,737,3030,master,227,21260004,MIT License,888
gcovr,gcovr,Python,990,1254,main,172,112600287;112600140,Other,889
scverse,scanpy,Python,2529,3852,main,2213,326995941;149764960,BSD 3-Clause New or Revised License,890
pypy,pypy,Python,1778,71391,main,939,81454327,Other,891
pyvisa,pyvisa,Python,945,1585,main,102,1154464,MIT License,892
pygments,pygments,Python,2196,7272,master,336,10777,BSD 2-Clause Simplified License,893
rthalley,dnspython,Python,2666,2666,main,165,86422662,Other,894
Open-Source-Legal,cite,Python,1345,11764,main,20939,38289522;177263933;38289523;231859049;306714680;183803884;239746004,MIT License,895
pytorch,TensorRT,Python,2984,5090,main,13874,67763067;96310659;186394567;186394568;206834204;206846134;206846136;273888446;304940321;304970162;306862201,BSD 3-Clause New or Revised License,896
alirezarezvani,claude-skills,Python,23487,1286,main,2776,203944734,MIT License,897
bobotig,python-mss,Python,1277,1045,main,161,38779067,MIT License,898
mlco2,codecarbon,Python,1890,2853,master,2103,153254838;153254839;2488475;303520369;156731805,MIT License,899
cloud-cv,evalai,Python,2038,2772,master,2108,154745449,Other,900
moesnow,March7thAssistant,Python,11112,2514,main,434,279960103,GNU General Public License v3.0,901
microsoft,Multi-Agent-Custom-Automation-Engine-Solution-Accelerator,Python,862,4421,main,2024,138187586;213177372;166429876,MIT License,902
bottlesdevs,bottles,Python,8643,6509,main,347,35007243,GNU General Public License v3.0,903
spotify,luigi,Python,18755,4320,master,228,7276887,Apache License 2.0,904
overhangio,tutor,Python,1122,2346,release,387,306011055;296836369;296836371;9125466,GNU Affero General Public License v3.0,905
qpsolvers,qpsolvers,Python,757,2348,main,186,97398420,GNU Lesser General Public License v3.0,906
1CatAI,1Cat-vLLM,Python,568,17115,main,721,244206328,Apache License 2.0,907
future-agi,future-agi,Python,1544,3574,main,21563,268992129;273556633;283363553;322115350,Apache License 2.0,908
dcs-liberation,dcs_liberation,Python,791,4754,develop,225,2798719;12252523,GNU Lesser General Public License v3.0,909
misp,misp-galaxy,Python,632,5120,main,156,16596826,Other,910
NVIDIA-NeMo,Guardrails,Python,6848,3761,develop,10027,130874335;289094166;124717517;142126527;210840293;124715639;124717348;158031435,Other,911
suitenumerique,docs,Python,16698,2274,main,5640,142752491;260137873;233432953,MIT License,912
guessit-io,guessit,Python,925,1146,develop,656,4453605,GNU Lesser General Public License v3.0,913
owasp,nettacker,Python,5471,2777,master,458,5376768;74229190,Apache License 2.0,914
pypa,hatch,Python,7207,1096,master,971,97429118;17077295;17077296;99288339;15647431,MIT License,915
coleifer,huey,Python,5994,1213,master,101,4310913;220994953,MIT License,916
nginx-proxy,nginx-proxy,Python,19888,1716,main,326,7403134,MIT License,917
pytorch,ao,Python,2923,2724,main,15096,175568755;175568756;175568754;98509128;208786589;208786586;318999881;175090563;175090564;175414715;214774813;95674359;175426321;89543087;186964482;213378605;323151392;323151388;145551631;138916333,Other,918
freqtrade,technical,Python,1020,1745,main,338,1454658,GNU General Public License v3.0,919
keras-team,keras,Python,64195,12593,master,10849,70313035;206171576;218926914,Apache License 2.0,920
xtekky,gpt4free,Python,66514,4423,main,692,183227046;82322506,GNU General Public License v3.0,921
OpenSquilla,opensquilla,Python,6442,1100,main,7715,272182583;303174435;319417962,Apache License 2.0,922
wenet-e2e,wenet,Python,5143,1622,main,120,24139911;23997454;15524892;25201200;24274537,Apache License 2.0,923
vipshop,cache-dit,Python,1240,1166,main,909,222696813;218175426;222783231,Apache License 2.0,924
Checkmk,checkmk,Python,2326,107120,master,2032,11757339,GNU General Public License v2.0,925
intuitem,ciso-assistant-community,Python,4301,7645,main,24757,85616533;241385215;241377196;85616538;85616539;85616540,Other,926
unionai-oss,pandera,Python,4413,1203,main,260,4104594,MIT License,927
jazzband,django-axes,Python,1692,1941,master,278,3849394,MIT License,928
ansible,ansible-runner,Python,1076,1677,devel,128,12670892,Other,929
seleniumbase,seleniumbase,Python,12907,10163,master,470,62170;49329083;49329084;49329085,MIT License,930
topscoder,nuclei-wordfence-cve,Python,1272,127006,main,194,74733373,MIT License,931
run-llama,llama_index,Python,51275,7872,main,6154,41350517;42224236;160028219;172211110,MIT License,932
ultrabug,py3status,Python,910,4783,master,758,4255019,BSD 3-Clause New or Revised License,933
yukinarit,pyserde,Python,853,1174,main,121,3255171,MIT License,934
robusta-dev,robusta,Python,3068,2283,master,726,11214472,MIT License,935
MoonshotAI,kimi-cli,Python,11030,1381,main,2108,225236889;255001447;221512601;221746657;221512602;218851989;218851988,Apache License 2.0,936
Significant-Gravitas,AutoGPT,Python,185747,8865,master,38214,118463397;118463398;118463401;118489868;118504850;181568843,Other,937
IBM,mcp-context-forge,Python,4172,3076,main,38350,176951584;261386713;198233352,Apache License 2.0,938
Sollumz,Sollumz,Python,641,1818,main,101,77339650,GNU General Public License v3.0,939
skrub-data,skrub,Python,1645,2274,main,9298,3710643;106182341;10686055,BSD 3-Clause New or Revised License,940
mlcommons,inference,Python,1607,2006,master,1800,264685190;167689535;60835870;141720988;38914964;40884032;40883176;133211396;60835871;313873011;93289632;136772872;60839526,Apache License 2.0,941
lumiwealth,lumibot,Python,1864,5473,dev,999,67020422,GNU General Public License v3.0,942
codespell-project,codespell,Python,2406,5534,main,545,149560672;191538316,GNU General Public License v2.0,943
pyca,cryptography,Python,7683,15638,main,2648,444829;189598471;824470,Other,944
meilisearch,meilisearch-python,Python,599,2530,main,161,3578468,MIT License,945
google-deepmind,optax,Python,2306,2011,main,955,5852787,Apache License 2.0,946
rbonghi,jetson_stats,Python,2605,2215,master,341,5237328,GNU Affero General Public License v3.0,947
python,cpython,Python,74004,132593,main,68479,6676;737226;53251905;142310910;224267686,Other,948
NeptuneHub,AudioMuse-AI,Python,2364,3125,main,14404,202281435;205008999;228841375;234925848;286395478;287913463;290090587;290726828,GNU Affero General Public License v3.0,949
harvard-edge,cs249r_book,Python,27669,19138,dev,5205,213434027;213829562;219228537,Other,950
airweave-ai,airweave,Python,6428,4775,main,384,165098553;188078118;222374815;245314219;245314237,MIT License,951
docker,docker-py,Python,7203,3463,main,129,4183577,Apache License 2.0,952
vinta,awesome-python,Python,311403,2509,master,457,255709461,Other,953
jupyterhub,kubespawner,Python,607,1819,main,177,3632635,BSD 3-Clause New or Revised License,954
huggingface,smolagents,Python,28598,1052,main,394,135597030;135597031;136645710,Apache License 2.0,955
pingcap,docs,Python,617,7446,master,17226,15148405;31807863,Other,956
NVIDIA-NeMo,Megatron-Bridge,Python,840,2497,main,61598,171318879;285778560;164567807;164567808;169079580;284567072,Apache License 2.0,957
posit-dev,py-shiny,Python,1742,2148,main,2202,14372093;177011635;177330337,MIT License,958
selkies-project,selkies,Python,1958,1323,main,714,327119492;327119493;327207814;327674453,Mozilla Public License 2.0,959
wandb,wandb,Python,11214,9603,main,15866,69329045,MIT License,960
basicmachines-co,basic-memory,Python,3543,1623,main,8363,142088482,GNU Affero General Public License v3.0,961
google,turbinia,Python,791,1217,master,275,3730765;5537959,Apache License 2.0,962
huggingface,peft,Python,21472,1819,main,2185,52787028;52190761;70655802;55346684;86009362;52090442;69773145;133820791,Apache License 2.0,963
pst-group,pysystemtrade,Python,3412,4842,develop,155,127424452;6606666;6607785,GNU General Public License v3.0,964
fivetran,great_expectations,Python,11686,13711,develop,4802,62746808;199406792,Apache License 2.0,965
koxudaxi,datamodel-code-generator,Python,3987,2250,main,26088,143269336,MIT License,966
Arize-ai,phoenix,Python,10405,8972,main,89350,170244139;202589482;328199279;315605630,Other,967
opendatalab,MinerU,Python,76382,5712,master,1185,95364347,Other,968
voila-dashboards,voila,Python,5933,1486,main,225,433869;5000;10756141,Other,969
Kludex,uvicorn,Python,10875,1528,main,1139,188924448,BSD 3-Clause New or Revised License,970
jasonacox,tinytuya,Python,1684,1158,master,293,30212081;13332672,MIT License,971
aristoteleo,dynamo-release,Python,506,4341,master,146,2102077;12639263,BSD 3-Clause New or Revised License,972
paddlepaddle,fastdeploy,Python,3704,5369,develop,14220,181501381;179998081;224211317;198049499;189667688;240939313;224798327;218631294;178300753;182540337;177316355;224211318;224211319;275108158;248905583;248328325;248328327,Apache License 2.0,973
mongodb,mongo-python-driver,Python,4350,6713,main,4337,227655372;16140922;230605676,Apache License 2.0,974
stanfrbd,cyberbro,Python,671,2068,main,219,129207888,MIT License,975
The-PR-Agent,pr-agent,Python,12330,5078,main,2432,65842218;109553922,MIT License,976
elastic,rally,Python,2029,2679,master,531,48561910,Apache License 2.0,977
yutto-dev,yutto,Python,1952,1045,main,2923,10600610;19756374,GNU General Public License v3.0,978
nesquena,hermes-webui,Python,16794,7642,master,23811,259769342,MIT License,979
feeluown,feeluown,Python,3929,1798,master,222,17993209,GNU General Public License v3.0,980
svenskaspel,locust-plugins,Python,666,1106,master,114,12602812,Apache License 2.0,981
reflex-dev,reflex,Python,28740,3279,main,13808,64615000;64615751;120739678;140758233;264405013;278401401;119186142,Apache License 2.0,982
opensandbox-group,OpenSandbox,Python,12269,2092,main,10630,216661950;216677533;217850612;221382333;221647887;241831288;248921575;250160658;326766061,Apache License 2.0,983
tobymao,sqlglot,Python,9488,8008,main,2993,165711277;207590763;208917310,MIT License,984
ipython,traitlets,Python,654,2055,main,430,7762155;7762156,BSD 3-Clause New or Revised License,985
cert-polska,artemis,Python,1191,2466,main,4580,279576307;293706710;279576305;83785127,BSD 3-Clause New or Revised License,986
micropython,micropython-lib,Python,2837,1746,master,940,47035740;102647328,Other,987
InternLM,xtuner,Python,5171,1330,main,3901,229520295;291218687;291218688;191431353,Apache License 2.0,988
axolotl-ai-cloud,axolotl,Python,12290,2882,main,3274,56537682;56494356;113667900;58475624,Apache License 2.0,989
pypa,pipenv,Python,25046,9745,main,328,920310,MIT License,990
nixtla,statsforecast,Python,4853,1453,main,857,15622683;235024700,Apache License 2.0,991
volcengine,OpenViking,Python,27711,1878,main,14568,230398076;230398081;230398082;230398083;233875573;251029939;255229801;264429918;264749231,GNU Affero General Public License v3.0,992
vega,altair,Python,10442,4023,main,1270,204893217;290696606,BSD 3-Clause New or Revised License,993
cobbler,cobbler,Python,2763,9980,main,1334,4856096;4856097;14435007;42651054,GNU General Public License v2.0,994
h5py,h5py,Python,2242,5316,master,787,102194440,BSD 3-Clause New or Revised License,995
Mirascope,mirascope,Python,1520,6370,main,386,171015063,MIT License,996
hipo,university-domains-list,Python,1641,1833,master,129,285130800,MIT License,997
facebook,Ax,Python,2783,5401,main,522,3694379;68591972;161067077,MIT License,998
brainpy,brainpy,Python,697,3789,main,625,46862325;51460459,GNU General Public License v3.0,999
mlb-led-scoreboard,mlb-led-scoreboard,Python,695,1301,master,613,255197968,GNU General Public License v3.0,1000
NVIDIA,NeMo-Retriever,Python,2957,1550,main,7963,229604092;221458148;261452034;285099832;238696906;240647508,Apache License 2.0,1001
Open-Wine-Components,umu-launcher,Python,3529,1341,main,399,122528325;144513211;202586765;319985606;141343414;106173057;312635510;143253311;123493363;127948784,GNU General Public License v3.0,1002
nipy,nibabel,Python,782,6426,master,104,3771484;228724775;244713751,Other,1003
arc53,docsgpt,Python,18186,5066,main,3747,66206239;251473078,MIT License,1004
openmc-dev,openmc,Python,1073,16002,develop,1343,4254951,Other,1005
NovaSky-AI,SkyRL,Python,2107,1165,main,5417,181159668;219943384;226732925;267436870;275734320;275734321;276546168;287308581,Apache License 2.0,1006
OpenBB-finance,OpenBB,Python,71235,6863,develop,3812,98065311;98065811;197621448;197621449;197621450;197865009;197865010;197865011;198790476;221275932;267537795;273528341;273615938;274940867;277659844;277735047;277997782;278907524,Other,1007
Taiko2k,Tauon,Python,2761,5381,master,1439,181707891,GNU General Public License v3.0,1008
facebookresearch,fairseq2,Python,1142,1459,main,139,66940750;66940751;67244699;67736094;66940762;67578048;66940763;66940764;66940765,MIT License,1009
facebookresearch,hydra,Python,10557,2090,main,2836,124036604,MIT License,1010
modelscope,modelscope,Python,9061,2923,master,681,36940139;36940092,Apache License 2.0,1011
Pennyw0rth,NetExec,Python,5738,6699,main,1055,73099871;80296483;80296484,BSD 2-Clause Simplified License,1012
pollen-robotics,reachy_mini,Python,1367,2872,main,2288,217108230;215416729;169708561;235798525,Apache License 2.0,1013
UKGovernmentBEIS,inspect_evals,Python,610,2606,main,14055,243434698;120481976;220982845;237157650;262228573,MIT License,1014
jupyter,docker-stacks,Python,8447,4298,main,1148,2135467;64567746,BSD 3-Clause New or Revised License,1015
geomstats,geomstats,Python,1506,11058,main,362,16464913;102512169,MIT License,1016
samuelclay,newsblur,Python,7565,20409,main,317,44527312;256562705;194408297,MIT License,1017
kyegomez,swarms,Python,7014,5171,master,2472,62233082;77178107;172628582;199812800,Apache License 2.0,1018
beartype,beartype,Python,3475,1919,main,485,5682373,MIT License,1019
NVIDIA,NeMo-Agent-Toolkit,Python,2541,1447,develop,1259,153192639;153115420,Apache License 2.0,1020
ok-oldking,ok-wuthering-waves,Python,6917,1981,master,1200,128140983;154003279,GNU Affero General Public License v3.0,1021
sublimelsp,lsp,Python,1792,2616,main,635,286525990;259431862,MIT License,1022
pyav-org,pyav,Python,3252,2079,main,202,230559;18590,BSD 3-Clause New or Revised License,1023
rhinstaller,anaconda,Python,635,41740,main,3545,4098256;7651186;9942357;31710647;57684270;67711621,GNU General Public License v2.0,1024
abrignoni,ileapp,Python,1137,4972,main,856,236822666;323896114,MIT License,1025
mdtraj,mdtraj,Python,726,3480,main,169,142815429;7501811,GNU Lesser General Public License v2.1,1026
vllm-project,guidellm,Python,1454,1212,main,2442,209273490;283693647,Apache License 2.0,1027
asdf-format,asdf,Python,563,4949,main,1277,7041717;107356153,BSD 3-Clause New or Revised License,1028
pallets,werkzeug,Python,6874,5940,main,227,1319837,BSD 3-Clause New or Revised License,1029
facelessuser,pymdown-extensions,Python,1126,1947,main,296,12219,Other,1030
googleapis,google-cloud-python,Python,5358,63333,main,37759,38180285;245386736;245386742;245386757;251761901;260014940;262528984;274990199;285825649;321418373,Apache License 2.0,1031
pymc-labs,causalpy,Python,1167,1808,main,3605,41458838;217663444,Apache License 2.0,1032
HKUSTDial,flash-sparse-attention,Python,744,2331,main,155,187343622,BSD 3-Clause New or Revised License,1033
spack,spack,Python,5099,42197,develop,4576,6742856;10266418;33568356;171010733;175353055;288812116,Apache License 2.0,1034
EvolvingLMMs-Lab,lmms-eval,Python,4343,1814,main,583,173618009,Other,1035
airspeed-velocity,asv,Python,1006,2861,main,199,66737990;18859910;57818717,BSD 3-Clause New or Revised License,1036
mozilla,kitsune,Python,1636,12723,main,653,78282509,BSD 3-Clause New or Revised License,1037
sunnypilot,sunnypilot,Python,2034,18369,master,3804,134368767;134386313;138343108;174250361;174250362;187315953;206904453,MIT License,1038
RachelForster,Shinsekai,Python,525,1280,main,4585,273612192,Other,1039
nlweb-ai,NLWeb,Python,6242,1184,main,183,229150276,MIT License,1040
openai,openai-agents-python,Python,28326,1859,main,2923,149114105,MIT License,1041
Osmantic,ODS,Python,3839,3145,main,30731,310544774;319059588;243347002;303254482,Apache License 2.0,1042
cartography-cncf,cartography,Python,3988,1992,master,2838,5486321,Apache License 2.0,1043
hanxi,xiaomusic,Python,9978,2021,main,238,84804280,MIT License,1044
python-cmd2,cmd2,Python,688,4984,main,1178,164182938,MIT License,1045
conan-io,conan,Python,9462,9882,develop2,1096,286845169;186616431;119068580;119113289;124135226,MIT License,1046
chopratejas,headroom,Python,36064,1642,main,43248,289380904;221548883;302608833,Apache License 2.0,1047
pallets,flask,Python,72013,5545,main,265,1367898;171439483,BSD 3-Clause New or Revised License,1048
saltstack,salt,Python,15585,125580,master,15913,1141961;43109303;46464431;46464434;49744933;72313552;145210917;146407868,Apache License 2.0,1049
NPC-Worldwide,npcpy,Python,1455,1584,main,183,224020966,MIT License,1050
sqlalchemy,alembic,Python,4288,2057,main,102,3222010;3222011,MIT License,1051
robotframework,robotframework,Python,11790,15521,master,430,58623;3339716;29660;3339715;117501493,Apache License 2.0,1052
bayesflow-org,bayesflow,Python,727,2881,main,1132,289267340;102709431,MIT License,1053
langchain-ai,open-swe,Python,10419,1169,main,5197,237868456;163457236,MIT License,1054
wagtail,wagtail,Python,20423,20252,main,1253,297082956;3398399,BSD 3-Clause New or Revised License,1055
pydata,bottleneck,Python,1182,1432,master,218,20309354,BSD 2-Clause Simplified License,1056
farama-foundation,gymnasium,Python,12257,2619,main,1036,115527540;152619737,MIT License,1057
odysseus-dev,odysseus,Python,84409,1973,dev,21781,288642680;288629783;288629784,GNU Affero General Public License v3.0,1058
Priivacy-ai,spec-kitty,Python,1469,7733,main,20247,235880178;260818065;325396198;229259899;240332319,MIT License,1059
frappe,hrms,Python,8311,10919,develop,5540,288275031;140893584;27770315;258427888;258427890;235663162,GNU General Public License v3.0,1060
jrnl-org,jrnl,Python,7286,2040,main,256,32473907;16204172;16204171,GNU General Public License v3.0,1061
mindee,doctr,Python,6201,1054,main,1860,4877288;10479460,Apache License 2.0,1062
cloudtools,troposphere,Python,4945,3357,main,112,9948670,BSD 2-Clause Simplified License,1063
Cyberdrop-DL,cyberdrop-dl,Python,706,5598,main,3771,185301332;193342385;196006285,GNU General Public License v3.0,1064
pretix,pretix,Python,2473,14750,master,3480,57124369;1088395,Other,1065
Scottcjn,Rustchain,Python,504,3560,main,66880,231916269;234092327;242833214;259967436;262301694;244490605;234187113,Apache License 2.0,1066
pypa,pip,Python,10242,16184,main,1278,3338359;306943941,MIT License,1067
oumi-ai,oumi,Python,9367,2213,main,2854,137976244;176442458;136896065;176422551;100976739,Apache License 2.0,1068
wecode-ai,Wegent,Python,604,2098,main,22818,222394065;222394068,Apache License 2.0,1069
hotosm,tasking-manager,Python,591,6631,develop,289,161728962;170919603;170919604;296681819,BSD 2-Clause Simplified License,1070
pytorch,rl,Python,3508,2727,main,33573,36603655;60501564;67873401;79519303;82165821;82165822;106193613;106193614;117108731;128761754;149027642;228069683;228302132;228688555;230019340;269538879,MIT License,1071
crowdstrike,falconpy,Python,509,2420,main,447,7799627;7799628;7799629;16984472;16984473;17046372,The Unlicense,1072
mnot,redbot,Python,552,2661,main,173,26872301,Other,1073
commaai,opendbc,Python,3312,2844,master,3404,583480,MIT License,1074
sqlmapproject,sqlmap,Python,38066,11007,master,214,13671660,Other,1075
python,devguide,Python,2093,2266,main,456,8618742,Creative Commons Zero v1.0 Universal,1076
wrye-bash,wrye-bash,Python,549,8196,dev,142,1184904,GNU General Public License v3.0,1077
mapproxy,mapproxy,Python,665,4270,master,370,11969665;80207859,Apache License 2.0,1078
dedsec1121fk,DedSec,Python,988,1965,main,176,325014055,Other,1079
jjjake,internetarchive,Python,1889,2337,master,570,28172032,GNU Affero General Public License v3.0,1080
Comfy-Org,ComfyUI-Manager,Python,15569,4996,main,404,168454459;249056221,GNU General Public License v3.0,1081
KIYI671,AhabAssistantLimbusCompany,Python,1907,1826,main,394,134748936;134759507,GNU Affero General Public License v3.0,1082
jupyterhub,binderhub,Python,2671,3984,main,194,71342462;131898353;3452167;26841968,BSD 3-Clause New or Revised License,1083
yeti-platform,yeti,Python,2012,3495,main,460,67484098;78392194,Apache License 2.0,1084
stackstorm,st2,Python,6511,22817,master,1100,4155310;7825543;43122952,Apache License 2.0,1085
pyrevitlabs,pyRevit,Python,1828,9817,develop,1089,283414991,GNU General Public License v3.0,1086
libp2p,py-libp2p,Python,621,4388,main,486,229928200,Other,1087
acesuit,mace,Python,1297,1780,develop,742,308087046;308087047;326026872;308087048;182547918;95089246,Other,1088
internetarchive,brozzler,Python,812,1792,master,109,146551817,Apache License 2.0,1089
milvus-io,pymilvus,Python,1402,2321,master,2121,9816902,Apache License 2.0,1090
pylint-dev,astroid,Python,581,5348,main,1999,8227686;231989779,GNU Lesser General Public License v2.1,1091
runtimeverification,k,Python,571,21517,master,353,35309554;35878619,BSD 3-Clause New or Revised License,1092
PrefectHQ,marvin,Python,6184,3983,main,141,51684876,Apache License 2.0,1093
pypa,virtualenv,Python,5038,1220,main,567,237707818,MIT License,1094
bouni,kicad-jlcpcb-tools,Python,1995,1013,main,211,154520720,MIT License,1095
bridgecrewio,checkov,Python,8899,17409,main,997,10949;26985,Apache License 2.0,1096
writer,writer-framework,Python,1447,3609,dev,156,88473808;85808179;130338150;85808177;85808178,Apache License 2.0,1097
qiskit,qiskit,Python,7664,10466,main,7907,288011348;140033762;163895639;28334348;131211699;14056515;162947805;41232431;163895640;163895641;163895642;91673578;122727814,Apache License 2.0,1098
LMCache,LMCache,Python,10969,2053,dev,29585,265906342;280662227;277001575;265906347;329002956;323988260;292631762;292702647;296874555;164357863;242247374;242247373;265510505,Apache License 2.0,1099
Tracer-Cloud,opensre,Python,9691,3074,main,53845,226475640;268789350;268789351;275938347;286861617;287054869;302730377,Apache License 2.0,1100
huggingface,pytorch-image-models,Python,37030,3143,main,202,37261862;35686147;1222131,Apache License 2.0,1101
khoj-ai,khoj,Python,35285,5178,master,134,18909022;45958699;46280058;162995029,GNU Affero General Public License v3.0,1102
django-haystack,django-haystack,Python,3741,1977,master,128,7791937,Other,1103
lightly-ai,lightly,Python,3787,1479,master,1547,4332357;105846943;50473410;82158129;6355559;15641816;32984548,MIT License,1104
pysal,pysal,Python,1516,4470,main,146,97794244,BSD 3-Clause New or Revised License,1105
jupyterhub,repo2docker,Python,1730,3256,main,160,2201841,BSD 3-Clause New or Revised License,1106
psychopy,psychopy,Python,2055,26725,dev,320,9033338,GNU General Public License v3.0,1107
ros,rosdistro,Python,1087,67842,master,8224,928450,BSD 3-Clause New or Revised License,1108
mensfeld,code-on-incus,Python,605,1075,master,851,221733437;227933887,MIT License,1109
mwmbl,mwmbl,Python,1833,1327,main,270,258118196;49231936,GNU Affero General Public License v3.0,1110
siliconcompiler,siliconcompiler,Python,1194,16930,main,3142,52175128;52175130;52254976;149549796,Apache License 2.0,1111
horovod,horovod,Python,14696,1352,master,137,7249583;13810317,Other,1112
keephq,keep,Python,12132,2948,main,1671,140434677;155160794;104356031;143634246;143932451;143634247;160033636,Other,1113
flexget,flexget,Python,1959,18745,develop,3238,218858;185208470;186231541;185208471;179020942;133514697,MIT License,1114
sqlalchemy,sqlalchemy,Python,12040,18188,main,373,972334;971063,MIT License,1115
ccbogel,qualcoder,Python,657,8007,master,1058,161085232,GNU Lesser General Public License v3.0,1116
oca,l10n-spain,Python,542,2315,19.0,1585,14278968,GNU Affero General Public License v3.0,1117
jellyfin,jellyfin-mpv-shim,Python,2299,2442,master,153,6686555;328314714,Other,1118
mealie-recipes,mealie,Python,12865,5153,mealie-next,4730,34537074;79708435;152958818;152958820;152958821;248559167,GNU Affero General Public License v3.0,1119
braindecode,braindecode,Python,1278,2529,master,3283,8965165;68215298,BSD 3-Clause New or Revised License,1120
tqdm,tqdm,Python,31256,2122,master,425,2882549,Other,1121
elastic,elasticsearch-py,Python,4382,1920,main,692,722319,Apache License 2.0,1122
microsoft,PyRIT,Python,4227,1705,main,16325,81837963;227304576,MIT License,1123
rllm-org,rllm,Python,5751,1920,main,2127,281177339;242720918;278163389;248691624,Apache License 2.0,1124
amnweb,yasb,Python,5280,2163,main,530,112443420;262825107,Other,1125
nuitka,nuitka,Python,15044,15057,develop,388,270514034;108237,GNU Affero General Public License v3.0,1126
aws,aws-sam-cli,Python,6728,4283,develop,3452,37713622;43136089;56769294;64998783;203905244,Apache License 2.0,1127
jendrikseipp,rednotebook,Python,558,2625,master,142,45248561;184172650;43952423;5016100,GNU General Public License v2.0,1128
uriyyo,fastapi-pagination,Python,1674,3263,main,1033,3892328,MIT License,1129
Dao-AILab,flash-attention,Python,24588,1542,main,294,184346265;182521780;255132073,BSD 3-Clause New or Revised License,1130
tinygrad,tinygrad,Python,33388,14171,master,13192,3062236,MIT License,1131
NVIDIA,garak,Python,8643,4481,main,3058,141182723;107904213;95629690;242152564;95570119,Apache License 2.0,1132
litestar-org,litestar,Python,8369,3485,main,2561,71849642;71859844,MIT License,1133
hyprland-community,pyprland,Python,697,1964,main,105,247619311,MIT License,1134
cosmos,chain-registry,Python,575,6449,master,1516,125068475,Creative Commons Attribution 4.0 International,1135
learningequality,kolibri,Python,1089,38008,develop,20943,3384998;3385004;11293436;12186353;20443319;20902657;22116567;105596280;225112024,MIT License,1136
frappe,bench,Python,1714,2514,develop,155,31420162;43073792,GNU General Public License v3.0,1137
sickn33,agentic-awesome-skills,Python,44252,2438,main,5643,226897857,MIT License,1138
scikit-learn,scikit-learn,Python,66849,33893,main,60876,1878380;23067391;106893050;106893051;116048067;143052010;176496170;207758538,BSD 3-Clause New or Revised License,1139
tensorflow,models,Python,77666,9755,master,174,6925828,Other,1140
Chainlit,chainlit,Python,12352,1401,main,221,56254066;56347069;113632790,Apache License 2.0,1141
python,typing,Python,1770,1082,main,376,12644869,Other,1142
sphinx-doc,sphinx,Python,7949,22411,master,999,618812;1718923;3383094,Other,1143
python-poetry,poetry,Python,34290,3834,main,604,3000;90976191;91073937,MIT License,1144
kiwigrid,k8s-sidecar,Python,767,1032,master,342,18576713,MIT License,1145
samr1,fittrackee,Python,1147,6238,main,221,22664205,GNU Affero General Public License v3.0,1146
rapptz,discord.py,Python,16128,5431,master,283,21223222;21223224,MIT License,1147
graphistry,pygraphistry,Python,2545,3663,master,4195,136578387;5649941,BSD 3-Clause New or Revised License,1148
huggingface,dataset-viewer,Python,895,2399,main,1934,27422447;27426195;31773287;31779927;31949683,Apache License 2.0,1149
scverse,scvi-tools,Python,1672,4498,main,10140,106825602;106986186;271430651;320673129;320673130;320673131;320673132;320673133;320673134;320673135;320673136;320673137;320673138;320673139;320673140;320673141;320673142,BSD 3-Clause New or Revised License,1150
facebookresearch,fairchem,Python,2207,1447,main,5646,93046000;103742087;180655481;187589324;92904328,Other,1151
indico,indico,Python,2092,26107,master,3317,63533825;870989;89489651,MIT License,1152
kubeflow,spark-operator,Python,3141,1306,master,2197,106773926,Apache License 2.0,1153
pypa,bandersnatch,Python,549,2552,main,1902,39830;12661702;6716782,Academic Free License v3.0,1154
sbi-dev,sbi,Python,851,1582,main,1485,90440742;303937694;92192387;305360763,Apache License 2.0,1155
achael,eht-imaging,Python,5315,2326,main,309,257203736,GNU General Public License v3.0,1156
textualize,textual,Python,36612,13103,main,428,11033651,MIT License,1157
spiral-project,ihatemoney,Python,1382,1487,main,110,119968718,Other,1158
piskvorky,smart_open,Python,3450,1230,develop,169,4534082,MIT License,1159
karanhudia,borg-ui,Python,1558,2355,main,3573,204418807,GNU Affero General Public License v3.0,1160
archipelagomw,archipelago,Python,1558,8477,main,2547,7381461;22972623;86965769;87679266,Other,1161
DrewThomasson,ebook2audiobook,Python,19606,14492,main,527,176412763;272364484,Apache License 2.0,1162
pallets-eco,flask-admin,Python,6066,3793,master,343,105850953,BSD 3-Clause New or Revised License,1163
open-telemetry,opentelemetry-python-contrib,Python,1079,3083,main,7951,2818617;97317221;107601814;111603411;126549255;255342320;255880736,Apache License 2.0,1164
eclipse-sumo,sumo,Python,4119,52387,main,5487,121527853;134352884;219011348;219011349;227140981,Eclipse Public License 2.0,1165
amd,gaia,Python,1509,1022,main,61477,312615374;194056190;258756378;288995938;238267792;288898080;280597493,MIT License,1166
agronholm,anyio,Python,2518,1373,master,566,64099974;17581749,MIT License,1167
lightning-ai,torchmetrics,Python,2451,2329,master,1343,37030704;41144471;67015389,Apache License 2.0,1168
netflix,lemur,Python,1774,7541,main,1995,17844352,Apache License 2.0,1169
NVIDIA,TensorRT-LLM,Python,14275,8302,main,222950,130486219;147335144;308924135,Other,1170
home-assistant,operating-system,Python,7362,3109,dev,664,70170118;72967791,Apache License 2.0,1171
pylint-dev,pylint,Python,5710,10148,main,4444,15726263;22750905,GNU General Public License v2.0,1172
pymysql,pymysql,Python,7842,1160,main,230,58226021;4656304,MIT License,1173
urschrei,pyzotero,Python,1383,1452,main,225,6952453,Other,1174
mahdibland,V2RayAggregator,Python,4003,23052,master,185,36215616;38152998;38740655,GNU General Public License v3.0,1175
emissary-ingress,emissary,Python,4518,18559,main,128,111700798;179141711;254454963;254454965;254454968,Apache License 2.0,1176
onekey-sec,unblob,Python,2535,3434,main,1598,20061179;141563187,MIT License,1177
basnijholt,adaptive-lighting,Python,3396,1091,main,902,45313090;211616423,Apache License 2.0,1178
bittytax,bittytax,Python,502,1017,master,173,48303036,GNU Affero General Public License v3.0,1179
mmschlk,shapiq,Python,763,1087,main,256,200588893;245817816,MIT License,1180
abbbi,virtnbdbackup,Python,509,1236,master,191,79332248;195450979;145115274;153518078;151936700;12288877,GNU General Public License v3.0,1181
HKUDS,LightRAG,Python,38411,9255,main,4205,208538292;208538293;209512781;296384450;207957274,MIT License,1182
prefecthq,prefect,Python,23517,21863,main,30863,20075107;20075109;27716634;35952990;61729910;73134101;82622973;94512107;100414747;101653706;132838361;147901841,Apache License 2.0,1183
dry-python,returns,Python,4338,2325,master,478,993047,BSD 2-Clause Simplified License,1184
github,spec-kit,Python,124843,1681,main,16594,192394271;305494997,MIT License,1185
dbt-labs,metricflow,Python,1719,2982,main,1021,309570475;65633183;25541820;140134459;23381729;23381730;319222531;309553977,Apache License 2.0,1186
snowflakedb,snowflake-connector-python,Python,724,1896,main,2990,1644919;188103443;173042201;188100262,Apache License 2.0,1187
datahub-project,datahub,Python,12422,15578,master,163822,2086506;20402763;133908747;164266301;179144316;201513618,Apache License 2.0,1188
mwaskom,seaborn,Python,13939,3261,master,116,1432453,BSD 3-Clause New or Revised License,1189
cpplint,cpplint,Python,1833,1047,develop,103,20234951,Other,1190
tensorflow,tfx,Python,2189,6158,master,1484,111297965;1189171,Apache License 2.0,1191
NVIDIA-NeMo,Automodel,Python,786,1777,main,63705,164605237;171396287;164605238;164605239;174026965;169164068;284563272,Apache License 2.0,1192
arksine,moonraker,Python,1424,2305,master,104,8898807,GNU General Public License v3.0,1193
containers,ramalama,Python,2983,4464,main,2993,109059572,MIT License,1194
promptdriven,pdd,Python,825,3307,main,30220,321108462;232784606,MIT License,1195
scikit-bio,scikit-bio,Python,1221,6025,main,543,42630068;164869538,BSD 3-Clause New or Revised License,1196
gallopsled,pwntools,Python,13617,4645,dev,583,824369;1654795,Other,1197
django-commons,django-simple-history,Python,2458,1491,master,259,3549181,BSD 3-Clause New or Revised License,1198
bytedance,deer-flow,Python,78605,2898,main,28027,283206034;237416140;261528151;259627571;311201865;310563327;160900242,MIT License,1199
apple,axlearn,Python,2365,1637,main,197,128629261,Apache License 2.0,1200
duckdb,dbt-duckdb,Python,1325,1143,master,394,38108249;137254320,Apache License 2.0,1201
unslothai,unsloth,Python,68011,6138,main,333304,322149899;272415242;294579232;322149896;322150182;272276589;299912290;271981830;272615610;325695816;322150437;272409994;271766082;282925432;305146506;271766085;271786585;280873435;272431688;286255321;272431689,Apache License 2.0,1202
scikit-rf,scikit-rf,Python,918,5878,master,265,3893471;15893807,BSD 3-Clause New or Revised License,1203
ctfd,ctfd,Python,6764,1717,master,848,95196834;1587550;122533571;1587491;1587546,Apache License 2.0,1204
pydata,numexpr,Python,2526,1112,master,121,4058064,MIT License,1205
getredash,redash,Python,28720,7976,master,163,55450573,BSD 2-Clause Simplified License,1206
pluwen,awesome-testflight-link,Python,5405,2392,main,221,21986703;289067825;21986704;21986705,MIT License,1207
pytorch,benchmark,Python,1044,2586,main,263,5954684,BSD 3-Clause New or Revised License,1208
narwhals-dev,narwhals,Python,1691,3533,main,8828,115536004;107387563;289130835;229993943;230014341;154934947;89984091;106189902;287854188,MIT License,1209
nodejs,node-gyp,Python,10675,1443,main,453,2389585,MIT License,1210
decoderesearch,SAELens,Python,1489,1150,main,583,92584833;153673984,MIT License,1211
spacetelescope,jwst,Python,657,11401,main,4723,70152426;325820;69793353;69793352;184191825,Other,1212
jxxghp,MoviePilot,Python,11461,7894,v2,1744,67690187;181968284;287463953,GNU General Public License v3.0,1213
scitools,cartopy,Python,1613,3374,main,431,50991465;4200932,BSD 3-Clause New or Revised License,1214
biolab,orange3,Python,5656,16018,master,278,7182595;68778070,Other,1215
python-websockets,websockets,Python,5704,1837,main,159,8713843,BSD 3-Clause New or Revised License,1216
geopython,pygeoapi,Python,620,1635,master,771,9788486,MIT License,1217
python-kasa,python-kasa,Python,1718,1140,master,316,13486996,Other,1218
aws,aws-cli,Python,17156,14071,develop,5050,3273239;27400014;34464038;84117585;157578115;216166086,Other,1219
ChrisDKN,Amethyst-Mod-Manager,Python,756,1924,main,193,306351158;269307342,GNU General Public License v3.0,1220
embeddings-benchmark,mteb,Python,3379,4380,main,12219,159784604;136615123;243782334;91034469;255288153,Apache License 2.0,1221
rasterio,rasterio,Python,2554,4079,main,296,75654053;75617764;40066939;75737200;15585189,Other,1222
picovoice,porcupine,Python,4895,1519,master,612,30131846,Apache License 2.0,1223
aws-powertools,powertools-lambda-python,Python,3273,5911,develop,2068,30232546;33231525,MIT No Attribution,1224
parsl,parsl,Python,624,5167,master,833,101941541;9776428;157393686;88581238;308148812;115890262,Apache License 2.0,1225
getmoto,moto,Python,8594,10750,master,942,82832538;11718358;185515049;14233572;57648992;141673067;155972053;49855493;70837272;70762237;145838651;52207034;150130599;50101770;122131880;77087971;161749584;49855495,Apache License 2.0,1226
wills106,homeassistant-solax-modbus,Python,504,3560,main,1876,226357794,Apache License 2.0,1227
academysoftwarefoundation,rez,Python,1085,4140,main,1601,81472918,Apache License 2.0,1228
pantsbuild,pants,Python,3807,15375,main,1321,5732480;60454719,Apache License 2.0,1229
beancount,fava,Python,2538,3483,main,752,180770970;17696271;180770969,MIT License,1230
taylorwilsdon,google_workspace_mcp,Python,2950,2585,main,2062,269514865,MIT License,1231
activitywatch,activitywatch,Python,18451,1114,master,520,58426212,Mozilla Public License 2.0,1232
demisto,content,Python,1294,46149,master,187188,238448650,MIT License,1233
exa-networks,exabgp,Python,2286,6445,main,227,107396305;107396308;191911346,Other,1234
frenck,spook,Python,1197,1242,main,4971,280434777;306629708;284119611,MIT License,1235
dedsecinside,torbot,Python,4473,1032,dev,157,72660904,Other,1236
blacklanternsecurity,bbot,Python,10260,9139,stable,5361,123769399;22452226,GNU Affero General Public License v3.0,1237
pycurl,pycurl,Python,1164,3659,master,709,17824460;17845947;11445772;21292345,GNU Lesser General Public License v2.1,1238
Lightning-AI,litgpt,Python,13596,1489,main,261,56283153,Apache License 2.0,1239
ggozad,haiku.rag,Python,561,2228,main,1036,255338756;218881697,MIT License,1240
k2-fsa,icefall,Python,1469,1240,master,1213,11580674;30921971;47563881;47755300,Apache License 2.0,1241
enjoy-digital,litex,Python,4026,11472,master,584,3809446,Other,1242
wenjiedu,pypots,Python,2041,1883,main,176,56719822;53746030,BSD 3-Clause New or Revised License,1243
rigetti,pyquil,Python,1494,1402,master,258,4304337,Apache License 2.0,1244
opencv,opencv-python,Python,5337,1077,4.x,209,9161488;9161490;10896009;188705059;215023151;215040389,MIT License,1245
Azure-Samples,chat-with-your-data-solution-accelerator,Python,1172,1096,main,1817,89648846;165919646;234800302,MIT License,1246
maxmind,geoip2-python,Python,1217,1213,main,1326,2881680,Apache License 2.0,1247
agilerl,agilerl,Python,940,2056,main,4168,241547451;241547453;241547452,Apache License 2.0,1248
mathics3,mathics-core,Python,1195,8032,master,3326,219068707,GNU General Public License v3.0,1249
davidusb-geek,emhass,Python,648,3054,master,2303,38126381,MIT License,1250
kiwitcms,kiwi,Python,1228,7560,master,4227,1388073,GNU General Public License v2.0,1251
open-edge-platform,geti,Python,1277,2618,develop,20743,182281815;188668744;188668745;188668746,Apache License 2.0,1252
vllm-project,llm-compressor,Python,3611,3143,main,2399,103973978;138730926,Apache License 2.0,1253
supabase,supabase-py,Python,2549,1211,main,605,16520879,MIT License,1254
trustgraph-ai,trustgraph,Python,2414,1500,master,747,120895730,Apache License 2.0,1255
reactionmechanismgenerator,rmg-py,Python,528,12099,main,1684,5770447;8533454,Other,1256
textualize,rich,Python,56683,4460,main,111,76505,MIT License,1257
Arize-ai,openinference,Python,1127,2029,main,15639,276397808;247704742;81257783;80670896,Apache License 2.0,1258
TorchIO-project,torchio,Python,2426,1973,main,1703,14531907,Apache License 2.0,1259
langroid,langroid,Python,4090,2474,main,235,287097684;55824435,MIT License,1260
osprey-oss,deptry,Python,1447,1361,main,809,35678910,MIT License,1261
radarsimx,radarsimpy,Python,561,1729,master,116,58541560;78410291;174545346,GNU General Public License v3.0,1262
openagents-org,openagents,Python,3950,2826,develop,1721,267637270;249682238;245878612;149181798;210638716;250010712;249905381;250292740,Apache License 2.0,1263
coveragepy,coveragepy,Python,3402,7508,main,1498,3875807;18110908,Apache License 2.0,1264
quan666,elf_rss,Python,614,1027,2.0,135,8914009,GNU General Public License v3.0,1265
sigmahq,pysigma,Python,580,1713,main,207,11777738,GNU Lesser General Public License v2.1,1266
mfat,sshpilot,Python,1001,4209,main,2235,180117886;181168200;181308529;190143632;192595545;194829034;280206056;299318851;316791663,GNU General Public License v3.0,1267
transformerlab,transformerlab-app,Python,5168,11452,main,9688,247650197;257410395;251403912;261538128;207888911;207804880;207804881;251414641;208136440;253959136;253966160;80364233,GNU Affero General Public License v3.0,1268
pypa,pipx,Python,12898,1099,main,1194,9486742;19867484;19867916,MIT License,1269
rafalp,misago,Python,2771,5583,main,386,216376;134,GNU General Public License v2.0,1270
chinapandaman,pypdfform,Python,1234,4965,master,1149,115387286;3278042,MIT License,1271
EmilStenstrom,justhtml,Python,1147,1997,main,350,211635918,Other,1272
cenodude,CrossWatch,Python,706,1730,main,1119,224476510,Other,1273
rackslab,Slurm-web,Python,594,1217,main,868,200235511;200235510,MIT License,1274
AstrBotDevs,AstrBot,Python,38435,5072,master,11529,148577564;203049587;203054009;214886451;249686456;250086128;112801966,GNU Affero General Public License v3.0,1275
optiland,optiland,Python,831,2682,master,415,116198145,MIT License,1276
HKUDS,DeepTutor,Python,31603,1173,main,438,220898508,Apache License 2.0,1277
tensorflow,datasets,Python,4581,6826,master,848,113279800;113227466;12986846,Apache License 2.0,1278
nats-io,nats.py,Python,1240,1112,main,1761,119054090,Apache License 2.0,1279
pyinfra-dev,pyinfra,Python,5918,4533,3.x,1766,3566292,MIT License,1280
open-compass,opencompass,Python,7253,1211,main,1089,81192964;78386102;229901602,Apache License 2.0,1281
chia-network,chia-blockchain,Python,10799,15105,main,26772,4320255;10776379;10897190;12597124;17689075;27466442;32111691;40845598,Apache License 2.0,1282
pyg-team,pytorch_geometric,Python,23965,7995,master,1432,9021276;154457534;156348534;218685725;234672915,MIT License,1283
pysteps,pysteps,Python,573,1545,master,103,3776163,BSD 3-Clause New or Revised License,1284
HKUDS,Vibe-Trading,Python,29109,1154,main,1486,254793590,MIT License,1285
pipecat-ai,pipecat,Python,13457,10744,main,11011,92310700;179562644;90174332,BSD 2-Clause Simplified License,1286
ROCm,TheRock,Python,1181,3256,main,51358,89445622;170502567;192218867;192868511;192868512;193729623;194968382;196789457;198016900;204449687;210763102;210763103;215081913;215085285,MIT License,1287
open-compass,VLMEvalKit,Python,4315,1776,main,388,148956342,Apache License 2.0,1288
sickn33,antigravity-awesome-skills,Python,42384,2139,main,5643,226897857,MIT License,1289
isaac-sim,IsaacLab,Python,7814,2296,release/3.0.0-beta2,74228,280543551;319234230;179874700;242799066;279877110;261066633;250483437;308989961;326435778,BSD 3-Clause New or Revised License,1290
daviddrysdale,python-phonenumbers,Python,3764,1836,dev,245,4443469;12756724,Apache License 2.0,1291
tuxemon,tuxemon,Python,1098,6500,development,414,31742619;169735105;169735106;14164675;45291060,GNU General Public License v3.0,1292
jax-ml,jax,Python,36081,37400,main,229363,1535540;39561155;92429258;120681516;127994375;131247373;133191289;133884917;133884918;136121112;149137667;159656813;166880050;178566135;181436807;181444772;182849899;186332111;190113613;190113616,Apache License 2.0,1293
talmolab,sleap,Python,606,3547,develop,688,3431666;3434619,BSD 3-Clause Clear License,1294
opencti-platform,connectors,Python,567,5373,master,18424,251382602;277441784;284097314;300837788;300838158;300848215;304756495;304756498;304756501;304756510,Apache License 2.0,1295
psf,requests,Python,54197,6488,main,735,3526169,Apache License 2.0,1296
saleor,saleor,Python,23157,22590,main,8288,1568698;2120131;27279777;29784591;68758412;72938540;117320085;147791192;182405715,BSD 3-Clause New or Revised License,1297
pyca,pyopenssl,Python,943,2422,main,259,3678506,Apache License 2.0,1298
saulpw,visidata,Python,9177,8735,develop,454,31354152;51231053;51231054,GNU General Public License v3.0,1299
dlt-hub,dlt,Python,5684,4398,devel,1323,27452449;27873710;137034382;137034383;167874305;167874309;167874311;167874312;167874313;184439693;191031582;270793291,Apache License 2.0,1300
suitenumerique,meet,Python,2203,2251,main,4643,211507316,MIT License,1301
pygithub,pygithub,Python,7756,2535,main,841,62461355;1903133;144204589,GNU Lesser General Public License v3.0,1302
invesalius,invesalius3,Python,798,4476,master,449,153409702;151013415,GNU General Public License v2.0,1303
huggingface,datasets,Python,21792,4324,main,1128,21086561;21811729;29803705,Apache License 2.0,1304
collective,icalendar,Python,1155,4642,main,4821,15540780;72076827;199064251,Other,1305
homeassistant-ai,ha-mcp,Python,4205,2195,master,32594,211493068;278251149;198614557;307159668;278890425;278251150;213347274,MIT License,1306
petl-developers,petl,Python,1314,1446,master,132,6083701,MIT License,1307
ulauncher,ulauncher,Python,4490,3301,main,724,50264904,Other,1308
metabrainz,picard,Python,5067,16063,master,3169,27381,GNU General Public License v2.0,1309
deepinv,deepinv,Python,787,1407,main,3326,194865630;198466780;205356872;249831954;253807158,BSD 3-Clause New or Revised License,1310
huggingface,OpenEnv,Python,2463,1698,main,4882,199833351;216974041;287582323;287647315;288480374,BSD 3-Clause New or Revised License,1311
nortikin,sverchok,Python,2500,13149,master,257,3547986,GNU General Public License v3.0,1312
UKGovernmentBEIS,inspect_ai,Python,2442,6952,main,7760,93177710;182977417;190715308,MIT License,1313
termux,proot-distro,Python,3327,1112,master,109,290586441,GNU General Public License v3.0,1314
unilabsim,UniLab,Python,858,1749,main,872,246160902,Apache License 2.0,1315
cedricp,ddt4all,Python,1770,1412,master,216,312469427;177058605,GNU General Public License v3.0,1316
PaddlePaddle,PaddleFormers,Python,12985,1343,develop,19299,169436997;169436998;172971049;192297005;214936994;220735085;225201237;225997357;237929791;239788646;258305448;258894988;263419307;267533215,Apache License 2.0,1317
gumyr,build123d,Python,2743,2928,dev,899,48118864,Apache License 2.0,1318
hbldh,bleak,Python,2452,1729,develop,227,1334846;17173175,MIT License,1319
nautobot,nautobot,Python,1567,13204,develop,6891,35283753;34912852;23975108;23975109;35866560,Apache License 2.0,1320
MervinPraison,PraisonAI,Python,8537,6825,main,130139,168750899;308917259;164025593,MIT License,1321
deepdoctection,deepdoctection,Python,3179,1813,master,150,151466426;216850927;35942494,Apache License 2.0,1322
pgadmin-org,pgadmin4,Python,3727,8310,master,6802,51999595;52116486;52116487;52566852;52815126;52963291;52963292;62417479;63062178;290803451,Other,1323
deadc0de6,dotdrop,Python,1938,2102,master,108,104659352;3386559,GNU General Public License v3.0,1324
lookyloo,lookyloo,Python,771,3326,main,1068,9264899,Other,1325
pyomo,pyomo,Python,2485,31310,main,529,6581098;6583722,Other,1326
gramps-project,gramps,Python,3012,29883,master,1482,93039218;18852981,GNU General Public License v2.0,1327
mpmath,mpmath,Python,1181,2407,master,373,139494776;5152993,BSD 3-Clause New or Revised License,1328
openswarm-ai,openswarm,Python,770,1639,main,2200,284382930;269326862;286512447;285954969;285891518,MIT License,1329
spikeinterface,spikeinterface,Python,824,14986,main,2654,100392869;11486058;62695784;46553066;68597505;49732394;62113658;55718171;104513586;251182364,MIT License,1330
ModelEngine-Group,nexent,Python,5808,5525,develop,10348,173526501;186412182,MIT License,1331
tmux-python,tmuxp,Python,4549,5025,master,1028,2216676,MIT License,1332
camelot-dev,camelot,Python,3793,1505,master,1017,10411614,MIT License,1333
BlazeUp-AI,Observal,Python,2119,1883,main,14847,259410918,GNU Affero General Public License v3.0,1334
vearch,vearch,Python,2318,1201,master,260,57138253;108087689;150916720;150916721;113404224;112346550;100015112,Apache License 2.0,1335
PurpleAILAB,Decepticon,Python,4949,1191,main,3571,250538878;284157564,Apache License 2.0,1336
aio-libs,aiohttp,Python,16506,13970,master,14406,62609334;292299171,Apache License 2.0,1337
abetlen,llama-cpp-python,Python,10520,2164,main,1026,92294939;92294940;288501484;288500099;286794269;286833599;286708199;59781298;53399448,MIT License,1338
oca,server-tools,Python,921,2551,18.0,835,14226814,GNU Affero General Public License v3.0,1339
pytables,pytables,Python,1369,5511,master,247,4213455;220331572,BSD 3-Clause New or Revised License,1340
cookiecutter,cookiecutter-django,Python,13583,9268,main,2124,3482574,BSD 3-Clause New or Revised License,1341
undertheseanlp,underthesea,Python,1798,1247,main,1938,11893763;278205885;226522797;33055285;101788943;64415845;226654179;226660963;226754623;226570824;226577787,Apache License 2.0,1342
xarray-contrib,xarray-spatial,Python,956,2055,main,14969,20405989;281297637;281567437,MIT License,1343
z3z1ma,dbt-osmosis,Python,637,1073,main,515,171579455;69649564,Apache License 2.0,1344
xpra-org,xpra,Python,2916,37380,master,842,54779658;39490357,GNU General Public License v2.0,1345
FloatingPragma,observer-patch-holography,Python,609,1693,main,1341,280032889;320062306,Other,1346
streamlink,streamlink,Python,11667,5994,master,565,142686073;76228552,BSD 2-Clause Simplified License,1347
fal-ai,fal,Python,940,1123,main,6018,327590840;327580069;204678057;204678056;204678055;104919200;204629955;264637257,Apache License 2.0,1348
robot-descriptions,robot_descriptions.py,Python,799,1074,main,283,41274845,Apache License 2.0,1349
4thfever,cultivation-world-simulator,Python,1993,1228,main,232,221405659,Other,1350
roflcoopter,viseron,Python,3310,3048,dev,503,54202301;10483340,MIT License,1351
JudgmentLabs,judgeval,Python,1050,1770,main,598,134875446;206114922;206114921;206114924;206114926,Apache License 2.0,1352
pschanely,crosshair,Python,1310,2338,main,1282,5730161;285270364;285270365;285270366;285270367,Other,1353
zostera,django-bootstrap3,Python,2333,1219,main,218,3301773,BSD 3-Clause New or Revised License,1354
pmeal,openpnm,Python,535,10610,dev,136,213141187,MIT License,1355
pika,pika,Python,3876,3222,main,2005,285589220,BSD 3-Clause New or Revised License,1356
mesonbuild,meson,Python,6581,17611,master,7036,855302;36370496,Apache License 2.0,1357
birdnet-team,BirdNET-Analyzer,Python,1654,1023,main,297,158751465,MIT License,1358
tsukumijima,konomitv,Python,1006,3740,master,286,36760413;32326320,MIT License,1359
openqasm,openqasm,Python,1494,1495,main,183,37784839;3543245;12717322;12144221,Apache License 2.0,1360
angr,angr,Python,8986,14617,master,2565,24477601;24488983;170943459;195026479,BSD 2-Clause Simplified License,1361
pyptt,pyptt,Python,728,1868,master,248,199215321,GNU Lesser General Public License v3.0,1362
neo4j,neo4j-python-driver,Python,1048,1745,6.x,117,194320108,Other,1363
radixark,miles,Python,1836,1599,main,21182,310230149;265028939;328858804;321687558;224595452;328226955;196422643,Apache License 2.0,1364
dragon1086,prism-insight,Python,711,1708,main,489,298942168,GNU Affero General Public License v3.0,1365
ghostmanager,ghostwriter,Python,1873,5244,master,1332,315988026;12055071,BSD 3-Clause New or Revised License,1366
farama-foundation,pettingzoo,Python,3485,4680,main,1062,4400035;37655482;4400036,MIT License,1367
deepspeedai,DeepSpeed,Python,42844,3262,master,5412,88350177;174261206;225459464;27242005,Apache License 2.0,1368
hiyouga,LlamaFactory,Python,73651,3080,main,1246,83278624;219027387;211059136,Apache License 2.0,1369
gafferhq,gaffer,Python,1082,23653,main,1275,1336940,BSD 3-Clause New or Revised License,1370
scons,scons,Python,2401,10048,master,198,4720608;13270994,MIT License,1371
testcontainers,testcontainers-python,Python,2260,1124,main,614,82443898;82443899;86671253,Apache License 2.0,1372
aqlaboratory,openfold-3,Python,809,5409,main,1380,321220057,Apache License 2.0,1373
django-commons,django-debug-toolbar,Python,8377,2966,main,700,3891201,BSD 3-Clause New or Revised License,1374
deepchem,deepchem,Python,6904,10671,master,2827,4378831;45677994;126648405;10607657;36346934;10835072;33915793;10685940;100949322,MIT License,1375
omicverse,omicverse,Python,1172,2580,master,2383,243337501,GNU General Public License v3.0,1376
plotly,plotly.py,Python,18703,8720,main,797,242555458;255866378;156321090;252033658;252033657;252033656;252033659;255866380;242079096,MIT License,1377
nextstrain,ncov,Python,1363,5251,master,223,13887399;13888262;25096114;54481396,MIT License,1378
sabnzbd,sabnzbd,Python,3039,10169,develop,1645,4208941;179730963,Other,1379
pytest-dev,pytest-asyncio,Python,1653,1442,main,447,8268887,Apache License 2.0,1380
bpwhelan,GameSentenceMiner,Python,757,1801,main,876,207530943;234705438;272740421;288022983;324820132;207551130,GNU General Public License v3.0,1381
home-assistant,core,Python,88384,113079,dev,51042,1777664;8538855;8953128;35473342;312462982;319441929,Apache License 2.0,1382
subzeroid,instagrapi,Python,6556,2822,master,2253,263171141,Other,1383
SukramJ,homematicip_local,Python,583,1503,main,2244,65798252,MIT License,1384
emby-keeper,emby-keeper,Python,1250,2047,main,103,55061691,GNU General Public License v3.0,1385
caronc,apprise,Python,16977,1152,master,1678,42758839;37545670,BSD 2-Clause Simplified License,1386
pushingkarmaorg,python-plexapi,Python,1289,2656,master,370,4011018;175443206,BSD 3-Clause New or Revised License,1387
typeddjango,django-stubs,Python,1964,2761,master,1330,3614755,MIT License,1388
matthiasvalvekens,pyhanko,Python,747,2809,master,817,55054892,MIT License,1389
fancyboi999,ai-engineering-from-scratch-zh,Python,901,1361,main,136,283922817,MIT License,1390
scipy,scipy,Python,14874,37990,main,42629,3939429;3941552;15894961;32159136;94206762;104187192;107795075;133187673;175508140;213810477,BSD 3-Clause New or Revised License,1391
acoular,acoular,Python,644,1833,master,516,129173880;228019463;228385900,BSD 3-Clause New or Revised License,1392
rq,rq,Python,10667,2100,master,1209,153260947;2275988,Other,1393
whiteguo233,OpenBiliClaw,Python,1548,2659,main,1876,290267890;259752171,MIT License,1394
pycqa,bandit,Python,8192,1513,main,107,223578,Apache License 2.0,1395
prowler-cloud,prowler,Python,14509,8937,master,98223,87576220;132203303;132946057;132951860;176759855;197871832;201951684;201951745;201951864,Apache License 2.0,1396
jazzband,tablib,Python,4755,1244,master,231,232907;99195,MIT License,1397
wikimedia,pywikibot,Python,764,20613,master,2353,36237487;219605963;17694345;39853629;15851032;86298843;104204424,MIT License,1398
thealgorithms,python,Python,223364,3669,master,2359,3711979;173529418,MIT License,1399
praw-dev,praw,Python,4205,4483,main,1226,129379,BSD 2-Clause Simplified License,1400
davila7,claude-code-templates,Python,30034,1426,main,1547,298620202;298610803,MIT License,1401
pikepdf,pikepdf,Python,2770,3446,main,196,15489454;115478389,Mozilla Public License 2.0,1402
hyperspy,hyperspy,Python,576,17048,RELEASE_next_minor,1899,3816621;76390331;175885804,GNU General Public License v3.0,1403
psd-tools,psd-tools,Python,1434,2020,main,331,512675,MIT License,1404
ardupilot,ardupilot_wiki,Python,657,9914,master,1025,237898345;259375844;3972607;260711710,Other,1405
perfanalytics,pose2sim,Python,746,1372,main,367,28088255,BSD 3-Clause New or Revised License,1406
internetarchive,openlibrary,Python,6585,22841,master,7330,4117452;4200298,GNU Affero General Public License v3.0,1407
pact-foundation,pact-python,Python,677,1940,main,2550,69208617,MIT License,1408
mpfaffenberger,code_puppy,Python,668,2195,main,1225,167109265,MIT License,1409
pyexcel,pyexcel,Python,1288,2141,dev,272,299373632;299373631;299373630;3398517,BSD 3-Clause New or Revised License,1410
prometheus-community,ansible,Python,570,1658,main,766,45334661;47124314;105317269;47124315,Apache License 2.0,1411
mwouts,jupytext,Python,7200,2639,main,1637,72922117;73242671;73242674;73242675;75850069,MIT License,1412
duneanalytics,spellbook,Python,1512,7398,main,5255,42900923;289808237;289910315,Other,1413
langchain-ai,deepagents,Python,27193,3119,main,147762,202076346;202824296;259799700,MIT License,1414
mvanhorn,last30days-skill,Python,56497,1160,main,4547,264317193,MIT License,1415
pypsa,pypsa,Python,2091,3348,master,2196,100213725;128554613;277009737,MIT License,1416
michaelhly,solana-py,Python,1438,1020,master,351,2291540,MIT License,1417
widgetti,solara,Python,2167,2152,master,764,89821756,MIT License,1418
pydantic,pydantic-ai,Python,18380,2389,main,60395,141139512;295556111;121846930;279890702;279890701,MIT License,1419
Blaizzy,mlx-vlm,Python,5282,1077,main,1335,95626470,MIT License,1420
OpenHands,software-agent-sdk,Python,946,2130,main,63481,183665439;188677861;190470908;191844823;217170105,MIT License,1421
huggingface,sentence-transformers,Python,18957,2871,main,1305,255284424;79124588,Apache License 2.0,1422
faucetsdn,faucet,Python,625,12872,main,920,1770637;2172651;2172652;2172653;11385628,Apache License 2.0,1423
s3ql,s3ql,Python,1263,3482,main,192,52398782,Other,1424
redis,redis-py,Python,13601,2804,master,2331,160951151;3479603;326093310,MIT License,1425
icopy-site,awesome-cn,Python,1728,2577,master,164,51821775,Apache License 2.0,1426
snakemake,snakemake,Python,2840,5933,main,1765,230399;25085,MIT License,1427
NVIDIA,Model-Optimizer,Python,3362,1089,main,32356,212589557;190428311;179541880;262733153;168914672,Apache License 2.0,1428
vkbo,novelwriter,Python,3039,8373,main,2197,2811795;2811796;8711107;105745775;105745776;105745777;138870331;173487451;173518265;202100723;256243505;256256113,GNU General Public License v3.0,1429
emeryberger,csrankings,Python,3166,24747,gh-pages,3417,176053374,Other,1430
yezz123,authx,Python,1195,1610,main,226,57962693;92004524,MIT License,1431
docling-project,docling,Python,64084,1276,main,5801,263724808;268216903;107334087,MIT License,1432
linyuan0213,nexus-media,Python,554,1449,master,1164,296068505,MIT License,1433
getting-things-gnome,gtg,Python,600,7019,master,121,20379071,GNU General Public License v3.0,1434
ormar-orm,ormar,Python,1804,1695,master,1723,3734468,MIT License,1435
chipsec,chipsec,Python,3288,2646,chipsec2,983,9178405,GNU General Public License v2.0,1436
jupyterhub,zero-to-jupyterhub-k8s,Python,1716,7465,main,532,4676745;26212470,Other,1437
huggingface,huggingface_hub,Python,3773,2643,main,9368,4451124;22100371;22993426;42860889,Apache License 2.0,1438
karmab,kcli,Python,648,7244,main,888,11657988;15481345;15481346;15612591;34301435;34301436;35517951;36567957;36589899;53203839;53203840;53713490;53713491;57742454;57742455;86811608;89482013;106344756,Apache License 2.0,1439
marin-community,marin,Python,1228,9696,main,100015,271588921,Apache License 2.0,1440
aws,serverless-application-model,Python,9557,2020,develop,304,37186373,Apache License 2.0,1441
pypa,build,Python,852,1059,main,623,8123527;57317369,MIT License,1442
datalad,datalad,Python,652,17784,maint,1235,9846084;98913042;699127;26627;2676696,Other,1443
permitio,opal,Python,5490,2085,master,315,6702269,Apache License 2.0,1444
gitpython-developers,gitpython,Python,5156,5280,main,1700,86229845;27988184;317169387,BSD 3-Clause New or Revised License,1445
stickerdaniel,linkedin-mcp-server,Python,2981,1095,main,2525,172211174,Apache License 2.0,1446
twilio,twilio-python,Python,2071,1882,main,214,321984276;319385024,MIT License,1447
lemon24,reader,Python,546,2821,master,109,3239526,BSD 3-Clause New or Revised License,1448
spylang,spy,Python,804,4357,main,1743,276275242;244839934;263764937;141388639,MIT License,1449
zigpy,zha-device-handlers,Python,1119,2015,dev,1085,3442073,Apache License 2.0,1450
flet-dev,flet,Python,16402,1530,main,2060,227494036;270506456;313315877;229283629;302424711;180417334,Apache License 2.0,1451
kedro-org,kedro,Python,10941,4365,main,8618,64352432;69925917;122557465;64352434,Apache License 2.0,1452
zauberzeug,nicegui,Python,16080,6797,main,810,17860491;206657305;206657311;208707984,MIT License,1453
pytroll,satpy,Python,1199,15656,main,322,3662583,GNU General Public License v3.0,1454
Vexa-ai,vexa,Python,2632,2530,main,4695,311781367;319279754,Apache License 2.0,1455
glasgowembedded,glasgow,Python,2178,2954,main,1285,4569664,BSD Zero Clause License,1456
taxel,plextraktsync,Python,2139,4622,main,533,117740200;22921433,MIT License,1457
prospector-dev,prospector,Python,2087,1643,master,186,35695793,GNU General Public License v2.0,1458
headroomlabs-ai,headroom,Python,63740,2392,main,43248,289380904;221548883;302608833,Apache License 2.0,1459
fossasia,eventyay,Python,1643,21324,dev,24118,299741965;282139167;83164785;226436366,Apache License 2.0,1460
leo-editor,leo-editor,Python,1591,38698,devel,1104,263051117,Other,1461
ScrapeGraphAI,Scrapegraph-ai,Python,28793,2891,main,191,220427369,MIT License,1462
fossasia,visdom,Python,10265,1213,dev,4932,24929771;305041730;322121119;22396177,Apache License 2.0,1463
aboutcode-org,vulnerablecode,Python,693,3436,main,1079,4307026;5042872;6666381,Apache License 2.0,1464
ag2ai,ag2,Python,4822,5367,main,11192,302902318;303345429,Apache License 2.0,1465
mic-dkfz,nnunet,Python,8697,1936,master,422,165688146,Apache License 2.0,1466
virt-manager,virt-manager,Python,3212,9013,main,149,1861156;92867040,GNU General Public License v2.0,1467
microsoft,presidio,Python,9585,1550,main,2647,180969655,MIT License,1468
pytorch,executorch,Python,4849,12983,main,236928,287244078;297153353;187910436;257059579;267999398;293931003;277500337;68842086;294293578;306216354;244285389;287834392;160319658;186612448;89290224;149174454;185593211;293334785,Other,1469
hynek,structlog,Python,4904,1900,main,294,713465;48031333,Other,1470
Kiln-AI,Kiln,Python,5005,7051,main,9028,112884779;111032922;263620582;123161041;111043304,Other,1471
wemake-services,wemake-python-styleguide,Python,2880,3145,master,748,897444,MIT License,1472
merenlab,anvio,Python,533,23502,master,685,293571994;291468504,GNU General Public License v3.0,1473
Olshansk,rss-feeds,Python,645,13727,main,7303,169959855,MIT License,1474
zzzeek,alembic,Python,526,2057,main,101,3222012;3222013,MIT License,1475
scikit-image,scikit-image,Python,6565,14697,main,6552,141700922;141700923;141700924;141700926;141733163;141733164;143526547;149259335;211968078;272091430;272091431,Other,1476
delgan,loguru,Python,23996,1032,master,249,17164060,MIT License,1477
curvefi,curve-stablecoin,Python,540,3279,master,233,180479846,Other,1478
chunkhound,chunkhound,Python,1378,1299,main,610,166560140;182664529,MIT License,1479
pysport,kloppy,Python,535,1314,master,219,3485633,BSD 3-Clause New or Revised License,1480
vitali87,code-graph-rag,Python,2366,4224,main,9896,172569540;229278790,MIT License,1481
open-telemetry,community,Python,1096,1343,main,4111,53902072,Apache License 2.0,1482
raullenchai,Rapid-MLX,Python,3390,1308,main,14122,238377448;327987119,Apache License 2.0,1483
Observal,Observal,Python,2250,2079,main,14847,259410918,Apache License 2.0,1484
D4Vinci,Scrapling,Python,72006,1560,main,250,122355586,BSD 3-Clause New or Revised License,1485
flagos-ai,FlagGems,Python,1062,3060,master,35420,228330098;234197605;234507090;258960792;267559171;273163919;280916135;280916138;186446013,Apache License 2.0,1486
ksenxx,kiss_ai,Python,537,3714,main,124,255435451,Other,1487
dimensionalOS,dimos,Python,3822,1027,main,26444,235882126;257209526;269645871;269657052,Other,1488
djangopackages,djangopackages,Python,947,5187,main,472,11783667,Other,1489
pwndbg,pwndbg,Python,10719,3097,dev,3513,220880496;292575615;2210922,MIT License,1490
nicotine-plus,nicotine-plus,Python,3022,12624,master,1519,133569859;1389699,GNU General Public License v3.0,1491
google,bumble,Python,536,1740,main,505,158437840;26294676,Apache License 2.0,1492
hacs,integration,Python,7586,2592,main,4741,1784097;26819903,MIT License,1493
vyperlang,vyper,Python,5176,6201,master,5475,14474240;57093088;21436,Other,1494
rafatosta,zapzap,Python,1352,2356,main,339,303600220;304200016;221635282;318993246;303600221;303730297;301750208;303600222,GNU General Public License v3.0,1495
rommapp,romm,Python,11824,11067,master,5847,320794928;65186713,GNU Affero General Public License v3.0,1496
talonhub,community,Python,871,2268,main,452,24722717,MIT License,1497
